case,block,class,grains,n3_dsp_us,n2_dsp_us,n1_dsp_us,n_dsp_us,n3_slack_us,n2_slack_us,n1_slack_us,n1_positive_slack_us,n2_n1_positive_slack_us,n3_n2_n1_positive_slack_us,fits_800_n1,fits_800_n2_n1,fits_1000_n3_n2_n1,grain_0_lead_samples_rounded,grain_1_lead_samples_rounded,grain_2_lead_samples_rounded,grain_3_lead_samples_rounded
a_ref_vocal_fullfx,185,MC+3+,3,398,449,464,2461,1053.247,1002.247,987.247,987.247,1989.494,3042.741,1,1,1,-52,89,231,-2147483648
a_ref_vocal_fullfx,231,MC+1,1,745,856,766,1320,706.247,595.247,685.247,685.247,1280.494,1986.741,0,1,1,248,-2147483648,-2147483648,-2147483648
a_ref_vocal_fullfx,282,MC+1,1,761,878,794,981,690.247,573.247,657.247,657.247,1230.494,1920.741,0,1,1,253,-2147483648,-2147483648,-2147483648
a_ref_vocal_fullfx,335,MC+1,1,794,827,767,977,657.247,624.247,684.247,684.247,1308.494,1965.741,0,1,1,243,-2147483648,-2147483648,-2147483648
a_ref_vocal_fullfx,384,MC+1,1,815,920,894,994,636.247,531.247,557.247,557.247,1088.494,1724.741,0,1,1,228,-2147483648,-2147483648,-2147483648
a_ref_vocal_fullfx,433,MC+1,1,705,605,664,936,746.247,846.247,787.247,787.247,1633.494,2379.741,0,1,1,217,-2147483648,-2147483648,-2147483648
a_ref_vocal_fullfx,481,MC+1,1,679,742,725,890,772.247,709.247,726.247,726.247,1435.494,2207.741,0,1,1,261,-2147483648,-2147483648,-2147483648
a_ref_vocal_fullfx,535,MC+1,1,663,800,667,871,788.247,651.247,784.247,784.247,1435.494,2223.741,0,1,1,247,-2147483648,-2147483648,-2147483648
a_ref_vocal_fullfx,707,MC+3+,3,535,583,557,2577,916.247,868.247,894.247,894.247,1762.494,2678.741,1,1,1,-107,26,160,-2147483648
a_ref_vocal_fullfx,720,MC+1,1,805,961,753,1081,646.247,490.247,698.247,698.247,1188.494,1834.741,0,1,1,263,-2147483648,-2147483648,-2147483648
a_ref_vocal_fullfx,769,MC+1,1,774,958,792,1103,677.247,493.247,659.247,659.247,1152.494,1829.741,0,1,1,211,-2147483648,-2147483648,-2147483648
a_ref_vocal_fullfx,817,MC+1,1,669,924,677,896,782.247,527.247,774.247,774.247,1301.494,2083.741,0,1,1,265,-2147483648,-2147483648,-2147483648
a_ref_vocal_fullfx,875,MC+3+,3,450,463,446,2290,1001.247,988.247,1005.247,1005.247,1993.494,2994.741,1,1,1,-59,75,210,-2147483648
a_ref_vocal_fullfx,925,MC+1,1,851,1228,845,1217,600.247,223.247,606.247,606.247,829.494,1429.741,0,1,1,235,-2147483648,-2147483648,-2147483648
a_ref_vocal_fullfx,974,MC+1,1,798,1030,838,1123,653.247,421.247,613.247,613.247,1034.494,1687.741,0,1,1,213,-2147483648,-2147483648,-2147483648
a_ref_vocal_fullfx,1020,MC+1,1,851,865,836,1012,600.247,586.247,615.247,615.247,1201.494,1801.741,0,1,1,237,-2147483648,-2147483648,-2147483648
a_ref_vocal_fullfx,1070,MC+1,1,1066,1053,924,1189,385.247,398.247,527.247,527.247,925.494,1310.741,0,1,1,247,-2147483648,-2147483648,-2147483648
a_ref_vocal_fullfx,1116,MC+1,1,824,945,866,1062,627.247,506.247,585.247,585.247,1091.494,1718.741,0,1,1,223,-2147483648,-2147483648,-2147483648
a_ref_vocal_fullfx,1164,MC+1,1,627,661,771,1022,824.247,790.247,680.247,680.247,1470.494,2294.741,0,1,1,176,-2147483648,-2147483648,-2147483648
a_ref_vocal_fullfx,1194,MC+3+,3,633,402,445,2024,818.247,1049.247,1006.247,1006.247,2055.494,2873.741,1,1,1,-98,47,193,-2147483648
a_ref_vocal_fullfx,1289,MC+3+,3,576,548,562,2497,875.247,903.247,889.247,889.247,1792.494,2667.741,1,1,1,-133,23,178,-2147483648
a_ref_vocal_fullfx,1297,MC+1,1,850,908,959,1104,601.247,543.247,492.247,492.247,1035.494,1636.741,0,1,1,293,-2147483648,-2147483648,-2147483648
a_ref_vocal_fullfx,1345,MC+1,1,865,826,758,1065,586.247,625.247,693.247,693.247,1318.494,1904.741,0,1,1,239,-2147483648,-2147483648,-2147483648
a_ref_vocal_fullfx,1393,MC+1,1,1164,927,797,1092,287.247,524.247,654.247,654.247,1178.494,1465.741,0,1,1,221,-2147483648,-2147483648,-2147483648
a_ref_vocal_fullfx,1442,MC+1,1,826,973,878,1142,625.247,478.247,573.247,573.247,1051.494,1676.741,0,1,1,230,-2147483648,-2147483648,-2147483648
a_ref_vocal_fullfx,1488,MC+1,1,801,858,821,1101,650.247,593.247,630.247,630.247,1223.494,1873.741,0,1,1,276,-2147483648,-2147483648,-2147483648
a_ref_vocal_fullfx,1537,MC+1,1,807,1127,854,1235,644.247,324.247,597.247,597.247,921.494,1565.741,0,1,1,264,-2147483648,-2147483648,-2147483648
a_ref_vocal_fullfx,1584,MC+1,1,1238,911,969,1152,213.247,540.247,482.247,482.247,1022.494,1235.741,0,1,1,216,-2147483648,-2147483648,-2147483648
a_ref_vocal_fullfx,1635,MC+1,1,1172,830,758,1208,279.247,621.247,693.247,693.247,1314.494,1593.741,0,1,1,223,-2147483648,-2147483648,-2147483648
a_ref_vocal_fullfx,1681,MC+1,1,816,1088,920,1092,635.247,363.247,531.247,531.247,894.494,1529.741,0,1,1,250,-2147483648,-2147483648,-2147483648
a_ref_vocal_fullfx,1729,MC+1,1,679,743,674,947,772.247,708.247,777.247,777.247,1485.494,2257.741,0,1,1,271,-2147483648,-2147483648,-2147483648
a_ref_vocal_fullfx,1776,MC+1,1,737,750,725,895,714.247,701.247,726.247,726.247,1427.494,2141.741,0,1,1,259,-2147483648,-2147483648,-2147483648
a_ref_vocal_fullfx,1825,MC+1,1,819,1087,799,1075,632.247,364.247,652.247,652.247,1016.494,1648.741,0,1,1,255,-2147483648,-2147483648,-2147483648
a_ref_vocal_fullfx,1874,MC+1,1,839,895,782,1160,612.247,556.247,669.247,669.247,1225.494,1837.741,0,1,1,223,-2147483648,-2147483648,-2147483648
a_ref_vocal_fullfx,1920,MC+1,1,803,921,807,1056,648.247,530.247,644.247,644.247,1174.494,1822.741,0,1,1,263,-2147483648,-2147483648,-2147483648
a_ref_vocal_fullfx,1969,MC+1,1,806,1112,775,1079,645.247,339.247,676.247,676.247,1015.494,1660.741,0,1,1,228,-2147483648,-2147483648,-2147483648
a_ref_vocal_fullfx,2020,MC+1,1,773,1102,769,1027,678.247,349.247,682.247,682.247,1031.494,1709.741,0,1,1,237,-2147483648,-2147483648,-2147483648
a_ref_vocal_fullfx,2064,MC+1,1,737,720,704,890,714.247,731.247,747.247,747.247,1478.494,2192.741,0,1,1,250,-2147483648,-2147483648,-2147483648
a_ref_vocal_fullfx,2117,MC+1,1,632,715,669,837,819.247,736.247,782.247,782.247,1518.494,2337.741,0,1,1,268,-2147483648,-2147483648,-2147483648
a_ref_vocal_fullfx,2166,MC+1,1,675,801,766,926,776.247,650.247,685.247,685.247,1335.494,2111.741,0,1,1,234,-2147483648,-2147483648,-2147483648
a_ref_vocal_fullfx,3479,MC+3+,3,510,528,521,2587,941.247,923.247,930.247,930.247,1853.494,2794.741,1,1,1,-45,76,196,-2147483648
a_ref_vocal_fullfx,3516,MC+1,1,792,826,810,957,659.247,625.247,641.247,641.247,1266.494,1925.741,0,1,1,220,-2147483648,-2147483648,-2147483648
a_ref_vocal_fullfx,3564,MC+1,1,939,840,856,1096,512.247,611.247,595.247,595.247,1206.494,1718.741,0,1,1,230,-2147483648,-2147483648,-2147483648
a_ref_vocal_fullfx,3612,MC+1,1,857,835,941,1001,594.247,616.247,510.247,510.247,1126.494,1720.741,0,1,1,226,-2147483648,-2147483648,-2147483648
a_ref_vocal_fullfx,3662,MC+1,1,938,866,827,1152,513.247,585.247,624.247,624.247,1209.494,1722.741,0,1,1,192,-2147483648,-2147483648,-2147483648
a_ref_vocal_fullfx,3707,MC+1,1,1101,825,880,1092,350.247,626.247,571.247,571.247,1197.494,1547.741,0,1,1,217,-2147483648,-2147483648,-2147483648
a_ref_vocal_fullfx,3756,MC+1,1,801,894,947,1208,650.247,557.247,504.247,504.247,1061.494,1711.741,0,1,1,163,-2147483648,-2147483648,-2147483648
a_ref_vocal_fullfx,3804,MC+1,1,653,702,633,837,798.247,749.247,818.247,818.247,1567.494,2365.741,1,1,1,158,-2147483648,-2147483648,-2147483648
a_ref_vocal_fullfx,3853,MC+1,1,784,731,632,904,667.247,720.247,819.247,819.247,1539.494,2206.741,1,1,1,191,-2147483648,-2147483648,-2147483648
a_ref_vocal_fullfx,6605,MC+3+,3,431,420,426,2538,1020.247,1031.247,1025.247,1025.247,2056.494,3076.741,1,1,1,-120,157,433,-2147483648
a_ref_vocal_fullfx,6609,MC+1,1,932,652,688,1253,519.247,799.247,763.247,763.247,1562.494,2081.741,0,1,1,454,-2147483648,-2147483648,-2147483648
a_ref_vocal_fullfx,6660,MC+1,1,831,789,804,1101,620.247,662.247,647.247,647.247,1309.494,1929.741,0,1,1,416,-2147483648,-2147483648,-2147483648
a_ref_vocal_fullfx,6713,MC+1,1,799,1207,822,943,652.247,244.247,629.247,629.247,873.494,1525.741,0,1,1,255,-2147483648,-2147483648,-2147483648
a_ref_vocal_fullfx,6954,MC+3+,3,780,530,623,2454,671.247,921.247,828.247,828.247,1749.494,2420.741,1,1,1,-89,30,150,-2147483648
a_ref_vocal_fullfx,6981,MC+1,1,744,830,775,979,707.247,621.247,676.247,676.247,1297.494,2004.741,0,1,1,219,-2147483648,-2147483648,-2147483648
a_ref_vocal_fullfx,7026,MC+1,1,802,895,834,1038,649.247,556.247,617.247,617.247,1173.494,1822.741,0,1,1,198,-2147483648,-2147483648,-2147483648
a_ref_vocal_fullfx,7074,MC+1,1,771,827,863,1068,680.247,624.247,588.247,588.247,1212.494,1892.741,0,1,1,184,-2147483648,-2147483648,-2147483648
a_ref_vocal_fullfx,7122,MC+1,1,870,831,784,1079,581.247,620.247,667.247,667.247,1287.494,1868.741,0,1,1,189,-2147483648,-2147483648,-2147483648
a_ref_vocal_fullfx,7171,MC+1,1,880,900,783,1041,571.247,551.247,668.247,668.247,1219.494,1790.741,0,1,1,160,-2147483648,-2147483648,-2147483648
a_ref_vocal_fullfx,7218,MC+1,1,936,800,1098,1053,515.247,651.247,353.247,353.247,1004.494,1519.741,0,1,1,213,-2147483648,-2147483648,-2147483648
a_ref_vocal_fullfx,7267,MC+1,1,802,930,764,1093,649.247,521.247,687.247,687.247,1208.494,1857.741,0,1,1,165,-2147483648,-2147483648,-2147483648
a_ref_vocal_fullfx,7313,MC+1,1,856,869,801,1174,595.247,582.247,650.247,650.247,1232.494,1827.741,0,1,1,200,-2147483648,-2147483648,-2147483648
a_ref_vocal_fullfx,7363,MC+1,1,858,868,791,1051,593.247,583.247,660.247,660.247,1243.494,1836.741,0,1,1,189,-2147483648,-2147483648,-2147483648
a_ref_vocal_fullfx,7409,MC+1,1,805,852,808,1118,646.247,599.247,643.247,643.247,1242.494,1888.741,0,1,1,200,-2147483648,-2147483648,-2147483648
a_ref_vocal_fullfx,7460,MC+1,1,940,913,858,1114,511.247,538.247,593.247,593.247,1131.494,1642.741,0,1,1,210,-2147483648,-2147483648,-2147483648
a_ref_vocal_fullfx,7506,MC+1,1,796,914,937,1000,655.247,537.247,514.247,514.247,1051.494,1706.741,0,1,1,205,-2147483648,-2147483648,-2147483648
a_ref_vocal_fullfx,7553,MC+1,1,802,909,770,1050,649.247,542.247,681.247,681.247,1223.494,1872.741,0,1,1,194,-2147483648,-2147483648,-2147483648
a_ref_vocal_fullfx,7604,MC+1,1,780,1030,768,1100,671.247,421.247,683.247,683.247,1104.494,1775.741,0,1,1,213,-2147483648,-2147483648,-2147483648
a_ref_vocal_fullfx,7650,MC+1,1,780,942,969,1046,671.247,509.247,482.247,482.247,991.494,1662.741,0,1,1,207,-2147483648,-2147483648,-2147483648
a_ref_vocal_fullfx,7704,MC+1,1,816,884,909,1059,635.247,567.247,542.247,542.247,1109.494,1744.741,0,1,1,219,-2147483648,-2147483648,-2147483648
a_ref_vocal_fullfx,7754,MC+1,1,659,736,648,943,792.247,715.247,803.247,803.247,1518.494,2310.741,1,1,1,213,-2147483648,-2147483648,-2147483648
a_ref_vocal_fullfx,7800,MC+1,1,642,754,596,839,809.247,697.247,855.247,855.247,1552.494,2361.741,1,1,1,212,-2147483648,-2147483648,-2147483648
a_ref_vocal_fullfx,8010,MC+3+,3,574,549,530,2433,877.247,902.247,921.247,921.247,1823.494,2700.741,1,1,1,-113,9,131,-2147483648
a_ref_vocal_fullfx,8053,MC+1,1,818,880,935,1071,633.247,571.247,516.247,516.247,1087.494,1720.741,0,1,1,183,-2147483648,-2147483648,-2147483648
a_ref_vocal_fullfx,8100,MC+1,1,816,813,842,1074,635.247,638.247,609.247,609.247,1247.494,1882.741,0,1,1,210,-2147483648,-2147483648,-2147483648
a_ref_vocal_fullfx,8149,MC+1,1,837,867,754,1089,614.247,584.247,697.247,697.247,1281.494,1895.741,0,1,1,232,-2147483648,-2147483648,-2147483648
a_ref_vocal_fullfx,8299,MC+3+,3,549,728,524,2528,902.247,723.247,927.247,927.247,1650.494,2552.741,1,1,1,-129,29,188,-2147483648
a_ref_vocal_fullfx,8352,MC+1,1,741,989,762,1158,710.247,462.247,689.247,689.247,1151.494,1861.741,0,1,1,297,-2147483648,-2147483648,-2147483648
a_ref_vocal_fullfx,8400,MC+1,1,815,890,820,1017,636.247,561.247,631.247,631.247,1192.494,1828.741,0,1,1,280,-2147483648,-2147483648,-2147483648
a_ref_vocal_fullfx,8450,MC+1,1,1039,910,796,1061,412.247,541.247,655.247,655.247,1196.494,1608.741,0,1,1,229,-2147483648,-2147483648,-2147483648
a_ref_vocal_fullfx,8496,MC+1,1,778,967,781,986,673.247,484.247,670.247,670.247,1154.494,1827.741,0,1,1,264,-2147483648,-2147483648,-2147483648
a_ref_vocal_fullfx,8543,MC+1,1,781,1153,810,1056,670.247,298.247,641.247,641.247,939.494,1609.741,0,1,1,242,-2147483648,-2147483648,-2147483648
a_ref_vocal_fullfx,8592,MC+1,1,786,994,857,1078,665.247,457.247,594.247,594.247,1051.494,1716.741,0,1,1,239,-2147483648,-2147483648,-2147483648
a_ref_vocal_fullfx,8641,MC+1,1,894,778,759,1070,557.247,673.247,692.247,692.247,1365.494,1922.741,0,1,1,222,-2147483648,-2147483648,-2147483648
a_ref_vocal_fullfx,8687,MC+1,1,794,1009,813,1013,657.247,442.247,638.247,638.247,1080.494,1737.741,0,1,1,236,-2147483648,-2147483648,-2147483648
a_ref_vocal_fullfx,8738,MC+1,1,949,871,789,1150,502.247,580.247,662.247,662.247,1242.494,1744.741,0,1,1,242,-2147483648,-2147483648,-2147483648
a_ref_vocal_fullfx,8785,MC+1,1,817,797,776,1100,634.247,654.247,675.247,675.247,1329.494,1963.741,0,1,1,228,-2147483648,-2147483648,-2147483648
a_ref_vocal_fullfx,8833,MC+1,1,799,880,943,1033,652.247,571.247,508.247,508.247,1079.494,1731.741,0,1,1,247,-2147483648,-2147483648,-2147483648
a_ref_vocal_fullfx,8880,MC+1,1,796,859,908,1168,655.247,592.247,543.247,543.247,1135.494,1790.741,0,1,1,262,-2147483648,-2147483648,-2147483648
a_ref_vocal_fullfx,8929,MC+1,1,731,730,617,978,720.247,721.247,834.247,834.247,1555.494,2275.741,1,1,1,227,-2147483648,-2147483648,-2147483648
a_ref_vocal_fullfx,8993,MC+3+,3,590,555,539,2409,861.247,896.247,912.247,912.247,1808.494,2669.741,1,1,1,-11,94,200,-2147483648
a_ref_vocal_fullfx,9031,MC+1,1,1011,905,884,1150,440.247,546.247,567.247,567.247,1113.494,1553.741,0,1,1,197,-2147483648,-2147483648,-2147483648
a_ref_vocal_fullfx,9080,MC+1,1,806,836,823,1142,645.247,615.247,628.247,628.247,1243.494,1888.741,0,1,1,164,-2147483648,-2147483648,-2147483648
a_ref_vocal_fullfx,9129,MC+1,1,778,1068,847,1152,673.247,383.247,604.247,604.247,987.494,1660.741,0,1,1,186,-2147483648,-2147483648,-2147483648
a_ref_vocal_fullfx,9173,MC+1,1,784,1070,791,1074,667.247,381.247,660.247,660.247,1041.494,1708.741,0,1,1,210,-2147483648,-2147483648,-2147483648
a_ref_vocal_fullfx,9224,MC+1,1,757,1010,856,1088,694.247,441.247,595.247,595.247,1036.494,1730.741,0,1,1,245,-2147483648,-2147483648,-2147483648
a_ref_vocal_fullfx,9271,MC+1,1,719,876,710,987,732.247,575.247,741.247,741.247,1316.494,2048.741,0,1,1,219,-2147483648,-2147483648,-2147483648
a_ref_vocal_fullfx,9320,MC+1,1,639,684,804,938,812.247,767.247,647.247,647.247,1414.494,2226.741,0,1,1,281,-2147483648,-2147483648,-2147483648
a_ref_vocal_fullfx,9702,MC+3+,3,523,573,529,2499,928.247,878.247,922.247,922.247,1800.494,2728.741,1,1,1,-50,60,171,-2147483648
a_ref_vocal_fullfx,9760,MC+1,1,831,952,772,1116,620.247,499.247,679.247,679.247,1178.494,1798.741,0,1,1,219,-2147483648,-2147483648,-2147483648
a_ref_vocal_fullfx,9805,MC+1,1,788,1099,806,1049,663.247,352.247,645.247,645.247,997.494,1660.741,0,1,1,165,-2147483648,-2147483648,-2147483648
a_ref_vocal_fullfx,9854,MC+1,1,772,936,770,1034,679.247,515.247,681.247,681.247,1196.494,1875.741,0,1,1,174,-2147483648,-2147483648,-2147483648
a_ref_vocal_fullfx,9900,MC+1,1,687,715,689,915,764.247,736.247,762.247,762.247,1498.494,2262.741,0,1,1,203,-2147483648,-2147483648,-2147483648
a_ref_vocal_fullfx,9983,MC+3+,3,549,597,559,2430,902.247,854.247,892.247,892.247,1746.494,2648.741,1,1,1,-145,6,157,-2147483648
a_ref_vocal_fullfx,10020,MC+1,1,927,769,807,1034,524.247,682.247,644.247,644.247,1326.494,1850.741,0,1,1,252,-2147483648,-2147483648,-2147483648
a_ref_vocal_fullfx,10069,MC+1,1,766,999,792,1104,685.247,452.247,659.247,659.247,1111.494,1796.741,0,1,1,279,-2147483648,-2147483648,-2147483648
a_ref_vocal_fullfx,10116,MC+1,1,919,799,808,1043,532.247,652.247,643.247,643.247,1295.494,1827.741,0,1,1,222,-2147483648,-2147483648,-2147483648
a_ref_vocal_fullfx,10165,MC+1,1,895,854,752,1191,556.247,597.247,699.247,699.247,1296.494,1852.741,0,1,1,213,-2147483648,-2147483648,-2147483648
a_ref_vocal_fullfx,10213,MC+1,1,778,852,819,1063,673.247,599.247,632.247,632.247,1231.494,1904.741,0,1,1,258,-2147483648,-2147483648,-2147483648
a_ref_vocal_fullfx,10260,MC+1,1,786,1066,788,1051,665.247,385.247,663.247,663.247,1048.494,1713.741,0,1,1,245,-2147483648,-2147483648,-2147483648
a_ref_vocal_fullfx,10310,MC+1,1,820,879,818,1094,631.247,572.247,633.247,633.247,1205.494,1836.741,0,1,1,264,-2147483648,-2147483648,-2147483648
a_ref_vocal_fullfx,10364,MC+1,1,767,755,646,1021,684.247,696.247,805.247,805.247,1501.494,2185.741,1,1,1,223,-2147483648,-2147483648,-2147483648
a_ref_vocal_fullfx,10519,MC+3+,3,535,734,532,2461,916.247,717.247,919.247,919.247,1636.494,2552.741,1,1,1,-129,5,139,-2147483648
a_ref_vocal_fullfx,10543,MC+1,1,780,841,863,971,671.247,610.247,588.247,588.247,1198.494,1869.741,0,1,1,234,-2147483648,-2147483648,-2147483648
a_ref_vocal_fullfx,10591,MC+1,1,766,943,788,1011,685.247,508.247,663.247,663.247,1171.494,1856.741,0,1,1,234,-2147483648,-2147483648,-2147483648
a_ref_vocal_fullfx,10650,MC+1,1,797,780,757,1086,654.247,671.247,694.247,694.247,1365.494,2019.741,0,1,1,239,-2147483648,-2147483648,-2147483648
a_ref_vocal_fullfx,10698,MC+1,1,768,853,805,1057,683.247,598.247,646.247,646.247,1244.494,1927.741,0,1,1,275,-2147483648,-2147483648,-2147483648
a_ref_vocal_fullfx,10747,MC+1,1,677,849,629,900,774.247,602.247,822.247,822.247,1424.494,2198.741,1,1,1,252,-2147483648,-2147483648,-2147483648
a_ref_vocal_fullfx,10808,MC+3+,3,881,501,561,2403,570.247,950.247,890.247,890.247,1840.494,2410.741,1,1,1,-19,108,234,-2147483648
a_ref_vocal_fullfx,10861,MC+1,1,824,909,752,937,627.247,542.247,699.247,699.247,1241.494,1868.741,0,1,1,251,-2147483648,-2147483648,-2147483648
a_ref_vocal_fullfx,10911,MC+1,1,795,965,771,1071,656.247,486.247,680.247,680.247,1166.494,1822.741,0,1,1,267,-2147483648,-2147483648,-2147483648
a_ref_vocal_fullfx,10956,MC+1,1,887,1107,785,1048,564.247,344.247,666.247,666.247,1010.494,1574.741,0,1,1,250,-2147483648,-2147483648,-2147483648
a_ref_vocal_fullfx,11003,MC+1,1,788,1069,818,1117,663.247,382.247,633.247,633.247,1015.494,1678.741,0,1,1,256,-2147483648,-2147483648,-2147483648
a_ref_vocal_fullfx,11052,MC+1,1,794,965,777,1137,657.247,486.247,674.247,674.247,1160.494,1817.741,0,1,1,238,-2147483648,-2147483648,-2147483648
a_ref_vocal_fullfx,11100,MC+1,1,877,816,784,1043,574.247,635.247,667.247,667.247,1302.494,1876.741,0,1,1,243,-2147483648,-2147483648,-2147483648
a_ref_vocal_fullfx,11149,MC+1,1,868,870,700,1053,583.247,581.247,751.247,751.247,1332.494,1915.741,0,1,1,244,-2147483648,-2147483648,-2147483648
a_ref_vocal_fullfx,11198,MC+1,1,998,631,621,892,453.247,820.247,830.247,830.247,1650.494,2103.741,1,1,1,247,-2147483648,-2147483648,-2147483648
a_ref_vocal_fullfx,11327,MC+3+,3,394,415,381,2293,1057.247,1036.247,1070.247,1070.247,2106.494,3163.741,1,1,1,-125,52,230,-2147483648
a_ref_vocal_fullfx,11365,MC+1,1,994,885,690,984,457.247,566.247,761.247,761.247,1327.494,1784.741,0,1,1,308,-2147483648,-2147483648,-2147483648
a_ref_vocal_fullfx,11413,MC+1,1,825,617,766,891,626.247,834.247,685.247,685.247,1519.494,2145.741,0,1,1,287,-2147483648,-2147483648,-2147483648
a_ref_vocal_fullfx,11469,MC+1,1,714,602,687,902,737.247,849.247,764.247,764.247,1613.494,2350.741,0,1,1,270,-2147483648,-2147483648,-2147483648
a_ref_vocal_fullfx,11522,MC+1,1,831,685,675,862,620.247,766.247,776.247,776.247,1542.494,2162.741,0,1,1,296,-2147483648,-2147483648,-2147483648
a_ref_vocal_fullfx,11747,MC+3+,3,517,522,533,2572,934.247,929.247,918.247,918.247,1847.494,2781.741,1,1,1,-87,52,192,-2147483648
a_ref_vocal_fullfx,11761,MC+1,1,765,921,784,1062,686.247,530.247,667.247,667.247,1197.494,1883.741,0,1,1,272,-2147483648,-2147483648,-2147483648
a_ref_vocal_fullfx,11808,MC+1,1,764,946,919,1046,687.247,505.247,532.247,532.247,1037.494,1724.741,0,1,1,235,-2147483648,-2147483648,-2147483648
a_ref_vocal_fullfx,11863,MC+1,1,820,865,858,982,631.247,586.247,593.247,593.247,1179.494,1810.741,0,1,1,276,-2147483648,-2147483648,-2147483648
a_ref_vocal_fullfx,11910,MC+1,1,780,896,900,1161,671.247,555.247,551.247,551.247,1106.494,1777.741,0,1,1,253,-2147483648,-2147483648,-2147483648
a_ref_vocal_fullfx,11957,MC+1,1,795,922,895,1078,656.247,529.247,556.247,556.247,1085.494,1741.741,0,1,1,237,-2147483648,-2147483648,-2147483648
a_ref_vocal_fullfx,12005,MC+1,1,775,851,762,978,676.247,600.247,689.247,689.247,1289.494,1965.741,0,1,1,267,-2147483648,-2147483648,-2147483648
a_ref_vocal_fullfx,12054,MC+1,1,827,913,996,1038,624.247,538.247,455.247,455.247,993.494,1617.741,0,1,1,238,-2147483648,-2147483648,-2147483648
a_ref_vocal_fullfx,12103,MC+1,1,798,926,810,1098,653.247,525.247,641.247,641.247,1166.494,1819.741,0,1,1,231,-2147483648,-2147483648,-2147483648
a_ref_vocal_fullfx,12149,MC+1,1,782,879,794,987,669.247,572.247,657.247,657.247,1229.494,1898.741,0,1,1,261,-2147483648,-2147483648,-2147483648
a_ref_vocal_fullfx,12199,MC+1,1,774,972,742,1274,677.247,479.247,709.247,709.247,1188.494,1865.741,0,1,1,269,-2147483648,-2147483648,-2147483648
a_ref_vocal_fullfx,12246,MC+1,1,802,935,752,893,649.247,516.247,699.247,699.247,1215.494,1864.741,0,1,1,240,-2147483648,-2147483648,-2147483648
a_ref_vocal_fullfx,12450,MC+3+,3,525,543,581,2496,926.247,908.247,870.247,870.247,1778.494,2704.741,1,1,1,-112,8,128,-2147483648
a_ref_vocal_fullfx,12464,MC+1,1,777,1198,853,1040,674.247,253.247,598.247,598.247,851.494,1525.741,0,1,1,195,-2147483648,-2147483648,-2147483648
a_ref_vocal_fullfx,12512,MC+1,1,898,796,720,1030,553.247,655.247,731.247,731.247,1386.494,1939.741,0,1,1,220,-2147483648,-2147483648,-2147483648
a_ref_vocal_fullfx,12557,MC+1,1,770,833,777,1022,681.247,618.247,674.247,674.247,1292.494,1973.741,0,1,1,180,-2147483648,-2147483648,-2147483648
a_ref_vocal_fullfx,12606,MC+1,1,787,879,924,1026,664.247,572.247,527.247,527.247,1099.494,1763.741,0,1,1,164,-2147483648,-2147483648,-2147483648
a_ref_vocal_fullfx,12654,MC+1,1,845,779,1009,993,606.247,672.247,442.247,442.247,1114.494,1720.741,0,1,1,203,-2147483648,-2147483648,-2147483648
a_ref_vocal_fullfx,12702,MC+1,1,844,767,860,1086,607.247,684.247,591.247,591.247,1275.494,1882.741,0,1,1,208,-2147483648,-2147483648,-2147483648
a_ref_vocal_fullfx,12750,MC+1,1,858,852,800,1012,593.247,599.247,651.247,651.247,1250.494,1843.741,0,1,1,197,-2147483648,-2147483648,-2147483648
a_ref_vocal_fullfx,12798,MC+1,1,834,802,993,973,617.247,649.247,458.247,458.247,1107.494,1724.741,0,1,1,203,-2147483648,-2147483648,-2147483648
a_ref_vocal_fullfx,12846,MC+1,1,879,815,925,996,572.247,636.247,526.247,526.247,1162.494,1734.741,0,1,1,209,-2147483648,-2147483648,-2147483648
a_ref_vocal_fullfx,12893,MC+1,1,759,820,786,1094,692.247,631.247,665.247,665.247,1296.494,1988.741,0,1,1,182,-2147483648,-2147483648,-2147483648
a_ref_vocal_fullfx,12943,MC+1,1,911,880,831,1028,540.247,571.247,620.247,620.247,1191.494,1731.741,0,1,1,190,-2147483648,-2147483648,-2147483648
a_ref_vocal_fullfx,12990,MC+1,1,855,819,812,1079,596.247,632.247,639.247,639.247,1271.494,1867.741,0,1,1,172,-2147483648,-2147483648,-2147483648
a_ref_vocal_fullfx,13040,MC+1,1,885,826,871,1076,566.247,625.247,580.247,580.247,1205.494,1771.741,0,1,1,199,-2147483648,-2147483648,-2147483648
a_ref_vocal_fullfx,13089,MC+1,1,783,907,920,1103,668.247,544.247,531.247,531.247,1075.494,1743.741,0,1,1,190,-2147483648,-2147483648,-2147483648
a_ref_vocal_fullfx,13133,MC+1,1,780,1135,864,1073,671.247,316.247,587.247,587.247,903.494,1574.741,0,1,1,241,-2147483648,-2147483648,-2147483648
a_ref_vocal_fullfx,13184,MC+1,1,628,880,679,948,823.247,571.247,772.247,772.247,1343.494,2166.741,0,1,1,253,-2147483648,-2147483648,-2147483648
a_ref_vocal_fullfx,13621,MC+3+,3,521,534,526,2531,930.247,917.247,925.247,925.247,1842.494,2772.741,1,1,1,-27,123,273,-2147483648
a_ref_vocal_fullfx,13657,MC+1,1,863,837,755,1153,588.247,614.247,696.247,696.247,1310.494,1898.741,0,1,1,251,-2147483648,-2147483648,-2147483648
a_ref_vocal_fullfx,13705,MC+1,1,738,855,739,874,713.247,596.247,712.247,712.247,1308.494,2021.741,0,1,1,273,-2147483648,-2147483648,-2147483648
a_ref_vocal_fullfx,13754,MC+1,1,761,914,762,1085,690.247,537.247,689.247,689.247,1226.494,1916.741,0,1,1,255,-2147483648,-2147483648,-2147483648
a_ref_vocal_fullfx,13805,MC+1,1,754,835,774,1018,697.247,616.247,677.247,677.247,1293.494,1990.741,0,1,1,256,-2147483648,-2147483648,-2147483648
a_ref_vocal_fullfx,13854,MC+1,1,831,1302,973,994,620.247,149.247,478.247,478.247,627.494,1247.741,0,0,1,238,-2147483648,-2147483648,-2147483648
a_ref_vocal_fullfx,13903,MC+1,1,774,880,817,1044,677.247,571.247,634.247,634.247,1205.494,1882.741,0,1,1,231,-2147483648,-2147483648,-2147483648
a_ref_vocal_fullfx,13952,MC+1,1,900,767,816,1057,551.247,684.247,635.247,635.247,1319.494,1870.741,0,1,1,214,-2147483648,-2147483648,-2147483648
a_ref_vocal_fullfx,13998,MC+1,1,769,887,814,1137,682.247,564.247,637.247,637.247,1201.494,1883.741,0,1,1,238,-2147483648,-2147483648,-2147483648
a_ref_vocal_fullfx,14049,MC+1,1,802,908,796,1094,649.247,543.247,655.247,655.247,1198.494,1847.741,0,1,1,227,-2147483648,-2147483648,-2147483648
a_ref_vocal_fullfx,14095,MC+1,1,796,1108,803,1071,655.247,343.247,648.247,648.247,991.494,1646.741,0,1,1,265,-2147483648,-2147483648,-2147483648
a_ref_vocal_fullfx,14144,MC+1,1,781,947,772,1080,670.247,504.247,679.247,679.247,1183.494,1853.741,0,1,1,249,-2147483648,-2147483648,-2147483648
a_ref_vocal_fullfx,14197,MC+1,1,939,834,764,1120,512.247,617.247,687.247,687.247,1304.494,1816.741,0,1,1,217,-2147483648,-2147483648,-2147483648
a_ref_vocal_fullfx,14245,MC+1,1,939,806,787,1116,512.247,645.247,664.247,664.247,1309.494,1821.741,0,1,1,220,-2147483648,-2147483648,-2147483648
a_ref_vocal_fullfx,14293,MC+1,1,828,906,832,1020,623.247,545.247,619.247,619.247,1164.494,1787.741,0,1,1,256,-2147483648,-2147483648,-2147483648
a_ref_vocal_fullfx,14347,MC+1,1,864,798,767,1115,587.247,653.247,684.247,684.247,1337.494,1924.741,0,1,1,224,-2147483648,-2147483648,-2147483648
a_ref_vocal_fullfx,14393,MC+1,1,853,799,757,1044,598.247,652.247,694.247,694.247,1346.494,1944.741,0,1,1,212,-2147483648,-2147483648,-2147483648
a_ref_vocal_fullfx,14443,MC+1,1,769,896,821,1023,682.247,555.247,630.247,630.247,1185.494,1867.741,0,1,1,230,-2147483648,-2147483648,-2147483648
a_ref_vocal_fullfx,15059,MC+3+,3,406,376,365,2370,1045.247,1075.247,1086.247,1086.247,2161.494,3206.741,1,1,1,-165,18,200,-2147483648
a_ref_vocal_fullfx,15069,MC+1,1,850,690,597,1013,601.247,761.247,854.247,854.247,1615.494,2216.741,1,1,1,289,-2147483648,-2147483648,-2147483648
a_ref_vocal_fullfx,15123,MC+1,1,722,611,593,880,729.247,840.247,858.247,858.247,1698.494,2427.741,1,1,1,321,-2147483648,-2147483648,-2147483648
a_ref_vocal_fullfx,15174,MC+1,1,941,698,746,883,510.247,753.247,705.247,705.247,1458.494,1968.741,0,1,1,257,-2147483648,-2147483648,-2147483648
a_ref_vocal_fullfx,15225,MC+1,1,859,758,697,983,592.247,693.247,754.247,754.247,1447.494,2039.741,0,1,1,259,-2147483648,-2147483648,-2147483648
a_ref_vocal_fullfx,15272,MC+1,1,643,785,820,894,808.247,666.247,631.247,631.247,1297.494,2105.741,0,1,1,297,-2147483648,-2147483648,-2147483648
a_ref_vocal_fullfx,15320,MC+1,1,857,772,852,932,594.247,679.247,599.247,599.247,1278.494,1872.741,0,1,1,243,-2147483648,-2147483648,-2147483648
a_ref_vocal_fullfx,15366,MC+1,1,802,980,800,1072,649.247,471.247,651.247,651.247,1122.494,1771.741,0,1,1,255,-2147483648,-2147483648,-2147483648
a_ref_vocal_fullfx,15413,MC+1,1,833,970,795,1135,618.247,481.247,656.247,656.247,1137.494,1755.741,0,1,1,241,-2147483648,-2147483648,-2147483648
a_ref_vocal_fullfx,15464,MC+1,1,824,840,949,1089,627.247,611.247,502.247,502.247,1113.494,1740.741,0,1,1,203,-2147483648,-2147483648,-2147483648
a_ref_vocal_fullfx,15511,MC+1,1,841,848,778,1050,610.247,603.247,673.247,673.247,1276.494,1886.741,0,1,1,248,-2147483648,-2147483648,-2147483648
a_ref_vocal_fullfx,15559,MC+1,1,628,799,621,911,823.247,652.247,830.247,830.247,1482.494,2305.741,1,1,1,206,-2147483648,-2147483648,-2147483648
a_ref_vocal_fullfx,15609,MC+1,1,619,733,708,958,832.247,718.247,743.247,743.247,1461.494,2293.741,0,1,1,233,-2147483648,-2147483648,-2147483648
a_ref_vocal_fullfx,15655,MC+1,1,613,762,655,1010,838.247,689.247,796.247,796.247,1485.494,2323.741,0,1,1,219,-2147483648,-2147483648,-2147483648
a_ref_vocal_fullfx,15677,MC+3+,4,401,435,457,1875,1050.247,1016.247,994.247,994.247,2010.494,3060.741,1,1,1,-109,6,120,234
a_ref_vocal_fullfx,15819,MC+2,2,391,381,502,2287,1060.247,1070.247,949.247,949.247,2019.494,3079.741,1,1,1,-71,215,-2147483648,-2147483648
a_ref_vocal_fullfx,15837,MC+1,1,652,630,606,978,799.247,821.247,845.247,845.247,1666.494,2465.741,1,1,1,392,-2147483648,-2147483648,-2147483648
a_ref_vocal_fullfx,15893,MC+3+,3,524,628,532,2464,927.247,823.247,919.247,919.247,1742.494,2669.741,1,1,1,-28,89,205,-2147483648
a_ref_vocal_fullfx,15937,MC+1,1,873,1124,784,1016,578.247,327.247,667.247,667.247,994.494,1572.741,0,1,1,226,-2147483648,-2147483648,-2147483648
a_ref_vocal_fullfx,15983,MC+1,1,852,846,776,947,599.247,605.247,675.247,675.247,1280.494,1879.741,0,1,1,215,-2147483648,-2147483648,-2147483648
a_ref_vocal_fullfx,16033,MC+1,1,859,764,939,1034,592.247,687.247,512.247,512.247,1199.494,1791.741,0,1,1,206,-2147483648,-2147483648,-2147483648
a_ref_vocal_fullfx,16080,MC+1,1,826,888,901,1132,625.247,563.247,550.247,550.247,1113.494,1738.741,0,1,1,186,-2147483648,-2147483648,-2147483648
a_ref_vocal_fullfx,16129,MC+1,1,802,905,768,1129,649.247,546.247,683.247,683.247,1229.494,1878.741,0,1,1,187,-2147483648,-2147483648,-2147483648
a_ref_vocal_fullfx,16176,MC+1,1,832,942,830,980,619.247,509.247,621.247,621.247,1130.494,1749.741,0,1,1,266,-2147483648,-2147483648,-2147483648
a_ref_vocal_fullfx,16224,MC+1,1,761,932,925,1010,690.247,519.247,526.247,526.247,1045.494,1735.741,0,1,1,301,-2147483648,-2147483648,-2147483648
a_ref_vocal_fullfx,16273,MC+1,1,809,895,898,1092,642.247,556.247,553.247,553.247,1109.494,1751.741,0,1,1,262,-2147483648,-2147483648,-2147483648
a_ref_vocal_fullfx,16321,MC+1,1,763,963,774,1055,688.247,488.247,677.247,677.247,1165.494,1853.741,0,1,1,230,-2147483648,-2147483648,-2147483648
a_ref_vocal_fullfx,16370,MC+1,1,880,757,848,1057,571.247,694.247,603.247,603.247,1297.494,1868.741,0,1,1,215,-2147483648,-2147483648,-2147483648
a_ref_vocal_fullfx,16416,MC+1,1,847,1050,830,1092,604.247,401.247,621.247,621.247,1022.494,1626.741,0,1,1,251,-2147483648,-2147483648,-2147483648
a_ref_vocal_fullfx,16464,MC+1,1,838,877,889,1019,613.247,574.247,562.247,562.247,1136.494,1749.741,0,1,1,274,-2147483648,-2147483648,-2147483648
a_ref_vocal_fullfx,16513,MC+1,1,716,804,728,1076,735.247,647.247,723.247,723.247,1370.494,2105.741,0,1,1,253,-2147483648,-2147483648,-2147483648
a_ref_vocal_fullfx,16722,MC+3+,3,375,452,438,2422,1076.247,999.247,1013.247,1013.247,2012.494,3088.741,1,1,1,-20,121,262,-2147483648
a_ref_vocal_fullfx,16747,MC+1,1,887,802,740,1064,564.247,649.247,711.247,711.247,1360.494,1924.741,0,1,1,215,-2147483648,-2147483648,-2147483648
a_ref_vocal_fullfx,16793,MC+1,1,756,917,785,1045,695.247,534.247,666.247,666.247,1200.494,1895.741,0,1,1,239,-2147483648,-2147483648,-2147483648
a_ref_vocal_fullfx,16842,MC+1,1,775,914,744,1088,676.247,537.247,707.247,707.247,1244.494,1920.741,0,1,1,227,-2147483648,-2147483648,-2147483648
a_ref_vocal_fullfx,16890,MC+1,1,779,894,821,1061,672.247,557.247,630.247,630.247,1187.494,1859.741,0,1,1,256,-2147483648,-2147483648,-2147483648
a_ref_vocal_fullfx,16941,MC+1,1,689,904,711,1090,762.247,547.247,740.247,740.247,1287.494,2049.741,0,1,1,254,-2147483648,-2147483648,-2147483648
a_ref_vocal_fullfx,16986,MC+1,1,755,622,624,842,696.247,829.247,827.247,827.247,1656.494,2352.741,1,1,1,224,-2147483648,-2147483648,-2147483648
a_ref_vocal_fullfx,17034,MC+1,1,631,683,627,957,820.247,768.247,824.247,824.247,1592.494,2412.741,1,1,1,237,-2147483648,-2147483648,-2147483648
a_ref_vocal_fullfx,17084,MC+1,1,763,671,621,903,688.247,780.247,830.247,830.247,1610.494,2298.741,1,1,1,213,-2147483648,-2147483648,-2147483648
a_ref_vocal_fullfx,17243,MC+3+,3,536,620,557,2394,915.247,831.247,894.247,894.247,1725.494,2640.741,1,1,1,-11,122,256,-2147483648
a_ref_vocal_fullfx,17275,MC+1,1,798,1031,874,995,653.247,420.247,577.247,577.247,997.494,1650.741,0,1,1,214,-2147483648,-2147483648,-2147483648
a_ref_vocal_fullfx,17323,MC+1,1,768,859,918,1156,683.247,592.247,533.247,533.247,1125.494,1808.741,0,1,1,231,-2147483648,-2147483648,-2147483648
a_ref_vocal_fullfx,17413,MC+3+,3,464,450,456,2292,987.247,1001.247,995.247,995.247,1996.494,2983.741,1,1,1,-91,44,178,-2147483648
a_ref_vocal_fullfx,17423,MC+1,1,768,1013,763,1144,683.247,438.247,688.247,688.247,1126.494,1809.741,0,1,1,210,-2147483648,-2147483648,-2147483648
a_ref_vocal_fullfx,17473,MC+1,1,853,842,800,1070,598.247,609.247,651.247,651.247,1260.494,1858.741,0,1,1,237,-2147483648,-2147483648,-2147483648
a_ref_vocal_fullfx,17520,MC+1,1,765,1110,810,977,686.247,341.247,641.247,641.247,982.494,1668.741,0,1,1,214,-2147483648,-2147483648,-2147483648
a_ref_vocal_fullfx,17570,MC+1,1,785,881,803,1024,666.247,570.247,648.247,648.247,1218.494,1884.741,0,1,1,242,-2147483648,-2147483648,-2147483648
a_ref_vocal_fullfx,17616,MC+1,1,795,825,946,1024,656.247,626.247,505.247,505.247,1131.494,1787.741,0,1,1,238,-2147483648,-2147483648,-2147483648
a_ref_vocal_fullfx,17664,MC+1,1,805,938,986,1109,646.247,513.247,465.247,465.247,978.494,1624.741,0,1,1,198,-2147483648,-2147483648,-2147483648
a_ref_vocal_fullfx,17713,MC+1,1,974,646,781,857,477.247,805.247,670.247,670.247,1475.494,1952.741,0,1,1,207,-2147483648,-2147483648,-2147483648
a_ref_vocal_fullfx,17731,MC+3+,3,407,479,472,1731,1044.247,972.247,979.247,979.247,1951.494,2995.741,1,1,1,-66,79,225,-2147483648
a_ref_vocal_fullfx,17825,MC+3+,3,554,567,558,2234,897.247,884.247,893.247,893.247,1777.494,2674.741,1,1,1,-37,120,276,-2147483648
a_ref_vocal_fullfx,17845,MC+1,1,884,896,804,1188,567.247,555.247,647.247,647.247,1202.494,1769.741,0,1,1,255,-2147483648,-2147483648,-2147483648
a_ref_vocal_fullfx,17894,MC+1,1,766,852,768,993,685.247,599.247,683.247,683.247,1282.494,1967.741,0,1,1,291,-2147483648,-2147483648,-2147483648
a_ref_vocal_fullfx,17941,MC+1,1,800,935,853,1055,651.247,516.247,598.247,598.247,1114.494,1765.741,0,1,1,274,-2147483648,-2147483648,-2147483648
a_ref_vocal_fullfx,17988,MC+1,1,801,1013,830,1165,650.247,438.247,621.247,621.247,1059.494,1709.741,0,1,1,258,-2147483648,-2147483648,-2147483648
a_ref_vocal_fullfx,18039,MC+1,1,749,818,918,1041,702.247,633.247,533.247,533.247,1166.494,1868.741,0,1,1,267,-2147483648,-2147483648,-2147483648
a_ref_vocal_fullfx,18093,MC+1,1,928,783,734,1146,523.247,668.247,717.247,717.247,1385.494,1908.741,0,1,1,211,-2147483648,-2147483648,-2147483648
a_ref_vocal_fullfx,18137,MC+1,1,856,775,787,1009,595.247,676.247,664.247,664.247,1340.494,1935.741,0,1,1,217,-2147483648,-2147483648,-2147483648
a_ref_vocal_fullfx,18186,MC+1,1,894,809,809,1125,557.247,642.247,642.247,642.247,1284.494,1841.741,0,1,1,218,-2147483648,-2147483648,-2147483648
a_ref_vocal_fullfx,18234,MC+1,1,816,925,978,1048,635.247,526.247,473.247,473.247,999.494,1634.741,0,1,1,240,-2147483648,-2147483648,-2147483648
a_ref_vocal_fullfx,18289,MC+1,1,690,817,692,885,761.247,634.247,759.247,759.247,1393.494,2154.741,0,1,1,258,-2147483648,-2147483648,-2147483648
a_ref_vocal_fullfx,18336,MC+1,1,803,908,1039,1062,648.247,543.247,412.247,412.247,955.494,1603.741,0,1,1,252,-2147483648,-2147483648,-2147483648
a_ref_vocal_fullfx,18385,MC+1,1,766,891,757,1046,685.247,560.247,694.247,694.247,1254.494,1939.741,0,1,1,225,-2147483648,-2147483648,-2147483648
a_ref_vocal_fullfx,18433,MC+1,1,824,851,917,1166,627.247,600.247,534.247,534.247,1134.494,1761.741,0,1,1,275,-2147483648,-2147483648,-2147483648
a_ref_vocal_fullfx,18480,MC+1,1,789,928,988,1163,662.247,523.247,463.247,463.247,986.494,1648.741,0,1,1,233,-2147483648,-2147483648,-2147483648
a_ref_vocal_fullfx,18529,MC+1,1,846,752,772,1017,605.247,699.247,679.247,679.247,1378.494,1983.741,0,1,1,216,-2147483648,-2147483648,-2147483648
a_ref_vocal_fullfx,18575,MC+1,1,798,875,784,1180,653.247,576.247,667.247,667.247,1243.494,1896.741,0,1,1,251,-2147483648,-2147483648,-2147483648
a_ref_vocal_fullfx,18624,MC+1,1,678,704,775,840,773.247,747.247,676.247,676.247,1423.494,2196.741,0,1,1,235,-2147483648,-2147483648,-2147483648
a_ref_vocal_fullfx,18673,MC+1,1,761,634,812,916,690.247,817.247,639.247,639.247,1456.494,2146.741,0,1,1,217,-2147483648,-2147483648,-2147483648
a_ref_vocal_fullfx,20015,MC+3+,3,508,533,513,2591,943.247,918.247,938.247,938.247,1856.494,2799.741,1,1,1,-69,51,172,-2147483648
a_ref_vocal_fullfx,20029,MC+1,1,821,807,853,998,630.247,644.247,598.247,598.247,1242.494,1872.741,0,1,1,238,-2147483648,-2147483648,-2147483648
a_ref_vocal_fullfx,20076,MC+1,1,762,876,930,929,689.247,575.247,521.247,521.247,1096.494,1785.741,0,1,1,201,-2147483648,-2147483648,-2147483648
a_ref_vocal_fullfx,20124,MC+1,1,814,891,1079,1012,637.247,560.247,372.247,372.247,932.494,1569.741,0,1,1,225,-2147483648,-2147483648,-2147483648
a_ref_vocal_fullfx,20174,MC+1,1,881,980,787,954,570.247,471.247,664.247,664.247,1135.494,1705.741,0,1,1,207,-2147483648,-2147483648,-2147483648
a_ref_vocal_fullfx,20220,MC+1,1,838,892,932,1048,613.247,559.247,519.247,519.247,1078.494,1691.741,0,1,1,173,-2147483648,-2147483648,-2147483648
a_ref_vocal_fullfx,20268,MC+1,1,814,783,992,1057,637.247,668.247,459.247,459.247,1127.494,1764.741,0,1,1,202,-2147483648,-2147483648,-2147483648
a_ref_vocal_fullfx,20315,MC+1,1,762,824,730,1063,689.247,627.247,721.247,721.247,1348.494,2037.741,0,1,1,166,-2147483648,-2147483648,-2147483648
a_ref_vocal_fullfx,20364,MC+1,1,755,685,737,995,696.247,766.247,714.247,714.247,1480.494,2176.741,0,1,1,195,-2147483648,-2147483648,-2147483648
a_ref_vocal_fullfx,20414,MC+1,1,642,812,673,930,809.247,639.247,778.247,778.247,1417.494,2226.741,0,1,1,164,-2147483648,-2147483648,-2147483648
a_ref_vocal_fullfx,23143,MC+3+,3,461,423,523,2629,990.247,1028.247,928.247,928.247,1956.494,2946.741,1,1,1,-153,123,399,-2147483648
a_ref_vocal_fullfx,23181,MC+1,1,742,893,792,1106,709.247,558.247,659.247,659.247,1217.494,1926.741,0,1,1,414,-2147483648,-2147483648,-2147483648
a_ref_vocal_fullfx,23241,MC+1,1,905,832,739,1103,546.247,619.247,712.247,712.247,1331.494,1877.741,0,1,1,240,-2147483648,-2147483648,-2147483648
a_ref_vocal_fullfx,23286,MC+1,1,648,690,656,836,803.247,761.247,795.247,795.247,1556.494,2359.741,0,1,1,281,-2147483648,-2147483648,-2147483648
a_ref_vocal_fullfx,23490,MC+3+,3,681,522,582,2565,770.247,929.247,869.247,869.247,1798.494,2568.741,1,1,1,-113,7,126,-2147483648
a_ref_vocal_fullfx,23545,MC+1,1,765,869,754,909,686.247,582.247,697.247,697.247,1279.494,1965.741,0,1,1,194,-2147483648,-2147483648,-2147483648
a_ref_vocal_fullfx,23593,MC+1,1,772,1037,828,1112,679.247,414.247,623.247,623.247,1037.494,1716.741,0,1,1,205,-2147483648,-2147483648,-2147483648
a_ref_vocal_fullfx,23641,MC+1,1,788,901,811,1019,663.247,550.247,640.247,640.247,1190.494,1853.741,0,1,1,185,-2147483648,-2147483648,-2147483648
a_ref_vocal_fullfx,23688,MC+1,1,911,849,988,1002,540.247,602.247,463.247,463.247,1065.494,1605.741,0,1,1,193,-2147483648,-2147483648,-2147483648
a_ref_vocal_fullfx,23736,MC+1,1,926,798,779,1050,525.247,653.247,672.247,672.247,1325.494,1850.741,0,1,1,190,-2147483648,-2147483648,-2147483648
a_ref_vocal_fullfx,23784,MC+1,1,918,896,974,961,533.247,555.247,477.247,477.247,1032.494,1565.741,0,1,1,199,-2147483648,-2147483648,-2147483648
a_ref_vocal_fullfx,23832,MC+1,1,863,820,859,1042,588.247,631.247,592.247,592.247,1223.494,1811.741,0,1,1,212,-2147483648,-2147483648,-2147483648
a_ref_vocal_fullfx,23879,MC+1,1,885,827,782,1124,566.247,624.247,669.247,669.247,1293.494,1859.741,0,1,1,181,-2147483648,-2147483648,-2147483648
a_ref_vocal_fullfx,23927,MC+1,1,912,762,890,1057,539.247,689.247,561.247,561.247,1250.494,1789.741,0,1,1,214,-2147483648,-2147483648,-2147483648
a_ref_vocal_fullfx,23976,MC+1,1,820,987,995,1004,631.247,464.247,456.247,456.247,920.494,1551.741,0,1,1,181,-2147483648,-2147483648,-2147483648
a_ref_vocal_fullfx,24023,MC+1,1,784,859,833,1132,667.247,592.247,618.247,618.247,1210.494,1877.741,0,1,1,210,-2147483648,-2147483648,-2147483648
a_ref_vocal_fullfx,24073,MC+1,1,835,853,856,1133,616.247,598.247,595.247,595.247,1193.494,1809.741,0,1,1,230,-2147483648,-2147483648,-2147483648
a_ref_vocal_fullfx,24121,MC+1,1,804,1078,896,1146,647.247,373.247,555.247,555.247,928.494,1575.741,0,1,1,217,-2147483648,-2147483648,-2147483648
a_ref_vocal_fullfx,24170,MC+1,1,936,869,841,1063,515.247,582.247,610.247,610.247,1192.494,1707.741,0,1,1,252,-2147483648,-2147483648,-2147483648
a_ref_vocal_fullfx,24216,MC+1,1,774,848,844,981,677.247,603.247,607.247,607.247,1210.494,1887.741,0,1,1,249,-2147483648,-2147483648,-2147483648
a_ref_vocal_fullfx,24264,MC+1,1,667,727,818,863,784.247,724.247,633.247,633.247,1357.494,2141.741,0,1,1,235,-2147483648,-2147483648,-2147483648
a_ref_vocal_fullfx,24315,MC+1,1,779,629,613,821,672.247,822.247,838.247,838.247,1660.494,2332.741,1,1,1,239,-2147483648,-2147483648,-2147483648
a_ref_vocal_fullfx,24548,MC+3+,3,718,516,525,2381,733.247,935.247,926.247,926.247,1861.494,2594.741,1,1,1,-23,99,221,-2147483648
a_ref_vocal_fullfx,24563,MC+1,1,810,834,786,1022,641.247,617.247,665.247,665.247,1282.494,1923.741,0,1,1,238,-2147483648,-2147483648,-2147483648
a_ref_vocal_fullfx,24613,MC+1,1,792,838,837,979,659.247,613.247,614.247,614.247,1227.494,1886.741,0,1,1,177,-2147483648,-2147483648,-2147483648
a_ref_vocal_fullfx,24660,MC+1,1,913,860,797,973,538.247,591.247,654.247,654.247,1245.494,1783.741,0,1,1,192,-2147483648,-2147483648,-2147483648
a_ref_vocal_fullfx,24839,MC+3+,3,532,531,559,2396,919.247,920.247,892.247,892.247,1812.494,2731.741,1,1,1,-131,28,186,-2147483648
a_ref_vocal_fullfx,24865,MC+1,1,788,1089,822,1084,663.247,362.247,629.247,629.247,991.494,1654.741,0,1,1,274,-2147483648,-2147483648,-2147483648
a_ref_vocal_fullfx,24919,MC+1,1,774,925,774,1034,677.247,526.247,677.247,677.247,1203.494,1880.741,0,1,1,276,-2147483648,-2147483648,-2147483648
a_ref_vocal_fullfx,24965,MC+1,1,757,898,807,929,694.247,553.247,644.247,644.247,1197.494,1891.741,0,1,1,244,-2147483648,-2147483648,-2147483648
a_ref_vocal_fullfx,25014,MC+1,1,811,961,849,1070,640.247,490.247,602.247,602.247,1092.494,1732.741,0,1,1,236,-2147483648,-2147483648,-2147483648
a_ref_vocal_fullfx,25063,MC+1,1,881,802,802,1226,570.247,649.247,649.247,649.247,1298.494,1868.741,0,1,1,222,-2147483648,-2147483648,-2147483648
a_ref_vocal_fullfx,25109,MC+1,1,808,853,834,1054,643.247,598.247,617.247,617.247,1215.494,1858.741,0,1,1,268,-2147483648,-2147483648,-2147483648
a_ref_vocal_fullfx,25161,MC+1,1,883,840,773,1116,568.247,611.247,678.247,678.247,1289.494,1857.741,0,1,1,215,-2147483648,-2147483648,-2147483648
a_ref_vocal_fullfx,25207,MC+1,1,838,973,782,1132,613.247,478.247,669.247,669.247,1147.494,1760.741,0,1,1,223,-2147483648,-2147483648,-2147483648
a_ref_vocal_fullfx,25256,MC+1,1,1114,845,984,1025,337.247,606.247,467.247,467.247,1073.494,1410.741,0,1,1,213,-2147483648,-2147483648,-2147483648
a_ref_vocal_fullfx,25304,MC+1,1,753,968,754,1103,698.247,483.247,697.247,697.247,1180.494,1878.741,0,1,1,266,-2147483648,-2147483648,-2147483648
a_ref_vocal_fullfx,25351,MC+1,1,790,1066,807,1040,661.247,385.247,644.247,644.247,1029.494,1690.741,0,1,1,254,-2147483648,-2147483648,-2147483648
a_ref_vocal_fullfx,25401,MC+1,1,864,847,767,1137,587.247,604.247,684.247,684.247,1288.494,1875.741,0,1,1,208,-2147483648,-2147483648,-2147483648
a_ref_vocal_fullfx,25446,MC+1,1,815,888,892,1050,636.247,563.247,559.247,559.247,1122.494,1758.741,0,1,1,260,-2147483648,-2147483648,-2147483648
a_ref_vocal_fullfx,25530,MC+3+,3,561,545,592,2406,890.247,906.247,859.247,859.247,1765.494,2655.741,1,1,1,-84,21,126,-2147483648
a_ref_vocal_fullfx,25539,MC+1,1,1167,874,847,970,284.247,577.247,604.247,604.247,1181.494,1465.741,0,1,1,182,-2147483648,-2147483648,-2147483648
a_ref_vocal_fullfx,25590,MC+1,1,877,789,910,975,574.247,662.247,541.247,541.247,1203.494,1777.741,0,1,1,205,-2147483648,-2147483648,-2147483648
a_ref_vocal_fullfx,25638,MC+1,1,809,840,984,1048,642.247,611.247,467.247,467.247,1078.494,1720.741,0,1,1,176,-2147483648,-2147483648,-2147483648
a_ref_vocal_fullfx,25686,MC+1,1,852,831,768,999,599.247,620.247,683.247,683.247,1303.494,1902.741,0,1,1,228,-2147483648,-2147483648,-2147483648
a_ref_vocal_fullfx,25733,MC+1,1,806,829,802,1185,645.247,622.247,649.247,649.247,1271.494,1916.741,0,1,1,218,-2147483648,-2147483648,-2147483648
a_ref_vocal_fullfx,25782,MC+1,1,809,961,798,1095,642.247,490.247,653.247,653.247,1143.494,1785.741,0,1,1,246,-2147483648,-2147483648,-2147483648
a_ref_vocal_fullfx,25832,MC+1,1,637,686,827,929,814.247,765.247,624.247,624.247,1389.494,2203.741,0,1,1,256,-2147483648,-2147483648,-2147483648
a_ref_vocal_fullfx,26239,MC+3+,3,527,553,526,2392,924.247,898.247,925.247,925.247,1823.494,2747.741,1,1,1,-18,92,203,-2147483648
a_ref_vocal_fullfx,26267,MC+1,1,758,861,746,1109,693.247,590.247,705.247,705.247,1295.494,1988.741,0,1,1,200,-2147483648,-2147483648,-2147483648
a_ref_vocal_fullfx,26316,MC+1,1,780,996,789,993,671.247,455.247,662.247,662.247,1117.494,1788.741,0,1,1,192,-2147483648,-2147483648,-2147483648
a_ref_vocal_fullfx,26364,MC+1,1,1061,831,748,987,390.247,620.247,703.247,703.247,1323.494,1713.741,0,1,1,197,-2147483648,-2147483648,-2147483648
a_ref_vocal_fullfx,26414,MC+1,1,676,706,643,867,775.247,745.247,808.247,808.247,1553.494,2328.741,1,1,1,169,-2147483648,-2147483648,-2147483648
a_ref_vocal_fullfx,26520,MC+3+,3,536,547,689,2380,915.247,904.247,762.247,762.247,1666.494,2581.741,0,1,1,-113,38,189,-2147483648
a_ref_vocal_fullfx,26533,MC+1,1,774,956,999,1172,677.247,495.247,452.247,452.247,947.494,1624.741,0,1,1,267,-2147483648,-2147483648,-2147483648
a_ref_vocal_fullfx,26580,MC+1,1,847,761,942,1075,604.247,690.247,509.247,509.247,1199.494,1803.741,0,1,1,241,-2147483648,-2147483648,-2147483648
a_ref_vocal_fullfx,26628,MC+1,1,847,1041,836,1096,604.247,410.247,615.247,615.247,1025.494,1629.741,0,1,1,259,-2147483648,-2147483648,-2147483648
a_ref_vocal_fullfx,26680,MC+1,1,791,950,766,1104,660.247,501.247,685.247,685.247,1186.494,1846.741,0,1,1,229,-2147483648,-2147483648,-2147483648
a_ref_vocal_fullfx,26731,MC+1,1,1009,824,774,1101,442.247,627.247,677.247,677.247,1304.494,1746.741,0,1,1,224,-2147483648,-2147483648,-2147483648
a_ref_vocal_fullfx,26784,MC+1,1,816,907,1038,1014,635.247,544.247,413.247,413.247,957.494,1592.741,0,1,1,252,-2147483648,-2147483648,-2147483648
a_ref_vocal_fullfx,26833,MC+1,1,830,747,834,1103,621.247,704.247,617.247,617.247,1321.494,1942.741,0,1,1,210,-2147483648,-2147483648,-2147483648
a_ref_vocal_fullfx,26881,MC+1,1,772,879,808,1117,679.247,572.247,643.247,643.247,1215.494,1894.741,0,1,1,249,-2147483648,-2147483648,-2147483648
a_ref_vocal_fullfx,26930,MC+1,1,915,639,631,998,536.247,812.247,820.247,820.247,1632.494,2168.741,1,1,1,217,-2147483648,-2147483648,-2147483648
a_ref_vocal_fullfx,27059,MC+3+,3,548,526,544,2432,903.247,925.247,907.247,907.247,1832.494,2735.741,1,1,1,-20,114,249,-2147483648
a_ref_vocal_fullfx,27109,MC+1,1,838,884,761,1027,613.247,567.247,690.247,690.247,1257.494,1870.741,0,1,1,214,-2147483648,-2147483648,-2147483648
a_ref_vocal_fullfx,27155,MC+1,1,856,844,835,1065,595.247,607.247,616.247,616.247,1223.494,1818.741,0,1,1,247,-2147483648,-2147483648,-2147483648
a_ref_vocal_fullfx,27211,MC+1,1,747,937,769,1133,704.247,514.247,682.247,682.247,1196.494,1900.741,0,1,1,283,-2147483648,-2147483648,-2147483648
a_ref_vocal_fullfx,27258,MC+1,1,729,607,778,925,722.247,844.247,673.247,673.247,1517.494,2239.741,0,1,1,239,-2147483648,-2147483648,-2147483648
a_ref_vocal_fullfx,27347,MC+3+,3,537,552,545,2348,914.247,899.247,906.247,906.247,1805.494,2719.741,1,1,1,-115,12,138,-2147483648
a_ref_vocal_fullfx,27374,MC+1,1,782,1064,804,972,669.247,387.247,647.247,647.247,1034.494,1703.741,0,1,1,211,-2147483648,-2147483648,-2147483648
a_ref_vocal_fullfx,27422,MC+1,1,898,992,780,1051,553.247,459.247,671.247,671.247,1130.494,1683.741,0,1,1,273,-2147483648,-2147483648,-2147483648
a_ref_vocal_fullfx,27467,MC+1,1,838,788,799,1019,613.247,663.247,652.247,652.247,1315.494,1928.741,0,1,1,229,-2147483648,-2147483648,-2147483648
a_ref_vocal_fullfx,27521,MC+1,1,962,785,816,1317,489.247,666.247,635.247,635.247,1301.494,1790.741,0,1,1,221,-2147483648,-2147483648,-2147483648
a_ref_vocal_fullfx,27570,MC+1,1,827,872,792,1073,624.247,579.247,659.247,659.247,1238.494,1862.741,0,1,1,217,-2147483648,-2147483648,-2147483648
a_ref_vocal_fullfx,27623,MC+1,1,783,920,796,1426,668.247,531.247,655.247,655.247,1186.494,1854.741,0,1,1,270,-2147483648,-2147483648,-2147483648
a_ref_vocal_fullfx,27674,MC+1,1,804,792,747,1048,647.247,659.247,704.247,704.247,1363.494,2010.741,0,1,1,257,-2147483648,-2147483648,-2147483648
a_ref_vocal_fullfx,27721,MC+1,1,722,650,625,880,729.247,801.247,826.247,826.247,1627.494,2356.741,1,1,1,237,-2147483648,-2147483648,-2147483648
a_ref_vocal_fullfx,27863,MC+3+,3,389,387,385,2238,1062.247,1064.247,1066.247,1066.247,2130.494,3192.741,1,1,1,-29,148,326,-2147483648
a_ref_vocal_fullfx,27891,MC+1,1,681,1152,692,841,770.247,299.247,759.247,759.247,1058.494,1828.741,0,1,1,325,-2147483648,-2147483648,-2147483648
a_ref_vocal_fullfx,27936,MC+1,1,643,833,615,822,808.247,618.247,836.247,836.247,1454.494,2262.741,1,1,1,323,-2147483648,-2147483648,-2147483648
a_ref_vocal_fullfx,27984,MC+1,1,779,653,631,888,672.247,798.247,820.247,820.247,1618.494,2290.741,1,1,1,280,-2147483648,-2147483648,-2147483648
a_ref_vocal_fullfx,28034,MC+1,1,699,666,648,840,752.247,785.247,803.247,803.247,1588.494,2340.741,1,1,1,318,-2147483648,-2147483648,-2147483648
a_ref_vocal_fullfx,28082,MC+1,1,820,655,606,930,631.247,796.247,845.247,845.247,1641.494,2272.741,1,1,1,281,-2147483648,-2147483648,-2147483648
a_ref_vocal_fullfx,28283,MC+3+,3,528,518,521,2413,923.247,933.247,930.247,930.247,1863.494,2786.741,1,1,1,-132,7,146,-2147483648
a_ref_vocal_fullfx,28314,MC+1,1,845,864,778,1009,606.247,587.247,673.247,673.247,1260.494,1866.741,0,1,1,262,-2147483648,-2147483648,-2147483648
a_ref_vocal_fullfx,28363,MC+1,1,755,840,800,1111,696.247,611.247,651.247,651.247,1262.494,1958.741,0,1,1,252,-2147483648,-2147483648,-2147483648
a_ref_vocal_fullfx,28410,MC+1,1,805,943,802,969,646.247,508.247,649.247,649.247,1157.494,1803.741,0,1,1,236,-2147483648,-2147483648,-2147483648
a_ref_vocal_fullfx,28459,MC+1,1,880,833,766,1127,571.247,618.247,685.247,685.247,1303.494,1874.741,0,1,1,224,-2147483648,-2147483648,-2147483648
a_ref_vocal_fullfx,28508,MC+1,1,978,751,766,1100,473.247,700.247,685.247,685.247,1385.494,1858.741,0,1,1,223,-2147483648,-2147483648,-2147483648
a_ref_vocal_fullfx,28554,MC+1,1,800,873,988,1043,651.247,578.247,463.247,463.247,1041.494,1692.741,0,1,1,231,-2147483648,-2147483648,-2147483648
a_ref_vocal_fullfx,28614,MC+1,1,837,802,917,1131,614.247,649.247,534.247,534.247,1183.494,1797.741,0,1,1,217,-2147483648,-2147483648,-2147483648
a_ref_vocal_fullfx,28667,MC+1,1,774,1011,761,1040,677.247,440.247,690.247,690.247,1130.494,1807.741,0,1,1,239,-2147483648,-2147483648,-2147483648
a_ref_vocal_fullfx,28717,MC+1,1,769,1068,779,1026,682.247,383.247,672.247,672.247,1055.494,1737.741,0,1,1,254,-2147483648,-2147483648,-2147483648
a_ref_vocal_fullfx,28770,MC+1,1,791,833,818,1081,660.247,618.247,633.247,633.247,1251.494,1911.741,0,1,1,247,-2147483648,-2147483648,-2147483648
a_ref_vocal_fullfx,28821,MC+1,1,624,884,654,867,827.247,567.247,797.247,797.247,1364.494,2191.741,0,1,1,269,-2147483648,-2147483648,-2147483648
a_ref_vocal_fullfx,28985,MC+3+,3,528,678,540,2480,923.247,773.247,911.247,911.247,1684.494,2607.741,1,1,1,-73,48,168,-2147483648
a_ref_vocal_fullfx,29040,MC+1,1,859,780,914,950,592.247,671.247,537.247,537.247,1208.494,1800.741,0,1,1,239,-2147483648,-2147483648,-2147483648
a_ref_vocal_fullfx,29087,MC+1,1,863,760,978,1096,588.247,691.247,473.247,473.247,1164.494,1752.741,0,1,1,219,-2147483648,-2147483648,-2147483648
a_ref_vocal_fullfx,29135,MC+1,1,803,914,783,1053,648.247,537.247,668.247,668.247,1205.494,1853.741,0,1,1,170,-2147483648,-2147483648,-2147483648
a_ref_vocal_fullfx,29185,MC+1,1,864,1001,775,1089,587.247,450.247,676.247,676.247,1126.494,1713.741,0,1,1,191,-2147483648,-2147483648,-2147483648
a_ref_vocal_fullfx,29233,MC+1,1,873,883,873,970,578.247,568.247,578.247,578.247,1146.494,1724.741,0,1,1,199,-2147483648,-2147483648,-2147483648
a_ref_vocal_fullfx,29281,MC+1,1,875,911,751,1019,576.247,540.247,700.247,700.247,1240.494,1816.741,0,1,1,190,-2147483648,-2147483648,-2147483648
a_ref_vocal_fullfx,29329,MC+1,1,842,1013,788,1071,609.247,438.247,663.247,663.247,1101.494,1710.741,0,1,1,191,-2147483648,-2147483648,-2147483648
a_ref_vocal_fullfx,29375,MC+1,1,809,774,836,992,642.247,677.247,615.247,615.247,1292.494,1934.741,0,1,1,222,-2147483648,-2147483648,-2147483648
a_ref_vocal_fullfx,29424,MC+1,1,806,881,848,1049,645.247,570.247,603.247,603.247,1173.494,1818.741,0,1,1,168,-2147483648,-2147483648,-2147483648
a_ref_vocal_fullfx,29472,MC+1,1,953,882,770,1100,498.247,569.247,681.247,681.247,1250.494,1748.741,0,1,1,196,-2147483648,-2147483648,-2147483648
a_ref_vocal_fullfx,29520,MC+1,1,851,1103,747,1134,600.247,348.247,704.247,704.247,1052.494,1652.741,0,1,1,196,-2147483648,-2147483648,-2147483648
a_ref_vocal_fullfx,29568,MC+1,1,777,891,839,1053,674.247,560.247,612.247,612.247,1172.494,1846.741,0,1,1,213,-2147483648,-2147483648,-2147483648
a_ref_vocal_fullfx,29616,MC+1,1,836,791,1041,940,615.247,660.247,410.247,410.247,1070.494,1685.741,0,1,1,246,-2147483648,-2147483648,-2147483648
a_ref_vocal_fullfx,29664,MC+1,1,816,913,789,1004,635.247,538.247,662.247,662.247,1200.494,1835.741,0,1,1,242,-2147483648,-2147483648,-2147483648
a_ref_vocal_fullfx,29718,MC+1,1,695,722,945,1057,756.247,729.247,506.247,506.247,1235.494,1991.741,0,1,1,204,-2147483648,-2147483648,-2147483648
a_ref_vocal_fullfx,30158,MC+3+,3,594,516,511,2490,857.247,935.247,940.247,940.247,1875.494,2732.741,1,1,1,-145,4,153,-2147483648
a_ref_vocal_fullfx,30185,MC+1,1,850,993,742,1059,601.247,458.247,709.247,709.247,1167.494,1768.741,0,1,1,245,-2147483648,-2147483648,-2147483648
a_ref_vocal_fullfx,30241,MC+1,1,862,780,835,1161,589.247,671.247,616.247,616.247,1287.494,1876.741,0,1,1,222,-2147483648,-2147483648,-2147483648
a_ref_vocal_fullfx,30287,MC+1,1,745,856,754,1058,706.247,595.247,697.247,697.247,1292.494,1998.741,0,1,1,255,-2147483648,-2147483648,-2147483648
a_ref_vocal_fullfx,30336,MC+1,1,769,984,788,1051,682.247,467.247,663.247,663.247,1130.494,1812.741,0,1,1,242,-2147483648,-2147483648,-2147483648
a_ref_vocal_fullfx,30385,MC+1,1,889,809,780,1030,562.247,642.247,671.247,671.247,1313.494,1875.741,0,1,1,224,-2147483648,-2147483648,-2147483648
a_ref_vocal_fullfx,30434,MC+1,1,821,878,807,1084,630.247,573.247,644.247,644.247,1217.494,1847.741,0,1,1,217,-2147483648,-2147483648,-2147483648
a_ref_vocal_fullfx,30480,MC+1,1,772,1040,819,1121,679.247,411.247,632.247,632.247,1043.494,1722.741,0,1,1,251,-2147483648,-2147483648,-2147483648
a_ref_vocal_fullfx,30529,MC+1,1,794,968,767,1108,657.247,483.247,684.247,684.247,1167.494,1824.741,0,1,1,226,-2147483648,-2147483648,-2147483648
a_ref_vocal_fullfx,30575,MC+1,1,786,890,772,1011,665.247,561.247,679.247,679.247,1240.494,1905.741,0,1,1,250,-2147483648,-2147483648,-2147483648
a_ref_vocal_fullfx,30624,MC+1,1,790,929,906,1085,661.247,522.247,545.247,545.247,1067.494,1728.741,0,1,1,240,-2147483648,-2147483648,-2147483648
a_ref_vocal_fullfx,30673,MC+1,1,943,769,939,969,508.247,682.247,512.247,512.247,1194.494,1702.741,0,1,1,218,-2147483648,-2147483648,-2147483648
a_ref_vocal_fullfx,30721,MC+1,1,786,977,802,1112,665.247,474.247,649.247,649.247,1123.494,1788.741,0,1,1,245,-2147483648,-2147483648,-2147483648
a_ref_vocal_fullfx,30767,MC+1,1,898,802,935,1140,553.247,649.247,516.247,516.247,1165.494,1718.741,0,1,1,220,-2147483648,-2147483648,-2147483648
a_ref_vocal_fullfx,30815,MC+1,1,782,882,794,1063,669.247,569.247,657.247,657.247,1226.494,1895.741,0,1,1,251,-2147483648,-2147483648,-2147483648
a_ref_vocal_fullfx,30864,MC+1,1,814,913,866,1018,637.247,538.247,585.247,585.247,1123.494,1760.741,0,1,1,246,-2147483648,-2147483648,-2147483648
a_ref_vocal_fullfx,30913,MC+1,1,778,859,833,1097,673.247,592.247,618.247,618.247,1210.494,1883.741,0,1,1,222,-2147483648,-2147483648,-2147483648
a_ref_vocal_fullfx,30963,MC+1,1,909,813,786,1110,542.247,638.247,665.247,665.247,1303.494,1845.741,0,1,1,212,-2147483648,-2147483648,-2147483648
a_ref_vocal_fullfx,31007,MC+1,1,779,899,773,1157,672.247,552.247,678.247,678.247,1230.494,1902.741,0,1,1,276,-2147483648,-2147483648,-2147483648
a_ref_vocal_fullfx,31595,MC+3+,3,373,457,392,2347,1078.247,994.247,1059.247,1059.247,2053.494,3131.741,1,1,1,-69,113,295,-2147483648
a_ref_vocal_fullfx,31635,MC+1,1,855,596,604,829,596.247,855.247,847.247,847.247,1702.494,2298.741,1,1,1,294,-2147483648,-2147483648,-2147483648
a_ref_vocal_fullfx,31689,MC+1,1,619,588,630,868,832.247,863.247,821.247,821.247,1684.494,2516.741,1,1,1,310,-2147483648,-2147483648,-2147483648
a_ref_vocal_fullfx,31735,MC+1,1,976,963,787,1043,475.247,488.247,664.247,664.247,1152.494,1627.741,0,1,1,247,-2147483648,-2147483648,-2147483648
a_ref_vocal_fullfx,31785,MC+1,1,785,784,627,950,666.247,667.247,824.247,824.247,1491.494,2157.741,1,1,1,258,-2147483648,-2147483648,-2147483648
a_ref_vocal_fullfx,31830,MC+1,1,702,627,734,932,749.247,824.247,717.247,717.247,1541.494,2290.741,0,1,1,265,-2147483648,-2147483648,-2147483648
a_ref_vocal_fullfx,31880,MC+1,1,780,867,881,1177,671.247,584.247,570.247,570.247,1154.494,1825.741,0,1,1,242,-2147483648,-2147483648,-2147483648
a_ref_vocal_fullfx,31925,MC+1,1,788,911,804,1110,663.247,540.247,647.247,647.247,1187.494,1850.741,0,1,1,247,-2147483648,-2147483648,-2147483648
a_ref_vocal_fullfx,31974,MC+1,1,786,811,933,1011,665.247,640.247,518.247,518.247,1158.494,1823.741,0,1,1,230,-2147483648,-2147483648,-2147483648
a_ref_vocal_fullfx,32022,MC+1,1,787,882,759,1180,664.247,569.247,692.247,692.247,1261.494,1925.741,0,1,1,224,-2147483648,-2147483648,-2147483648
a_ref_vocal_fullfx,32070,MC+1,1,786,724,699,948,665.247,727.247,752.247,752.247,1479.494,2144.741,0,1,1,198,-2147483648,-2147483648,-2147483648
a_ref_vocal_fullfx,32121,MC+1,1,687,774,641,970,764.247,677.247,810.247,810.247,1487.494,2251.741,1,1,1,244,-2147483648,-2147483648,-2147483648
a_ref_vocal_fullfx,32166,MC+1,1,701,678,620,906,750.247,773.247,831.247,831.247,1604.494,2354.741,1,1,1,202,-2147483648,-2147483648,-2147483648
a_ref_vocal_fullfx,32213,MC+3+,3,392,412,409,1858,1059.247,1039.247,1042.247,1042.247,2081.494,3140.741,1,1,1,-16,98,212,-2147483648
a_ref_vocal_fullfx,32245,MC+1,1,628,953,635,910,823.247,498.247,816.247,816.247,1314.494,2137.741,1,1,1,174,-2147483648,-2147483648,-2147483648
a_ref_vocal_fullfx,32358,MC+3+,3,400,384,501,2358,1051.247,1067.247,950.247,950.247,2017.494,3068.741,1,1,1,-167,119,405,-2147483648
a_ref_vocal_fullfx,32431,MC+3+,3,539,559,562,2294,912.247,892.247,889.247,889.247,1781.494,2693.741,1,1,1,-60,57,174,-2147483648
a_ref_vocal_fullfx,32453,MC+1,1,793,950,773,1001,658.247,501.247,678.247,678.247,1179.494,1837.741,0,1,1,178,-2147483648,-2147483648,-2147483648
a_ref_vocal_fullfx,32504,MC+1,1,845,973,808,1040,606.247,478.247,643.247,643.247,1121.494,1727.741,0,1,1,229,-2147483648,-2147483648,-2147483648
a_ref_vocal_fullfx,32550,MC+1,1,832,796,954,1087,619.247,655.247,497.247,497.247,1152.494,1771.741,0,1,1,224,-2147483648,-2147483648,-2147483648
a_ref_vocal_fullfx,32597,MC+1,1,857,773,923,1019,594.247,678.247,528.247,528.247,1206.494,1800.741,0,1,1,222,-2147483648,-2147483648,-2147483648
a_ref_vocal_fullfx,32646,MC+1,1,879,850,825,1106,572.247,601.247,626.247,626.247,1227.494,1799.741,0,1,1,185,-2147483648,-2147483648,-2147483648
a_ref_vocal_fullfx,32694,MC+1,1,928,782,920,1115,523.247,669.247,531.247,531.247,1200.494,1723.741,0,1,1,212,-2147483648,-2147483648,-2147483648
a_ref_vocal_fullfx,32745,MC+1,1,886,971,763,1021,565.247,480.247,688.247,688.247,1168.494,1733.741,0,1,1,254,-2147483648,-2147483648,-2147483648
a_ref_vocal_fullfx,32792,MC+1,1,973,779,751,1065,478.247,672.247,700.247,700.247,1372.494,1850.741,0,1,1,235,-2147483648,-2147483648,-2147483648
a_ref_vocal_fullfx,32838,MC+1,1,787,874,855,974,664.247,577.247,596.247,596.247,1173.494,1837.741,0,1,1,256,-2147483648,-2147483648,-2147483648
a_ref_vocal_fullfx,32898,MC+1,1,794,824,950,1128,657.247,627.247,501.247,501.247,1128.494,1785.741,0,1,1,259,-2147483648,-2147483648,-2147483648
a_ref_vocal_fullfx,32949,MC+1,1,742,880,850,1056,709.247,571.247,601.247,601.247,1172.494,1881.741,0,1,1,257,-2147483648,-2147483648,-2147483648
a_ref_vocal_fullfx,32993,MC+1,1,781,842,797,1040,670.247,609.247,654.247,654.247,1263.494,1933.741,0,1,1,256,-2147483648,-2147483648,-2147483648
a_ref_vocal_fullfx,33042,MC+1,1,756,913,788,1051,695.247,538.247,663.247,663.247,1201.494,1896.741,0,1,1,230,-2147483648,-2147483648,-2147483648
a_ref_vocal_fullfx,33259,MC+3+,3,392,553,419,2411,1059.247,898.247,1032.247,1032.247,1930.494,2989.741,1,1,1,-129,12,153,-2147483648
a_ref_vocal_fullfx,33280,MC+1,1,832,885,763,1245,619.247,566.247,688.247,688.247,1254.494,1873.741,0,1,1,221,-2147483648,-2147483648,-2147483648
a_ref_vocal_fullfx,33324,MC+1,1,769,823,888,1028,682.247,628.247,563.247,563.247,1191.494,1873.741,0,1,1,229,-2147483648,-2147483648,-2147483648
a_ref_vocal_fullfx,33373,MC+1,1,879,789,765,994,572.247,662.247,686.247,686.247,1348.494,1920.741,0,1,1,221,-2147483648,-2147483648,-2147483648
a_ref_vocal_fullfx,33421,MC+1,1,793,835,779,1069,658.247,616.247,672.247,672.247,1288.494,1946.741,0,1,1,247,-2147483648,-2147483648,-2147483648
a_ref_vocal_fullfx,33468,MC+1,1,873,777,893,1056,578.247,674.247,558.247,558.247,1232.494,1810.741,0,1,1,219,-2147483648,-2147483648,-2147483648
a_ref_vocal_fullfx,33519,MC+1,1,739,654,672,816,712.247,797.247,779.247,779.247,1576.494,2288.741,0,1,1,227,-2147483648,-2147483648,-2147483648
a_ref_vocal_fullfx,33563,MC+1,1,630,904,713,841,821.247,547.247,738.247,738.247,1285.494,2106.741,0,1,1,229,-2147483648,-2147483648,-2147483648
a_ref_vocal_fullfx,33612,MC+1,1,651,1012,658,856,800.247,439.247,793.247,793.247,1232.494,2032.741,0,1,1,260,-2147483648,-2147483648,-2147483648
a_ref_vocal_fullfx,33781,MC+3+,3,532,898,592,2416,919.247,553.247,859.247,859.247,1412.494,2331.741,1,1,1,-43,90,224,-2147483648
a_ref_vocal_fullfx,33804,MC+1,1,784,794,830,962,667.247,657.247,621.247,621.247,1278.494,1945.741,0,1,1,222,-2147483648,-2147483648,-2147483648
a_ref_vocal_fullfx,33854,MC+1,1,785,959,825,1121,666.247,492.247,626.247,626.247,1118.494,1784.741,0,1,1,243,-2147483648,-2147483648,-2147483648
a_ref_vocal_fullfx,33905,MC+1,1,623,671,595,865,828.247,780.247,856.247,856.247,1636.494,2464.741,1,1,1,272,-2147483648,-2147483648,-2147483648
a_ref_vocal_fullfx,33950,MC+3+,3,484,464,536,2160,967.247,987.247,915.247,915.247,1902.494,2869.741,1,1,1,-59,76,210,-2147483648
a_ref_vocal_fullfx,34002,MC+1,1,810,872,791,1093,641.247,579.247,660.247,660.247,1239.494,1880.741,0,1,1,242,-2147483648,-2147483648,-2147483648
a_ref_vocal_fullfx,34049,MC+1,1,788,835,875,1075,663.247,616.247,576.247,576.247,1192.494,1855.741,0,1,1,214,-2147483648,-2147483648,-2147483648
a_ref_vocal_fullfx,34099,MC+1,1,769,915,762,1115,682.247,536.247,689.247,689.247,1225.494,1907.741,0,1,1,250,-2147483648,-2147483648,-2147483648
a_ref_vocal_fullfx,34147,MC+1,1,786,976,776,1086,665.247,475.247,675.247,675.247,1150.494,1815.741,0,1,1,254,-2147483648,-2147483648,-2147483648
a_ref_vocal_fullfx,34195,MC+1,1,774,1083,817,1084,677.247,368.247,634.247,634.247,1002.494,1679.741,0,1,1,229,-2147483648,-2147483648,-2147483648
a_ref_vocal_fullfx,34244,MC+1,1,617,844,654,822,834.247,607.247,797.247,797.247,1404.494,2238.741,0,1,1,189,-2147483648,-2147483648,-2147483648
a_ref_vocal_fullfx,34269,MC+3+,3,424,411,466,1853,1027.247,1040.247,985.247,985.247,2025.494,3052.741,1,1,1,-98,47,193,-2147483648
a_ref_vocal_fullfx,34312,MC+1,1,817,636,653,933,634.247,815.247,798.247,798.247,1613.494,2247.741,0,1,1,308,-2147483648,-2147483648,-2147483648
a_ref_vocal_fullfx,34362,MC+2,2,538,649,562,2348,913.247,802.247,889.247,889.247,1691.494,2604.741,1,1,1,-5,151,-2147483648,-2147483648
a_ref_vocal_fullfx,34415,MC+1,1,852,786,876,1014,599.247,665.247,575.247,575.247,1240.494,1839.741,0,1,1,243,-2147483648,-2147483648,-2147483648
a_ref_vocal_fullfx,34463,MC+1,1,777,1145,806,991,674.247,306.247,645.247,645.247,951.494,1625.741,0,1,1,247,-2147483648,-2147483648,-2147483648
a_ref_vocal_fullfx,34515,MC+1,1,1106,779,771,1033,345.247,672.247,680.247,680.247,1352.494,1697.741,0,1,1,214,-2147483648,-2147483648,-2147483648
a_ref_vocal_fullfx,34561,MC+1,1,810,1049,794,1043,641.247,402.247,657.247,657.247,1059.494,1700.741,0,1,1,260,-2147483648,-2147483648,-2147483648
a_ref_vocal_fullfx,34608,MC+1,1,766,867,831,1080,685.247,584.247,620.247,620.247,1204.494,1889.741,0,1,1,236,-2147483648,-2147483648,-2147483648
a_ref_vocal_fullfx,34659,MC+1,1,851,765,854,1159,600.247,686.247,597.247,597.247,1283.494,1883.741,0,1,1,215,-2147483648,-2147483648,-2147483648
a_ref_vocal_fullfx,34705,MC+1,1,788,1071,826,1107,663.247,380.247,625.247,625.247,1005.494,1668.741,0,1,1,256,-2147483648,-2147483648,-2147483648
a_ref_vocal_fullfx,34752,MC+1,1,777,1164,801,1038,674.247,287.247,650.247,650.247,937.494,1611.741,0,1,1,225,-2147483648,-2147483648,-2147483648
a_ref_vocal_fullfx,34800,MC+1,1,716,763,742,934,735.247,688.247,709.247,709.247,1397.494,2132.741,0,1,1,243,-2147483648,-2147483648,-2147483648
a_ref_vocal_fullfx,34849,MC+1,1,694,964,678,1000,757.247,487.247,773.247,773.247,1260.494,2017.741,0,1,1,243,-2147483648,-2147483648,-2147483648
a_ref_vocal_fullfx,34896,MC+1,1,789,878,801,1061,662.247,573.247,650.247,650.247,1223.494,1885.741,0,1,1,228,-2147483648,-2147483648,-2147483648
a_ref_vocal_fullfx,34944,MC+1,1,818,883,870,1033,633.247,568.247,581.247,581.247,1149.494,1782.741,0,1,1,258,-2147483648,-2147483648,-2147483648
a_ref_vocal_fullfx,34993,MC+1,1,763,909,780,1084,688.247,542.247,671.247,671.247,1213.494,1901.741,0,1,1,249,-2147483648,-2147483648,-2147483648
a_ref_vocal_fullfx,35046,MC+1,1,776,849,844,1125,675.247,602.247,607.247,607.247,1209.494,1884.741,0,1,1,241,-2147483648,-2147483648,-2147483648
a_ref_vocal_fullfx,35099,MC+1,1,760,868,774,1110,691.247,583.247,677.247,677.247,1260.494,1951.741,0,1,1,263,-2147483648,-2147483648,-2147483648
a_ref_vocal_fullfx,35150,MC+1,1,709,751,644,924,742.247,700.247,807.247,807.247,1507.494,2249.741,1,1,1,256,-2147483648,-2147483648,-2147483648
a_ref_vocal_fullfx,35195,MC+1,1,716,611,653,904,735.247,840.247,798.247,798.247,1638.494,2373.741,0,1,1,217,-2147483648,-2147483648,-2147483648
a_ref_vocal_fullfx,35243,MC+1,1,653,748,643,821,798.247,703.247,808.247,808.247,1511.494,2309.741,1,1,1,247,-2147483648,-2147483648,-2147483648
a_ref_vocal_fullfx,36552,MC+3+,3,506,537,509,2540,945.247,914.247,942.247,942.247,1856.494,2801.741,1,1,1,-38,83,203,-2147483648
a_ref_vocal_fullfx,36600,MC+1,1,827,777,844,974,624.247,674.247,607.247,607.247,1281.494,1905.741,0,1,1,236,-2147483648,-2147483648,-2147483648
a_ref_vocal_fullfx,36647,MC+1,1,739,878,754,1123,712.247,573.247,697.247,697.247,1270.494,1982.741,0,1,1,195,-2147483648,-2147483648,-2147483648
a_ref_vocal_fullfx,36696,MC+1,1,863,944,817,1064,588.247,507.247,634.247,634.247,1141.494,1729.741,0,1,1,212,-2147483648,-2147483648,-2147483648
a_ref_vocal_fullfx,36744,MC+1,1,781,862,827,1112,670.247,589.247,624.247,624.247,1213.494,1883.741,0,1,1,174,-2147483648,-2147483648,-2147483648
a_ref_vocal_fullfx,36792,MC+1,1,921,779,835,1084,530.247,672.247,616.247,616.247,1288.494,1818.741,0,1,1,215,-2147483648,-2147483648,-2147483648
a_ref_vocal_fullfx,36841,MC+1,1,925,999,778,931,526.247,452.247,673.247,673.247,1125.494,1651.741,0,1,1,159,-2147483648,-2147483648,-2147483648
a_ref_vocal_fullfx,36887,MC+1,1,650,698,668,883,801.247,753.247,783.247,783.247,1536.494,2337.741,0,1,1,172,-2147483648,-2147483648,-2147483648
a_ref_vocal_fullfx,36936,MC+1,1,703,630,744,794,748.247,821.247,707.247,707.247,1528.494,2276.741,0,1,1,207,-2147483648,-2147483648,-2147483648
a_ref_vocal_fullfx,39679,MC+2,2,453,441,421,2472,998.247,1010.247,1030.247,1030.247,2040.494,3038.741,1,1,1,-56,221,-2147483648,-2147483648
a_ref_vocal_fullfx,39710,MC+1,1,906,744,832,1141,545.247,707.247,619.247,619.247,1326.494,1871.741,0,1,1,428,-2147483648,-2147483648,-2147483648
a_ref_vocal_fullfx,39775,MC+1,1,894,924,767,962,557.247,527.247,684.247,684.247,1211.494,1768.741,0,1,1,286,-2147483648,-2147483648,-2147483648
a_ref_vocal_fullfx,39824,MC+1,1,606,834,638,825,845.247,617.247,813.247,813.247,1430.494,2275.741,1,1,1,237,-2147483648,-2147483648,-2147483648
a_ref_vocal_fullfx,40029,MC+3+,3,520,537,557,2437,931.247,914.247,894.247,894.247,1808.494,2739.741,1,1,1,-89,30,150,-2147483648
a_ref_vocal_fullfx,40079,MC+1,1,764,821,895,908,687.247,630.247,556.247,556.247,1186.494,1873.741,0,1,1,180,-2147483648,-2147483648,-2147483648
a_ref_vocal_fullfx,40129,MC+1,1,761,854,764,1007,690.247,597.247,687.247,687.247,1284.494,1974.741,0,1,1,183,-2147483648,-2147483648,-2147483648
a_ref_vocal_fullfx,40175,MC+1,1,987,895,763,981,464.247,556.247,688.247,688.247,1244.494,1708.741,0,1,1,191,-2147483648,-2147483648,-2147483648
a_ref_vocal_fullfx,40224,MC+1,1,828,917,1003,1005,623.247,534.247,448.247,448.247,982.494,1605.741,0,1,1,180,-2147483648,-2147483648,-2147483648
a_ref_vocal_fullfx,40273,MC+1,1,863,795,1038,943,588.247,656.247,413.247,413.247,1069.494,1657.741,0,1,1,221,-2147483648,-2147483648,-2147483648
a_ref_vocal_fullfx,40322,MC+1,1,925,927,756,1046,526.247,524.247,695.247,695.247,1219.494,1745.741,0,1,1,166,-2147483648,-2147483648,-2147483648
a_ref_vocal_fullfx,40368,MC+1,1,873,943,813,1039,578.247,508.247,638.247,638.247,1146.494,1724.741,0,1,1,200,-2147483648,-2147483648,-2147483648
a_ref_vocal_fullfx,40416,MC+1,1,854,803,960,1030,597.247,648.247,491.247,491.247,1139.494,1736.741,0,1,1,212,-2147483648,-2147483648,-2147483648
a_ref_vocal_fullfx,40465,MC+1,1,781,960,764,984,670.247,491.247,687.247,687.247,1178.494,1848.741,0,1,1,181,-2147483648,-2147483648,-2147483648
a_ref_vocal_fullfx,40513,MC+1,1,770,829,874,1035,681.247,622.247,577.247,577.247,1199.494,1880.741,0,1,1,210,-2147483648,-2147483648,-2147483648
a_ref_vocal_fullfx,40562,MC+1,1,895,878,794,1059,556.247,573.247,657.247,657.247,1230.494,1786.741,0,1,1,229,-2147483648,-2147483648,-2147483648
a_ref_vocal_fullfx,40611,MC+1,1,774,1019,792,1160,677.247,432.247,659.247,659.247,1091.494,1768.741,0,1,1,195,-2147483648,-2147483648,-2147483648
a_ref_vocal_fullfx,40656,MC+1,1,805,959,807,1046,646.247,492.247,644.247,644.247,1136.494,1782.741,0,1,1,246,-2147483648,-2147483648,-2147483648
a_ref_vocal_fullfx,40710,MC+1,1,763,833,823,1130,688.247,618.247,628.247,628.247,1246.494,1934.741,0,1,1,221,-2147483648,-2147483648,-2147483648
a_ref_vocal_fullfx,40760,MC+1,1,792,831,838,1141,659.247,620.247,613.247,613.247,1233.494,1892.741,0,1,1,228,-2147483648,-2147483648,-2147483648
a_ref_vocal_fullfx,40806,MC+1,1,658,754,672,916,793.247,697.247,779.247,779.247,1476.494,2269.741,0,1,1,208,-2147483648,-2147483648,-2147483648
a_ref_vocal_fullfx,40854,MC+1,1,698,688,720,888,753.247,763.247,731.247,731.247,1494.494,2247.741,0,1,1,296,-2147483648,-2147483648,-2147483648
a_ref_vocal_fullfx,41087,MC+3+,3,534,543,539,2397,917.247,908.247,912.247,912.247,1820.494,2737.741,1,1,1,-119,3,125,-2147483648
a_ref_vocal_fullfx,41105,MC+1,1,745,847,869,1023,706.247,604.247,582.247,582.247,1186.494,1892.741,0,1,1,194,-2147483648,-2147483648,-2147483648
a_ref_vocal_fullfx,41154,MC+1,1,784,879,787,966,667.247,572.247,664.247,664.247,1236.494,1903.741,0,1,1,186,-2147483648,-2147483648,-2147483648
a_ref_vocal_fullfx,41203,MC+1,1,790,820,786,1069,661.247,631.247,665.247,665.247,1296.494,1957.741,0,1,1,161,-2147483648,-2147483648,-2147483648
d_step_80_160,43,MC+1,1,882,667,775,862,569.247,784.247,676.247,676.247,1460.494,2029.741,0,1,1,313,-2147483648,-2147483648,-2147483648
d_step_80_160,98,MC+1,1,1056,660,798,998,395.247,791.247,653.247,653.247,1444.494,1839.741,0,1,1,289,-2147483648,-2147483648,-2147483648
d_step_80_160,152,MC+1,1,750,771,641,846,701.247,680.247,810.247,810.247,1490.494,2191.741,1,1,1,328,-2147483648,-2147483648,-2147483648
d_step_80_160,207,MC+1,1,832,705,635,1090,619.247,746.247,816.247,816.247,1562.494,2181.741,1,1,1,303,-2147483648,-2147483648,-2147483648
d_step_80_160,259,MC+1,1,1006,668,637,837,445.247,783.247,814.247,814.247,1597.494,2042.741,1,1,1,287,-2147483648,-2147483648,-2147483648
d_step_80_160,308,MC+1,1,772,778,737,924,679.247,673.247,714.247,714.247,1387.494,2066.741,0,1,1,278,-2147483648,-2147483648,-2147483648
d_step_80_160,356,MC+1,1,630,1006,691,1005,821.247,445.247,760.247,760.247,1205.494,2026.741,0,1,1,333,-2147483648,-2147483648,-2147483648
d_step_80_160,405,MC+1,1,766,657,652,1041,685.247,794.247,799.247,799.247,1593.494,2278.741,0,1,1,325,-2147483648,-2147483648,-2147483648
d_step_80_160,451,MC+1,1,749,663,731,918,702.247,788.247,720.247,720.247,1508.494,2210.741,0,1,1,324,-2147483648,-2147483648,-2147483648
d_step_80_160,500,MC+1,1,961,1042,627,1048,490.247,409.247,824.247,824.247,1233.494,1723.741,1,1,1,315,-2147483648,-2147483648,-2147483648
d_step_80_160,549,MC+1,1,769,692,626,919,682.247,759.247,825.247,825.247,1584.494,2266.741,1,1,1,307,-2147483648,-2147483648,-2147483648
d_step_80_160,595,MC+1,1,765,661,717,917,686.247,790.247,734.247,734.247,1524.494,2210.741,0,1,1,306,-2147483648,-2147483648,-2147483648
d_step_80_160,647,MC+1,1,886,662,629,1089,565.247,789.247,822.247,822.247,1611.494,2176.741,1,1,1,289,-2147483648,-2147483648,-2147483648
d_step_80_160,696,MC+1,1,798,654,676,1029,653.247,797.247,775.247,775.247,1572.494,2225.741,0,1,1,281,-2147483648,-2147483648,-2147483648
d_step_80_160,735,MC+3+,3,441,407,456,1919,1010.247,1044.247,995.247,995.247,2039.494,3049.741,1,1,1,-117,161,439,-2147483648
d_step_80_160,783,MC+1,1,748,616,639,1042,703.247,835.247,812.247,812.247,1647.494,2350.741,1,1,1,571,-2147483648,-2147483648,-2147483648
d_step_80_160,857,MC+1,1,616,614,661,1082,835.247,837.247,790.247,790.247,1627.494,2462.741,0,1,1,572,-2147483648,-2147483648,-2147483648
d_step_80_160,920,MC+1,1,612,647,597,953,839.247,804.247,854.247,854.247,1658.494,2497.741,1,1,1,586,-2147483648,-2147483648,-2147483648
d_step_80_160,989,MC+1,1,680,604,609,887,771.247,847.247,842.247,842.247,1689.494,2460.741,1,1,1,585,-2147483648,-2147483648,-2147483648
d_step_80_160,1058,MC+1,1,600,605,706,1059,851.247,846.247,745.247,745.247,1591.494,2442.741,0,1,1,584,-2147483648,-2147483648,-2147483648
d_step_80_160,1127,MC+1,1,682,592,632,1036,769.247,859.247,819.247,819.247,1678.494,2447.741,1,1,1,583,-2147483648,-2147483648,-2147483648
d_step_80_160,1196,MC+1,1,636,715,670,943,815.247,736.247,781.247,781.247,1517.494,2332.741,0,1,1,583,-2147483648,-2147483648,-2147483648
d_step_80_160,1265,MC+1,1,605,704,627,986,846.247,747.247,824.247,824.247,1571.494,2417.741,1,1,1,582,-2147483648,-2147483648,-2147483648
d_step_80_160,1334,MC+1,1,631,730,633,988,820.247,721.247,818.247,818.247,1539.494,2359.741,1,1,1,581,-2147483648,-2147483648,-2147483648
d_step_80_160,1403,MC+1,1,617,611,593,905,834.247,840.247,858.247,858.247,1698.494,2532.741,1,1,1,580,-2147483648,-2147483648,-2147483648
d_step_80_160,1472,MC+1,1,622,692,604,959,829.247,759.247,847.247,847.247,1606.494,2435.741,1,1,1,579,-2147483648,-2147483648,-2147483648
d_step_80_160,1541,MC+1,1,585,595,598,1040,866.247,856.247,853.247,853.247,1709.494,2575.741,1,1,1,578,-2147483648,-2147483648,-2147483648
d_step_80_160,1610,MC+1,1,600,658,616,1002,851.247,793.247,835.247,835.247,1628.494,2479.741,1,1,1,577,-2147483648,-2147483648,-2147483648
d_step_80_160,1685,MC+1,1,602,657,611,1007,849.247,794.247,840.247,840.247,1634.494,2483.741,1,1,1,560,-2147483648,-2147483648,-2147483648
d_step_80_160,1759,MC+1,1,595,616,641,976,856.247,835.247,810.247,810.247,1645.494,2501.741,1,1,1,607,-2147483648,-2147483648,-2147483648
d_step_80_160,1834,MC+1,1,611,614,596,1039,840.247,837.247,855.247,855.247,1692.494,2532.741,1,1,1,590,-2147483648,-2147483648,-2147483648
d_step_80_160,1903,MC+1,1,601,617,655,920,850.247,834.247,796.247,796.247,1630.494,2480.741,0,1,1,589,-2147483648,-2147483648,-2147483648
d_step_80_160,1972,MC+1,1,611,754,609,1003,840.247,697.247,842.247,842.247,1539.494,2379.741,1,1,1,588,-2147483648,-2147483648,-2147483648
d_step_80_160,2041,MC+1,1,587,616,643,1041,864.247,835.247,808.247,808.247,1643.494,2507.741,1,1,1,587,-2147483648,-2147483648,-2147483648
d_step_80_160,2111,MC+1,1,657,619,628,1042,794.247,832.247,823.247,823.247,1655.494,2449.741,1,1,1,450,-2147483648,-2147483648,-2147483648
d_step_80_160,2157,MC+1,1,894,667,675,857,557.247,784.247,776.247,776.247,1560.494,2117.741,0,1,1,302,-2147483648,-2147483648,-2147483648
d_step_80_160,2207,MC+1,1,761,628,635,962,690.247,823.247,816.247,816.247,1639.494,2329.741,1,1,1,278,-2147483648,-2147483648,-2147483648
d_step_80_160,2255,MC+1,1,623,940,617,927,828.247,511.247,834.247,834.247,1345.494,2173.741,1,1,1,338,-2147483648,-2147483648,-2147483648
d_step_80_160,2299,MC+1,1,851,617,788,898,600.247,834.247,663.247,663.247,1497.494,2097.741,0,1,1,282,-2147483648,-2147483648,-2147483648
d_step_80_160,2353,MC+1,1,920,637,646,893,531.247,814.247,805.247,805.247,1619.494,2150.741,1,1,1,321,-2147483648,-2147483648,-2147483648
d_step_80_160,2414,MC+1,1,776,675,643,1048,675.247,776.247,808.247,808.247,1584.494,2259.741,1,1,1,281,-2147483648,-2147483648,-2147483648
d_step_80_160,2468,MC+1,1,817,683,650,1028,634.247,768.247,801.247,801.247,1569.494,2203.741,1,1,1,320,-2147483648,-2147483648,-2147483648
d_step_80_160,2523,MC+1,1,1097,756,644,1172,354.247,695.247,807.247,807.247,1502.494,1856.741,1,1,1,295,-2147483648,-2147483648,-2147483648
d_step_80_160,2569,MC+1,1,1058,640,754,903,393.247,811.247,697.247,697.247,1508.494,1901.741,0,1,1,295,-2147483648,-2147483648,-2147483648
d_step_80_160,2623,MC+1,1,641,822,739,1052,810.247,629.247,712.247,712.247,1341.494,2151.741,0,1,1,334,-2147483648,-2147483648,-2147483648
d_step_80_160,2667,MC+1,1,815,666,653,901,636.247,785.247,798.247,798.247,1583.494,2219.741,0,1,1,277,-2147483648,-2147483648,-2147483648
d_step_80_160,2715,MC+1,1,815,789,701,847,636.247,662.247,750.247,750.247,1412.494,2048.741,0,1,1,333,-2147483648,-2147483648,-2147483648
d_step_80_160,2764,MC+1,1,727,661,773,988,724.247,790.247,678.247,678.247,1468.494,2192.741,0,1,1,324,-2147483648,-2147483648,-2147483648
d_step_80_160,2810,MC+1,1,1018,835,633,978,433.247,616.247,818.247,818.247,1434.494,1867.741,1,1,1,323,-2147483648,-2147483648,-2147483648
d_step_80_160,2859,MC+1,1,938,623,660,828,513.247,828.247,791.247,791.247,1619.494,2132.741,0,1,1,315,-2147483648,-2147483648,-2147483648
d_step_80_160,2905,MC+1,1,799,645,644,959,652.247,806.247,807.247,807.247,1613.494,2265.741,1,1,1,314,-2147483648,-2147483648,-2147483648
d_step_80_160,2954,MC+1,1,731,684,649,1062,720.247,767.247,802.247,802.247,1569.494,2289.741,1,1,1,305,-2147483648,-2147483648,-2147483648
d_step_80_160,3003,MC+1,1,842,645,634,899,609.247,806.247,817.247,817.247,1623.494,2232.741,1,1,1,297,-2147483648,-2147483648,-2147483648
d_step_80_160,3063,MC+1,1,1160,754,609,1086,291.247,697.247,842.247,842.247,1539.494,1830.741,1,1,1,320,-2147483648,-2147483648,-2147483648
d_step_80_160,3121,MC+1,1,756,626,734,967,695.247,825.247,717.247,717.247,1542.494,2237.741,0,1,1,287,-2147483648,-2147483648,-2147483648
d_step_80_160,3178,MC+1,1,946,677,667,885,505.247,774.247,784.247,784.247,1558.494,2063.741,0,1,1,318,-2147483648,-2147483648,-2147483648
d_step_80_160,3227,MC+1,1,919,636,640,949,532.247,815.247,811.247,811.247,1626.494,2158.741,1,1,1,310,-2147483648,-2147483648,-2147483648
d_step_80_160,3270,MC+1,1,996,632,642,860,455.247,819.247,809.247,809.247,1628.494,2083.741,1,1,1,317,-2147483648,-2147483648,-2147483648
d_step_80_160,3325,MC+1,1,785,711,739,1062,666.247,740.247,712.247,712.247,1452.494,2118.741,0,1,1,292,-2147483648,-2147483648,-2147483648
d_step_80_160,3377,MC+1,1,775,678,655,979,676.247,773.247,796.247,796.247,1569.494,2245.741,0,1,1,276,-2147483648,-2147483648,-2147483648
d_step_80_160,3420,MC+1,1,929,679,643,909,522.247,772.247,808.247,808.247,1580.494,2102.741,1,1,1,283,-2147483648,-2147483648,-2147483648
d_step_80_160,3495,MC+3+,3,463,398,419,2096,988.247,1053.247,1032.247,1032.247,2085.494,3073.741,1,1,1,-91,200,492,-2147483648
d_step_80_160,3500,MC+1,1,625,674,675,1146,826.247,777.247,776.247,776.247,1553.494,2379.741,0,1,1,463,-2147483648,-2147483648,-2147483648
d_step_80_160,3568,MC+1,1,672,612,606,1027,779.247,839.247,845.247,845.247,1684.494,2463.741,1,1,1,578,-2147483648,-2147483648,-2147483648
d_step_80_160,3637,MC+1,1,844,610,611,994,607.247,841.247,840.247,840.247,1681.494,2288.741,1,1,1,566,-2147483648,-2147483648,-2147483648
d_step_80_160,3706,MC+1,1,620,635,650,926,831.247,816.247,801.247,801.247,1617.494,2448.741,1,1,1,565,-2147483648,-2147483648,-2147483648
d_step_80_160,3780,MC+1,1,586,621,604,986,865.247,830.247,847.247,847.247,1677.494,2542.741,1,1,1,612,-2147483648,-2147483648,-2147483648
d_step_80_160,3844,MC+1,1,602,605,648,1036,849.247,846.247,803.247,803.247,1649.494,2498.741,1,1,1,563,-2147483648,-2147483648,-2147483648
d_step_80_160,3913,MC+1,1,668,652,683,1112,783.247,799.247,768.247,768.247,1567.494,2350.741,0,1,1,562,-2147483648,-2147483648,-2147483648
d_step_80_160,3982,MC+1,1,594,612,594,1079,857.247,839.247,857.247,857.247,1696.494,2553.741,1,1,1,561,-2147483648,-2147483648,-2147483648
d_step_80_160,4051,MC+1,1,593,604,747,1040,858.247,847.247,704.247,704.247,1551.494,2409.741,0,1,1,560,-2147483648,-2147483648,-2147483648
d_step_80_160,4120,MC+1,1,695,622,596,1035,756.247,829.247,855.247,855.247,1684.494,2440.741,1,1,1,559,-2147483648,-2147483648,-2147483648
d_step_80_160,4189,MC+1,1,606,614,664,1025,845.247,837.247,787.247,787.247,1624.494,2469.741,0,1,1,559,-2147483648,-2147483648,-2147483648
d_step_80_160,4258,MC+1,1,694,618,599,1072,757.247,833.247,852.247,852.247,1685.494,2442.741,1,1,1,558,-2147483648,-2147483648,-2147483648
d_step_80_160,4327,MC+1,1,619,609,616,1019,832.247,842.247,835.247,835.247,1677.494,2509.741,1,1,1,557,-2147483648,-2147483648,-2147483648
d_step_80_160,4396,MC+1,1,600,737,609,998,851.247,714.247,842.247,842.247,1556.494,2407.741,1,1,1,556,-2147483648,-2147483648,-2147483648
d_step_80_160,4465,MC+1,1,606,629,668,991,845.247,822.247,783.247,783.247,1605.494,2450.741,0,1,1,555,-2147483648,-2147483648,-2147483648
d_step_80_160,4534,MC+1,1,627,610,650,1022,824.247,841.247,801.247,801.247,1642.494,2466.741,1,1,1,554,-2147483648,-2147483648,-2147483648
d_step_80_160,4603,MC+1,1,613,652,662,1087,838.247,799.247,789.247,789.247,1588.494,2426.741,0,1,1,553,-2147483648,-2147483648,-2147483648
d_step_80_160,4672,MC+1,1,650,624,657,1148,801.247,827.247,794.247,794.247,1621.494,2422.741,0,1,1,552,-2147483648,-2147483648,-2147483648
d_step_80_160,4740,MC+1,1,598,631,624,995,853.247,820.247,827.247,827.247,1647.494,2500.741,1,1,1,615,-2147483648,-2147483648,-2147483648
d_step_80_160,4809,MC+1,1,626,706,626,1057,825.247,745.247,825.247,825.247,1570.494,2395.741,1,1,1,614,-2147483648,-2147483648,-2147483648
d_step_80_160,4877,MC+1,1,598,626,623,954,853.247,825.247,828.247,828.247,1653.494,2506.741,1,1,1,370,-2147483648,-2147483648,-2147483648
d_step_80_160,4925,MC+1,1,729,695,626,1055,722.247,756.247,825.247,825.247,1581.494,2303.741,1,1,1,339,-2147483648,-2147483648,-2147483648
d_step_80_160,4969,MC+1,1,890,645,745,824,561.247,806.247,706.247,706.247,1512.494,2073.741,0,1,1,310,-2147483648,-2147483648,-2147483648
d_step_80_160,5018,MC+1,1,999,642,702,771,452.247,809.247,749.247,749.247,1558.494,2010.741,0,1,1,305,-2147483648,-2147483648,-2147483648
d_step_80_160,5067,MC+1,1,797,666,641,1017,654.247,785.247,810.247,810.247,1595.494,2249.741,1,1,1,297,-2147483648,-2147483648,-2147483648
d_step_80_160,5124,MC+1,1,709,643,668,1006,742.247,808.247,783.247,783.247,1591.494,2333.741,0,1,1,328,-2147483648,-2147483648,-2147483648
d_step_80_160,5173,MC+1,1,1106,736,757,886,345.247,715.247,694.247,694.247,1409.494,1754.741,0,1,1,319,-2147483648,-2147483648,-2147483648
d_step_80_160,5228,MC+1,1,863,630,783,1030,588.247,821.247,668.247,668.247,1489.494,2077.741,0,1,1,294,-2147483648,-2147483648,-2147483648
d_step_80_160,5277,MC+1,1,865,663,620,860,586.247,788.247,831.247,831.247,1619.494,2205.741,1,1,1,286,-2147483648,-2147483648,-2147483648
d_step_80_160,5326,MC+1,1,713,688,637,1064,738.247,763.247,814.247,814.247,1577.494,2315.741,1,1,1,277,-2147483648,-2147483648,-2147483648
d_step_80_160,5372,MC+1,1,840,650,628,985,611.247,801.247,823.247,823.247,1624.494,2235.741,1,1,1,276,-2147483648,-2147483648,-2147483648
d_step_80_160,5426,MC+1,1,886,697,647,1039,565.247,754.247,804.247,804.247,1558.494,2123.741,1,1,1,316,-2147483648,-2147483648,-2147483648
d_step_80_160,5475,MC+1,1,831,650,632,845,620.247,801.247,819.247,819.247,1620.494,2240.741,1,1,1,307,-2147483648,-2147483648,-2147483648
d_step_80_160,5524,MC+1,1,706,654,648,978,745.247,797.247,803.247,803.247,1600.494,2345.741,1,1,1,298,-2147483648,-2147483648,-2147483648
d_step_80_160,5570,MC+1,1,992,749,658,818,459.247,702.247,793.247,793.247,1495.494,1954.741,0,1,1,298,-2147483648,-2147483648,-2147483648
d_step_80_160,5619,MC+1,1,991,773,838,898,460.247,678.247,613.247,613.247,1291.494,1751.741,0,1,1,289,-2147483648,-2147483648,-2147483648
d_step_80_160,5665,MC+1,1,790,668,730,869,661.247,783.247,721.247,721.247,1504.494,2165.741,0,1,1,288,-2147483648,-2147483648,-2147483648
d_step_80_160,5714,MC+1,1,994,692,634,1034,457.247,759.247,817.247,817.247,1576.494,2033.741,1,1,1,280,-2147483648,-2147483648,-2147483648
d_step_80_160,5765,MC+1,1,663,746,632,1029,788.247,705.247,819.247,819.247,1524.494,2312.741,1,1,1,327,-2147483648,-2147483648,-2147483648
d_step_80_160,5820,MC+1,1,973,615,626,829,478.247,836.247,825.247,825.247,1661.494,2139.741,1,1,1,302,-2147483648,-2147483648,-2147483648
d_step_80_160,5883,MC+1,1,977,648,630,1110,474.247,803.247,821.247,821.247,1624.494,2098.741,1,1,1,318,-2147483648,-2147483648,-2147483648
d_step_80_160,5941,MC+1,1,1218,703,648,853,233.247,748.247,803.247,803.247,1551.494,1784.741,1,1,1,285,-2147483648,-2147483648,-2147483648
d_step_80_160,5990,MC+1,1,802,842,684,926,649.247,609.247,767.247,767.247,1376.494,2025.741,0,1,1,276,-2147483648,-2147483648,-2147483648
d_step_80_160,6044,MC+1,1,918,671,622,975,533.247,780.247,829.247,829.247,1609.494,2142.741,1,1,1,315,-2147483648,-2147483648,-2147483648
d_step_80_160,6093,MC+1,1,947,612,661,1016,504.247,839.247,790.247,790.247,1629.494,2133.741,0,1,1,307,-2147483648,-2147483648,-2147483648
d_step_80_160,6139,MC+1,1,1047,630,780,826,404.247,821.247,671.247,671.247,1492.494,1896.741,0,1,1,306,-2147483648,-2147483648,-2147483648
d_step_80_160,6188,MC+1,1,739,679,746,921,712.247,772.247,705.247,705.247,1477.494,2189.741,0,1,1,297,-2147483648,-2147483648,-2147483648
d_step_80_160,6252,MC+3+,3,388,395,396,2091,1063.247,1056.247,1055.247,1055.247,2111.494,3174.741,1,1,1,-165,113,391,-2147483648
d_step_80_160,6274,MC+1,1,642,617,823,1036,809.247,834.247,628.247,628.247,1462.494,2271.741,0,1,1,517,-2147483648,-2147483648,-2147483648
d_step_80_160,6346,MC+1,1,602,663,602,1164,849.247,788.247,849.247,849.247,1637.494,2486.741,1,1,1,564,-2147483648,-2147483648,-2147483648
d_step_80_160,6409,MC+1,1,640,598,673,862,811.247,853.247,778.247,778.247,1631.494,2442.741,0,1,1,575,-2147483648,-2147483648,-2147483648
d_step_80_160,6478,MC+1,1,718,630,608,1045,733.247,821.247,843.247,843.247,1664.494,2397.741,1,1,1,574,-2147483648,-2147483648,-2147483648
d_step_80_160,6553,MC+1,1,610,606,612,969,841.247,845.247,839.247,839.247,1684.494,2525.741,1,1,1,557,-2147483648,-2147483648,-2147483648
d_step_80_160,6616,MC+1,1,625,734,634,943,826.247,717.247,817.247,817.247,1534.494,2360.741,1,1,1,572,-2147483648,-2147483648,-2147483648
d_step_80_160,6691,MC+1,1,614,603,698,1003,837.247,848.247,753.247,753.247,1601.494,2438.741,0,1,1,555,-2147483648,-2147483648,-2147483648
d_step_80_160,6754,MC+1,1,595,612,712,916,856.247,839.247,739.247,739.247,1578.494,2434.741,0,1,1,571,-2147483648,-2147483648,-2147483648
d_step_80_160,6823,MC+1,1,601,600,692,830,850.247,851.247,759.247,759.247,1610.494,2460.741,0,1,1,570,-2147483648,-2147483648,-2147483648
d_step_80_160,6898,MC+1,1,651,612,600,1168,800.247,839.247,851.247,851.247,1690.494,2490.741,1,1,1,553,-2147483648,-2147483648,-2147483648
d_step_147_220_330,46,MC+1,1,649,822,611,978,802.247,629.247,840.247,840.247,1469.494,2271.741,1,1,1,241,-2147483648,-2147483648,-2147483648
d_step_147_220_330,92,MC+1,1,619,728,610,905,832.247,723.247,841.247,841.247,1564.494,2396.741,1,1,1,240,-2147483648,-2147483648,-2147483648
d_step_147_220_330,140,MC+1,1,664,815,719,905,787.247,636.247,732.247,732.247,1368.494,2155.741,0,1,1,245,-2147483648,-2147483648,-2147483648
d_step_147_220_330,190,MC+1,1,685,856,605,913,766.247,595.247,846.247,846.247,1441.494,2207.741,1,1,1,256,-2147483648,-2147483648,-2147483648
d_step_147_220_330,238,MC+1,1,631,760,693,882,820.247,691.247,758.247,758.247,1449.494,2269.741,0,1,1,261,-2147483648,-2147483648,-2147483648
d_step_147_220_330,287,MC+1,1,746,636,796,884,705.247,815.247,655.247,655.247,1470.494,2175.741,0,1,1,203,-2147483648,-2147483648,-2147483648
d_step_147_220_330,333,MC+1,1,752,634,719,887,699.247,817.247,732.247,732.247,1549.494,2248.741,0,1,1,202,-2147483648,-2147483648,-2147483648
d_step_147_220_330,385,MC+1,1,617,779,612,972,834.247,672.247,839.247,839.247,1511.494,2345.741,1,1,1,219,-2147483648,-2147483648,-2147483648
d_step_147_220_330,429,MC+1,1,667,733,670,894,784.247,718.247,781.247,781.247,1499.494,2283.741,0,1,1,212,-2147483648,-2147483648,-2147483648
d_step_147_220_330,477,MC+1,1,647,719,641,1015,804.247,732.247,810.247,810.247,1542.494,2346.741,1,1,1,217,-2147483648,-2147483648,-2147483648
d_step_147_220_330,525,MC+1,1,622,896,627,1027,829.247,555.247,824.247,824.247,1379.494,2208.741,1,1,1,222,-2147483648,-2147483648,-2147483648
d_step_147_220_330,573,MC+1,1,618,704,710,897,833.247,747.247,741.247,741.247,1488.494,2321.741,0,1,1,227,-2147483648,-2147483648,-2147483648
d_step_147_220_330,621,MC+1,1,633,722,781,889,818.247,729.247,670.247,670.247,1399.494,2217.741,0,1,1,233,-2147483648,-2147483648,-2147483648
d_step_147_220_330,669,MC+1,1,621,745,703,829,830.247,706.247,748.247,748.247,1454.494,2284.741,0,1,1,238,-2147483648,-2147483648,-2147483648
d_step_147_220_330,720,MC+1,1,1052,767,650,982,399.247,684.247,801.247,801.247,1485.494,1884.741,1,1,1,197,-2147483648,-2147483648,-2147483648
d_step_147_220_330,766,MC+1,1,756,869,635,907,695.247,582.247,816.247,816.247,1398.494,2093.741,1,1,1,165,-2147483648,-2147483648,-2147483648
d_step_147_220_330,813,MC+1,1,725,670,651,856,726.247,781.247,800.247,800.247,1581.494,2307.741,1,1,1,148,-2147483648,-2147483648,-2147483648
d_step_147_220_330,862,MC+1,1,759,744,620,992,692.247,707.247,831.247,831.247,1538.494,2230.741,1,1,1,139,-2147483648,-2147483648,-2147483648
d_step_147_220_330,909,MC+1,1,789,658,1027,895,662.247,793.247,424.247,424.247,1217.494,1879.741,0,1,1,163,-2147483648,-2147483648,-2147483648
d_step_147_220_330,955,MC+1,1,720,768,753,878,731.247,683.247,698.247,698.247,1381.494,2112.741,0,1,1,163,-2147483648,-2147483648,-2147483648
d_step_147_220_330,1005,MC+1,1,710,622,742,938,741.247,829.247,709.247,709.247,1538.494,2279.741,0,1,1,173,-2147483648,-2147483648,-2147483648
d_step_147_220_330,1053,MC+1,1,739,696,686,796,712.247,755.247,765.247,765.247,1520.494,2232.741,0,1,1,134,-2147483648,-2147483648,-2147483648
d_step_147_220_330,1100,MC+1,1,688,725,656,878,763.247,726.247,795.247,795.247,1521.494,2284.741,0,1,1,158,-2147483648,-2147483648,-2147483648
d_step_147_220_330,1149,MC+1,1,687,683,759,887,764.247,768.247,692.247,692.247,1460.494,2224.741,0,1,1,144,-2147483648,-2147483648,-2147483648
d_step_147_220_330,1197,MC+1,1,689,793,725,821,762.247,658.247,726.247,726.247,1384.494,2146.741,0,1,1,193,-2147483648,-2147483648,-2147483648
d_step_147_220_330,1245,MC+1,1,753,710,640,953,698.247,741.247,811.247,811.247,1552.494,2250.741,1,1,1,154,-2147483648,-2147483648,-2147483648
d_step_147_220_330,1294,MC+1,1,692,816,626,890,759.247,635.247,825.247,825.247,1460.494,2219.741,1,1,1,139,-2147483648,-2147483648,-2147483648
d_step_147_220_330,1341,MC+1,1,662,632,970,838,789.247,819.247,481.247,481.247,1300.494,2089.741,0,1,1,164,-2147483648,-2147483648,-2147483648
d_step_147_220_330,1390,MC+1,1,681,772,649,901,770.247,679.247,802.247,802.247,1481.494,2251.741,1,1,1,149,-2147483648,-2147483648,-2147483648
d_step_147_220_330,1439,MC+1,1,703,744,791,892,748.247,707.247,660.247,660.247,1367.494,2115.741,0,1,1,135,-2147483648,-2147483648,-2147483648
d_step_147_220_330,1486,MC+1,1,684,887,787,877,767.247,564.247,664.247,664.247,1228.494,1995.741,0,1,1,159,-2147483648,-2147483648,-2147483648
d_step_147_220_330,1535,MC+1,1,710,699,616,950,741.247,752.247,835.247,835.247,1587.494,2328.741,1,1,1,145,-2147483648,-2147483648,-2147483648
d_step_147_220_330,1581,MC+1,1,691,699,697,849,760.247,752.247,754.247,754.247,1506.494,2266.741,0,1,1,144,-2147483648,-2147483648,-2147483648
d_step_147_220_330,1629,MC+1,1,675,778,868,829,776.247,673.247,583.247,583.247,1256.494,2032.741,0,1,1,193,-2147483648,-2147483648,-2147483648
d_step_147_220_330,1678,MC+1,1,740,632,796,880,711.247,819.247,655.247,655.247,1474.494,2185.741,0,1,1,179,-2147483648,-2147483648,-2147483648
d_step_147_220_330,1726,MC+1,1,700,748,597,928,751.247,703.247,854.247,854.247,1557.494,2308.741,1,1,1,139,-2147483648,-2147483648,-2147483648
d_step_147_220_330,1773,MC+1,1,710,626,841,837,741.247,825.247,610.247,610.247,1435.494,2176.741,0,1,1,164,-2147483648,-2147483648,-2147483648
d_step_147_220_330,1820,MC+1,1,641,709,725,803,810.247,742.247,726.247,726.247,1468.494,2278.741,0,1,1,188,-2147483648,-2147483648,-2147483648
d_step_147_220_330,1869,MC+1,1,740,651,822,870,711.247,800.247,629.247,629.247,1429.494,2140.741,0,1,1,174,-2147483648,-2147483648,-2147483648
d_step_147_220_330,1917,MC+1,1,711,703,647,904,740.247,748.247,804.247,804.247,1552.494,2292.741,1,1,1,134,-2147483648,-2147483648,-2147483648
d_step_147_220_330,1967,MC+1,1,722,667,658,873,729.247,784.247,793.247,793.247,1577.494,2306.741,0,1,1,145,-2147483648,-2147483648,-2147483648
d_step_147_220_330,2013,MC+1,1,717,737,746,915,734.247,714.247,705.247,705.247,1419.494,2153.741,0,1,1,144,-2147483648,-2147483648,-2147483648
d_step_147_220_330,2060,MC+1,1,698,632,780,839,753.247,819.247,671.247,671.247,1490.494,2243.741,0,1,1,168,-2147483648,-2147483648,-2147483648
d_step_147_220_330,2121,MC+3+,3,408,402,685,2218,1043.247,1049.247,766.247,766.247,1815.494,2858.741,0,1,1,-163,5,172,-2147483648
d_step_147_220_330,2155,MC+1,1,736,873,703,979,715.247,578.247,748.247,748.247,1326.494,2041.741,0,1,1,341,-2147483648,-2147483648,-2147483648
d_step_147_220_330,2204,MC+1,1,919,647,677,889,532.247,804.247,774.247,774.247,1578.494,2110.741,0,1,1,361,-2147483648,-2147483648,-2147483648
d_step_147_220_330,2254,MC+1,1,746,714,666,937,705.247,737.247,785.247,785.247,1522.494,2227.741,0,1,1,360,-2147483648,-2147483648,-2147483648
d_step_147_220_330,2304,MC+1,1,698,619,666,971,753.247,832.247,785.247,785.247,1617.494,2370.741,0,1,1,364,-2147483648,-2147483648,-2147483648
d_step_147_220_330,2364,MC+1,1,773,639,683,1022,678.247,812.247,768.247,768.247,1580.494,2258.741,0,1,1,328,-2147483648,-2147483648,-2147483648
d_step_147_220_330,2411,MC+1,1,957,612,648,873,494.247,839.247,803.247,803.247,1642.494,2136.741,1,1,1,323,-2147483648,-2147483648,-2147483648
d_step_147_220_330,2458,MC+1,1,985,670,767,802,466.247,781.247,684.247,684.247,1465.494,1931.741,0,1,1,319,-2147483648,-2147483648,-2147483648
d_step_147_220_330,2514,MC+1,1,798,638,715,1079,653.247,813.247,736.247,736.247,1549.494,2202.741,0,1,1,339,-2147483648,-2147483648,-2147483648
d_step_147_220_330,2558,MC+1,1,902,682,650,875,549.247,769.247,801.247,801.247,1570.494,2119.741,1,1,1,326,-2147483648,-2147483648,-2147483648
d_step_147_220_330,2608,MC+1,1,942,645,671,906,509.247,806.247,780.247,780.247,1586.494,2095.741,0,1,1,330,-2147483648,-2147483648,-2147483648
d_step_147_220_330,2664,MC+1,1,749,652,760,869,702.247,799.247,691.247,691.247,1490.494,2192.741,0,1,1,350,-2147483648,-2147483648,-2147483648
d_step_147_220_330,2711,MC+1,1,853,612,619,835,598.247,839.247,832.247,832.247,1671.494,2269.741,1,1,1,346,-2147483648,-2147483648,-2147483648
d_step_147_220_330,2758,MC+1,1,1049,695,772,948,402.247,756.247,679.247,679.247,1435.494,1837.741,0,1,1,341,-2147483648,-2147483648,-2147483648
d_step_147_220_330,2814,MC+1,1,759,642,676,936,692.247,809.247,775.247,775.247,1584.494,2276.741,0,1,1,361,-2147483648,-2147483648,-2147483648
d_step_147_220_330,2861,MC+1,1,936,625,620,833,515.247,826.247,831.247,831.247,1657.494,2172.741,1,1,1,357,-2147483648,-2147483648,-2147483648
d_step_147_220_330,2908,MC+1,1,1127,670,734,790,324.247,781.247,717.247,717.247,1498.494,1822.741,0,1,1,352,-2147483648,-2147483648,-2147483648
d_step_147_220_330,2955,MC+1,1,718,649,726,830,733.247,802.247,725.247,725.247,1527.494,2260.741,0,1,1,348,-2147483648,-2147483648,-2147483648
d_step_147_220_330,3005,MC+1,1,945,728,681,861,506.247,723.247,770.247,770.247,1493.494,1999.741,0,1,1,351,-2147483648,-2147483648,-2147483648
d_step_147_220_330,3055,MC+1,1,769,812,658,1075,682.247,639.247,793.247,793.247,1432.494,2114.741,0,1,1,355,-2147483648,-2147483648,-2147483648
d_step_147_220_330,3105,MC+1,1,938,639,729,872,513.247,812.247,722.247,722.247,1534.494,2047.741,0,1,1,359,-2147483648,-2147483648,-2147483648
d_step_147_220_330,3155,MC+1,1,797,686,635,971,654.247,765.247,816.247,816.247,1581.494,2235.741,1,1,1,362,-2147483648,-2147483648,-2147483648
d_step_147_220_330,3206,MC+1,1,654,689,680,1010,797.247,762.247,771.247,771.247,1533.494,2330.741,0,1,1,302,-2147483648,-2147483648,-2147483648
d_step_147_220_330,3256,MC+1,1,638,651,658,979,813.247,800.247,793.247,793.247,1593.494,2406.741,0,1,1,306,-2147483648,-2147483648,-2147483648
d_step_147_220_330,3306,MC+1,1,808,670,639,910,643.247,781.247,812.247,812.247,1593.494,2236.741,1,1,1,309,-2147483648,-2147483648,-2147483648
d_step_147_220_330,3353,MC+1,1,693,631,602,969,758.247,820.247,849.247,849.247,1669.494,2427.741,1,1,1,305,-2147483648,-2147483648,-2147483648
d_step_147_220_330,3400,MC+1,1,710,677,690,910,741.247,774.247,761.247,761.247,1535.494,2276.741,0,1,1,300,-2147483648,-2147483648,-2147483648
d_step_147_220_330,3450,MC+1,1,735,640,607,937,716.247,811.247,844.247,844.247,1655.494,2371.741,1,1,1,304,-2147483648,-2147483648,-2147483648
d_step_147_220_330,3497,MC+1,1,908,645,635,934,543.247,806.247,816.247,816.247,1622.494,2165.741,1,1,1,224,-2147483648,-2147483648,-2147483648
d_step_147_220_330,3549,MC+1,1,623,660,673,845,828.247,791.247,778.247,778.247,1569.494,2397.741,0,1,1,245,-2147483648,-2147483648,-2147483648
d_step_147_220_330,3597,MC+1,1,663,795,650,973,788.247,656.247,801.247,801.247,1457.494,2245.741,1,1,1,261,-2147483648,-2147483648,-2147483648
d_step_147_220_330,3646,MC+1,1,723,655,627,945,728.247,796.247,824.247,824.247,1620.494,2348.741,1,1,1,204,-2147483648,-2147483648,-2147483648
d_step_147_220_330,3700,MC+1,1,628,909,629,938,823.247,542.247,822.247,822.247,1364.494,2187.741,1,1,1,226,-2147483648,-2147483648,-2147483648
d_step_147_220_330,3748,MC+1,1,646,691,679,788,805.247,760.247,772.247,772.247,1532.494,2337.741,0,1,1,231,-2147483648,-2147483648,-2147483648
d_step_147_220_330,3796,MC+1,1,650,755,602,873,801.247,696.247,849.247,849.247,1545.494,2346.741,1,1,1,237,-2147483648,-2147483648,-2147483648
d_step_147_220_330,3850,MC+1,1,637,764,677,959,814.247,687.247,774.247,774.247,1461.494,2275.741,0,1,1,259,-2147483648,-2147483648,-2147483648
d_step_147_220_330,3898,MC+1,1,730,729,872,1072,721.247,722.247,579.247,579.247,1301.494,2022.741,0,1,1,264,-2147483648,-2147483648,-2147483648
d_step_147_220_330,3947,MC+1,1,872,673,611,875,579.247,778.247,840.247,840.247,1618.494,2197.741,1,1,1,205,-2147483648,-2147483648,-2147483648
d_step_147_220_330,3999,MC+1,1,662,723,817,903,789.247,728.247,634.247,634.247,1362.494,2151.741,0,1,1,222,-2147483648,-2147483648,-2147483648
d_step_147_220_330,4047,MC+1,1,639,761,651,913,812.247,690.247,800.247,800.247,1490.494,2302.741,1,1,1,227,-2147483648,-2147483648,-2147483648
d_step_147_220_330,4097,MC+1,1,653,737,653,982,798.247,714.247,798.247,798.247,1512.494,2310.741,0,1,1,238,-2147483648,-2147483648,-2147483648
d_step_147_220_330,4149,MC+1,1,685,685,752,949,766.247,766.247,699.247,699.247,1465.494,2231.741,0,1,1,255,-2147483648,-2147483648,-2147483648
d_step_147_220_330,4200,MC+1,1,897,622,614,926,554.247,829.247,837.247,837.247,1666.494,2220.741,1,1,1,202,-2147483648,-2147483648,-2147483648
d_step_147_220_330,4246,MC+1,1,752,669,607,886,699.247,782.247,844.247,844.247,1626.494,2325.741,1,1,1,201,-2147483648,-2147483648,-2147483648
d_step_147_220_330,4300,MC+1,1,639,1032,711,968,812.247,419.247,740.247,740.247,1159.494,1971.741,0,1,1,223,-2147483648,-2147483648,-2147483648
d_step_147_220_330,4348,MC+1,1,694,663,678,857,757.247,788.247,773.247,773.247,1561.494,2318.741,0,1,1,229,-2147483648,-2147483648,-2147483648
d_step_147_220_330,4396,MC+1,1,681,894,635,953,770.247,557.247,816.247,816.247,1373.494,2143.741,1,1,1,234,-2147483648,-2147483648,-2147483648
d_step_147_220_330,4448,MC+1,1,688,916,619,944,763.247,535.247,832.247,832.247,1367.494,2130.741,1,1,1,250,-2147483648,-2147483648,-2147483648
d_step_147_220_330,4498,MC+1,1,696,739,660,852,755.247,712.247,791.247,791.247,1503.494,2258.741,0,1,1,261,-2147483648,-2147483648,-2147483648
d_step_147_220_330,4547,MC+1,1,777,647,646,954,674.247,804.247,805.247,805.247,1609.494,2283.741,1,1,1,202,-2147483648,-2147483648,-2147483648
d_step_147_220_330,4599,MC+1,1,633,700,671,920,818.247,751.247,780.247,780.247,1531.494,2349.741,0,1,1,219,-2147483648,-2147483648,-2147483648
d_step_147_220_330,4649,MC+1,1,632,834,632,929,819.247,617.247,819.247,819.247,1436.494,2255.741,1,1,1,230,-2147483648,-2147483648,-2147483648
d_step_147_220_330,4697,MC+1,1,739,732,657,879,712.247,719.247,794.247,794.247,1513.494,2225.741,0,1,1,235,-2147483648,-2147483648,-2147483648
d_step_147_220_330,4749,MC+1,1,669,685,831,907,782.247,766.247,620.247,620.247,1386.494,2168.741,0,1,1,252,-2147483648,-2147483648,-2147483648
d_step_147_220_330,4799,MC+1,1,631,863,645,925,820.247,588.247,806.247,806.247,1394.494,2214.741,1,1,1,263,-2147483648,-2147483648,-2147483648
d_step_147_220_330,4847,MC+1,1,708,686,636,1041,743.247,765.247,815.247,815.247,1580.494,2323.741,1,1,1,267,-2147483648,-2147483648,-2147483648
d_step_147_220_330,4892,MC+1,1,734,655,841,935,717.247,796.247,610.247,610.247,1406.494,2123.741,0,1,1,184,-2147483648,-2147483648,-2147483648
d_step_147_220_330,4941,MC+1,1,731,692,655,923,720.247,759.247,796.247,796.247,1555.494,2275.741,0,1,1,145,-2147483648,-2147483648,-2147483648
d_step_147_220_330,4990,MC+1,1,694,811,660,869,757.247,640.247,791.247,791.247,1431.494,2188.741,0,1,1,137,-2147483648,-2147483648,-2147483648
d_step_147_220_330,5038,MC+1,1,621,656,837,907,830.247,795.247,614.247,614.247,1409.494,2239.741,0,1,1,187,-2147483648,-2147483648,-2147483648
d_step_147_220_330,5086,MC+1,1,734,756,653,1116,717.247,695.247,798.247,798.247,1493.494,2210.741,0,1,1,148,-2147483648,-2147483648,-2147483648
d_step_147_220_330,5136,MC+1,1,689,771,646,911,762.247,680.247,805.247,805.247,1485.494,2247.741,1,1,1,158,-2147483648,-2147483648,-2147483648
d_step_147_220_330,5180,MC+1,1,587,753,755,849,864.247,698.247,696.247,696.247,1394.494,2258.741,0,1,1,196,-2147483648,-2147483648,-2147483648
d_step_147_220_330,5228,MC+1,1,717,678,646,927,734.247,773.247,805.247,805.247,1578.494,2312.741,1,1,1,157,-2147483648,-2147483648,-2147483648
d_step_147_220_330,5277,MC+1,1,724,667,639,898,727.247,784.247,812.247,812.247,1596.494,2323.741,1,1,1,142,-2147483648,-2147483648,-2147483648
d_step_147_220_330,5324,MC+1,1,690,669,727,926,761.247,782.247,724.247,724.247,1506.494,2267.741,0,1,1,167,-2147483648,-2147483648,-2147483648
d_step_147_220_330,5373,MC+1,1,726,730,717,829,725.247,721.247,734.247,734.247,1455.494,2180.741,0,1,1,152,-2147483648,-2147483648,-2147483648
d_step_147_220_330,5422,MC+1,1,737,1019,749,905,714.247,432.247,702.247,702.247,1134.494,1848.741,0,1,1,138,-2147483648,-2147483648,-2147483648
d_step_147_220_330,5469,MC+1,1,713,645,791,910,738.247,806.247,660.247,660.247,1466.494,2204.741,0,1,1,162,-2147483648,-2147483648,-2147483648
d_step_147_220_330,5518,MC+1,1,757,703,750,895,694.247,748.247,701.247,701.247,1449.494,2143.741,0,1,1,148,-2147483648,-2147483648,-2147483648
d_step_147_220_330,5566,MC+1,1,670,995,754,896,781.247,456.247,697.247,697.247,1153.494,1934.741,0,1,1,197,-2147483648,-2147483648,-2147483648
d_step_147_220_330,5612,MC+1,1,627,733,758,885,824.247,718.247,693.247,693.247,1411.494,2235.741,0,1,1,196,-2147483648,-2147483648,-2147483648
d_step_147_220_330,5661,MC+1,1,699,648,741,818,752.247,803.247,710.247,710.247,1513.494,2265.741,0,1,1,182,-2147483648,-2147483648,-2147483648
d_step_147_220_330,5709,MC+1,1,712,709,896,880,739.247,742.247,555.247,555.247,1297.494,2036.741,0,1,1,142,-2147483648,-2147483648,-2147483648
d_step_147_220_330,5759,MC+1,1,699,806,639,859,752.247,645.247,812.247,812.247,1457.494,2209.741,1,1,1,153,-2147483648,-2147483648,-2147483648
d_step_147_220_330,5805,MC+1,1,677,685,736,868,774.247,766.247,715.247,715.247,1481.494,2255.741,0,1,1,152,-2147483648,-2147483648,-2147483648
d_step_147_220_330,5854,MC+1,1,730,923,608,1109,721.247,528.247,843.247,843.247,1371.494,2092.741,1,1,1,138,-2147483648,-2147483648,-2147483648
d_step_147_220_330,5900,MC+1,1,975,716,605,884,476.247,735.247,846.247,846.247,1581.494,2057.741,1,1,1,137,-2147483648,-2147483648,-2147483648
d_step_147_220_330,5950,MC+1,1,698,833,621,851,753.247,618.247,830.247,830.247,1448.494,2201.741,1,1,1,148,-2147483648,-2147483648,-2147483648
d_step_147_220_330,5997,MC+1,1,826,647,728,967,625.247,804.247,723.247,723.247,1527.494,2152.741,0,1,1,172,-2147483648,-2147483648,-2147483648
d_step_147_220_330,6044,MC+1,1,622,706,687,875,829.247,745.247,764.247,764.247,1509.494,2338.741,0,1,1,197,-2147483648,-2147483648,-2147483648
d_step_147_220_330,6093,MC+1,1,680,646,847,848,771.247,805.247,604.247,604.247,1409.494,2180.741,0,1,1,182,-2147483648,-2147483648,-2147483648
d_step_147_220_330,6141,MC+1,1,737,739,893,904,714.247,712.247,558.247,558.247,1270.494,1984.741,0,1,1,143,-2147483648,-2147483648,-2147483648
d_step_147_220_330,6189,MC+1,1,672,723,743,817,779.247,728.247,708.247,708.247,1436.494,2215.741,0,1,1,192,-2147483648,-2147483648,-2147483648
d_step_147_220_330,6243,MC+3+,3,404,402,602,2056,1047.247,1049.247,849.247,849.247,1898.494,2945.741,1,1,1,-94,45,183,-2147483648
d_step_147_220_330,6268,MC+1,1,640,729,771,1022,811.247,722.247,680.247,680.247,1402.494,2213.741,0,1,1,332,-2147483648,-2147483648,-2147483648
d_step_147_220_330,6316,MC+1,1,806,672,647,955,645.247,779.247,804.247,804.247,1583.494,2228.741,1,1,1,321,-2147483648,-2147483648,-2147483648
d_step_147_220_330,6369,MC+1,1,1182,729,888,1027,269.247,722.247,563.247,563.247,1285.494,1554.741,0,1,1,319,-2147483648,-2147483648,-2147483648
d_step_147_220_330,6419,MC+1,1,794,844,661,897,657.247,607.247,790.247,790.247,1397.494,2054.741,0,1,1,322,-2147483648,-2147483648,-2147483648
d_step_147_220_330,6466,MC+1,1,805,805,665,947,646.247,646.247,786.247,786.247,1432.494,2078.741,0,1,1,317,-2147483648,-2147483648,-2147483648
d_step_147_220_330,6516,MC+1,1,779,743,635,1005,672.247,708.247,816.247,816.247,1524.494,2196.741,1,1,1,321,-2147483648,-2147483648,-2147483648
d_step_147_220_330,6560,MC+1,1,613,797,637,810,838.247,654.247,814.247,814.247,1468.494,2306.741,1,1,1,308,-2147483648,-2147483648,-2147483648
d_step_147_220_330,6610,MC+1,1,985,781,628,926,466.247,670.247,823.247,823.247,1493.494,1959.741,1,1,1,312,-2147483648,-2147483648,-2147483648
d_step_147_220_330,6669,MC+1,1,1103,682,758,896,348.247,769.247,693.247,693.247,1462.494,1810.741,0,1,1,340,-2147483648,-2147483648,-2147483648
d_step_147_220_330,6719,MC+1,1,776,654,607,875,675.247,797.247,844.247,844.247,1641.494,2316.741,1,1,1,344,-2147483648,-2147483648,-2147483648
d_step_147_220_330,6766,MC+1,1,761,701,650,901,690.247,750.247,801.247,801.247,1551.494,2241.741,1,1,1,339,-2147483648,-2147483648,-2147483648
d_step_147_220_330,6819,MC+1,1,993,665,779,883,458.247,786.247,672.247,672.247,1458.494,1916.741,0,1,1,351,-2147483648,-2147483648,-2147483648
d_step_147_220_330,6869,MC+1,1,758,782,621,981,693.247,669.247,830.247,830.247,1499.494,2192.741,1,1,1,355,-2147483648,-2147483648,-2147483648
d_step_147_220_330,6916,MC+1,1,764,747,644,945,687.247,704.247,807.247,807.247,1511.494,2198.741,1,1,1,350,-2147483648,-2147483648,-2147483648
