B4D1_PRESTAGE name=b4d12_mat_a_frozen_baseline kind=19 f0=220.0 frames=2866500 fnv=7485cb01 rms=0.068750
[0;31mE (21154) esp_clk_tree: esp_clk_tree_src_get_freq_hz(82): freq shouldn't be 0, calibration failed[0m
[0;31mE (21156) i2s_std: i2s_std_calculate_clock(57): sample rate is too large for the current clock source[0m
[0;31mE (21164) i2s_std: i2s_std_set_clock(74): clock calculate failed[0m
[0;31mE (21171) i2s_std: i2s_channel_init_std_mode(225): initialize channel failed while setting clock[0m
[0;33mW (21180) audio_i2s: AUDIO CLOCK WARNING: APLL unavailable, using XTAL fractional clock[0m
AUDIO CLOCK: EXPECTED_FALLBACK (APLL unavailable, using XTAL fractional clock)

=======================================================
            AUDIO HARDWARE CONFIGURATION               
=======================================================
Target Board:                   Wireless-Tag WT9932P4-TINY (ESP32-P4)
requested Fs:                   44100 Hz
actual/configured clock source: SOC_MOD_CLK_XTAL (XTAL fractional clock)
source clock Hz:                40000000 Hz
MCLK Hz:                        11289600 Hz
BCLK Hz:                        2822400 Hz
LRCK/Fs:                        44100 Hz
MCLK/Fs ratio:                  256
BCLK/Fs ratio:                  64
I2S Controller:                 I2S_NUM_0 (Full-Duplex Standard Philips)
MCLK GPIO:                      GPIO_19 (Header Pin 4 -> PCM1808 SCKI)
BCLK GPIO:                      GPIO_20 (Header Pin 5 -> PCM1808/PCM5102 BCK)
WS GPIO:                        GPIO_21 (Header Pin 6 -> PCM1808/PCM5102 LRCK)
DOUT GPIO:                      GPIO_22 (Header Pin 7 -> PCM5102 DIN)
DIN GPIO:                       GPIO_23 (Header Pin 8 <- PCM1808 DOUT)
Data Width:                     32-bit slot, 24-bit audio MSB-aligned in bits [31:8]
Slot Width:                     32 bits per slot (2 slots/frame = 64 BCLK/frame)
Channels:                       Stereo (L/R interleaved)
DMA Descriptors:                6 descriptors
DMA Frame Count:                64 frames/desc (512 bytes/desc)
DMA buffering capacity:         8.00 ms (384 frames total)
physical/effective latency:     PENDING_HARDWARE_MEASUREMENT
=======================================================

B4D1_STACK audio_hwm_bytes=17616 pitch_hwm_bytes=8700
B4D12_FORENSIC_HEADER set,block,dsp_us,cycle_us,input_cycles,comp_cycles,harmony_cycles,drive_cycles,chorus_cycles,delay_cycles,reverb_cycles,master_cycles,new_grains,active_grains,source_grains,grain_samples,model_lookups,model_expensive,model_warp_us,formant_changed,pitch_changed,track_state,fallback,recovery,fir_computed,fir_reused,deferred_slices,psola_sched_cycles,psola_addgrain_cycles,psola_deferred_cycles,psola_mark_cycles,psola_desc_cycles,psola_near_cycles,psola_poly_cycles,psola_gn_cycles
B4D12_FORENSIC_COUNT top=100 misses=20 miss_dropped=0
B4D12_FORENSIC,top,1,1235,1576,0,0,0,0,0,0,0,0,1,1,0,583,1,1,171.43,1,0,2,1,0,0,0,3,133843,117866,39076,22159,5672,23915,303,22040
B4D12_FORENSIC,top,6955,2335,3155,0,0,0,0,0,0,0,0,3,3,0,1083,3,1,456.11,1,0,2,1,0,0,0,3,327564,271911,117535,27370,11498,36052,313,24807
B4D12_FORENSIC,top,186,2304,3281,0,0,0,0,0,0,0,0,2,2,0,854,2,1,469.83,1,0,2,1,0,0,0,2,323883,276166,113452,25050,11306,32960,308,24890
B4D12_FORENSIC,top,1530,1196,1854,0,0,0,0,0,0,0,0,1,1,0,425,1,0,33.78,0,0,2,0,0,0,0,3,92676,87810,31205,44160,2962,3216,0,0
B4D12_FORENSIC,top,11801,1154,1815,0,0,0,0,0,0,0,0,1,1,0,429,1,1,191.04,1,0,2,0,0,0,0,3,108060,95134,56218,2993,5657,5120,305,37146
B4D12_FORENSIC,top,1961,1169,1658,0,0,0,0,0,0,0,0,1,1,0,427,1,1,248.24,1,0,2,0,0,0,0,3,119146,114178,25301,4083,8326,7962,1415,46948
B4D12_FORENSIC,top,8104,1203,1888,0,0,0,0,0,0,0,0,1,1,0,321,1,0,75.99,0,0,2,1,0,0,0,3,63701,53571,28358,8342,2997,10402,0,0
B4D12_FORENSIC,top,8994,2238,3195,0,0,0,0,0,0,0,0,3,3,0,955,3,2,461.96,1,0,2,1,0,0,0,3,321525,273932,100961,30720,11517,34660,601,40681
B4D12_FORENSIC,top,232,1262,1957,0,0,0,0,0,0,0,0,1,1,0,427,1,1,162.85,1,0,2,0,0,0,0,3,95264,87742,32168,5759,2976,2338,323,21962
B4D12_FORENSIC,top,242,1176,1792,0,0,0,0,0,0,0,0,1,1,0,427,1,1,320.34,1,0,2,0,0,0,0,2,149862,144901,14835,3135,5717,29076,303,33180
B4D12_FORENSIC,top,6607,2271,3216,0,0,0,0,0,0,0,0,2,2,0,1670,2,1,510.96,1,0,2,1,0,0,0,2,348564,300834,113090,26187,11240,35100,1447,24713
B4D12_FORENSIC,top,6680,1178,1896,0,0,0,0,0,0,0,0,1,1,0,811,1,0,131.36,0,0,2,0,0,0,0,3,106226,98652,38817,8113,8192,22314,0,0
B4D12_FORENSIC,top,8774,1185,1666,0,0,0,0,0,0,0,0,1,1,0,433,1,1,141.14,1,0,2,0,0,0,0,3,107399,86394,45270,9442,10874,7959,3018,27069
B4D12_FORENSIC,top,6960,1214,1900,0,0,0,0,0,0,0,0,1,1,0,361,1,0,54.13,0,0,2,1,0,0,0,3,66937,54034,31084,5811,2966,18344,0,0
B4D12_FORENSIC,top,12954,1193,1814,0,0,0,0,0,0,0,0,1,1,0,331,1,0,34.49,0,0,2,0,0,0,0,3,52881,47864,51926,6723,8328,5601,0,0
B4D12_FORENSIC,top,13621,2401,3256,0,0,0,0,0,0,0,0,3,3,0,1389,3,1,462.25,1,0,2,1,0,0,0,3,357316,301755,126225,39221,11493,31934,306,24540
B4D12_FORENSIC,top,1672,1190,1881,0,0,0,0,0,0,0,0,1,1,0,415,1,1,196.18,1,0,2,0,0,0,0,3,119158,106346,26692,9477,308,8484,691,27462
B4D12_FORENSIC,top,6685,1158,1619,0,0,0,0,0,0,0,0,1,1,0,781,1,1,158.97,1,0,2,1,0,0,0,3,121192,102942,27962,2758,10884,8616,324,22108
B4D12_FORENSIC,top,1703,1180,1755,0,0,0,0,0,0,0,0,1,1,0,425,1,1,189.53,1,0,2,0,0,0,0,3,103132,87626,28272,9369,2980,3261,331,30365
B4D12_FORENSIC,top,9073,1298,1793,0,0,0,0,0,0,0,0,1,1,0,325,1,0,83.47,0,0,2,0,0,0,0,3,126602,98344,37326,28927,8284,23693,0,0
B4D12_FORENSIC,top,1993,1185,1872,0,0,0,0,0,0,0,0,1,1,0,433,1,0,56.96,0,0,2,0,0,0,0,3,66458,53508,28117,6829,2978,3266,0,0
B4D12_FORENSIC,top,12650,1191,1793,0,0,0,0,0,0,0,0,1,1,0,321,1,1,185.58,1,0,2,0,0,0,0,3,109646,102054,40238,22636,288,4913,307,27344
B4D12_FORENSIC,top,350,1181,1864,0,0,0,0,0,0,0,0,1,1,0,431,1,1,162.06,1,0,2,0,0,0,0,3,93174,85632,39131,9187,5672,18343,324,24284
B4D12_FORENSIC,top,10820,1381,2058,0,0,0,0,0,0,0,0,1,1,0,385,1,1,275.65,1,0,2,1,0,0,0,3,147490,131915,37511,6671,10874,17997,335,27446
B4D12_FORENSIC,top,10642,1189,1846,0,0,0,0,0,0,0,0,1,1,0,471,1,1,229.46,1,0,2,1,0,0,0,3,119782,104110,26376,3502,8282,5953,329,47354
B4D12_FORENSIC,top,1606,1193,1823,0,0,0,0,0,0,0,0,1,1,0,429,1,1,208.63,1,0,2,0,0,0,0,3,122138,111928,35390,18907,2990,5233,328,32804
B4D12_FORENSIC,top,3480,2632,3529,0,0,0,0,0,0,0,0,3,3,0,1095,3,1,516.96,1,0,2,1,0,0,0,3,357605,302191,138524,26115,11531,40116,1439,24913
B4D12_FORENSIC,top,6650,1158,1882,0,0,0,0,0,0,0,0,1,1,0,773,1,1,111.84,1,0,2,0,0,0,0,3,90092,74410,29063,8040,5654,5047,329,27537
B4D12_FORENSIC,top,9985,2361,3251,0,0,0,0,0,0,0,0,2,2,0,916,2,2,497.98,1,0,2,1,0,0,0,2,337906,284570,107544,24321,11231,30726,1726,49909
B4D12_FORENSIC,top,12450,2345,3240,0,0,0,0,0,0,0,0,2,2,0,686,2,1,492.28,1,0,2,1,0,0,0,2,335079,282061,109574,25082,11227,34825,692,24952
B4D12_FORENSIC,top,708,2418,3370,0,0,0,0,0,0,0,0,3,3,0,1179,3,1,483.95,1,0,2,1,0,0,0,3,342021,283656,109239,28750,11473,36698,1417,24968
B4D12_FORENSIC,top,9249,1209,1804,0,0,0,0,0,0,0,0,1,1,0,433,1,1,179.04,1,0,2,1,0,0,0,3,94192,86644,38520,6744,2978,10480,329,43636
B4D12_FORENSIC,top,11912,1163,1754,0,0,0,0,0,0,0,0,1,1,0,423,1,1,185.60,1,0,2,0,0,0,0,3,115028,96890,26466,3847,5664,13240,3039,35132
B4D12_FORENSIC,top,10824,1165,1756,0,0,0,0,0,0,0,0,1,1,0,385,1,0,73.91,0,0,2,1,0,0,0,3,69184,53591,28407,6578,2976,17548,0,0
B4D12_FORENSIC,top,9703,2495,3412,0,0,0,0,0,0,0,0,2,2,0,690,2,1,508.91,1,0,2,1,0,0,0,2,335943,282825,119020,20840,11232,31845,1412,27338
B4D12_FORENSIC,top,7492,1239,1935,0,0,0,0,0,0,0,0,1,1,0,361,1,1,258.54,1,0,2,0,0,0,0,3,158522,145546,27533,26347,8354,10509,328,42582
B4D12_FORENSIC,top,8616,1164,1829,0,0,0,0,0,0,0,0,1,1,0,421,1,1,119.43,1,0,2,0,0,0,0,3,72614,62463,27676,9453,2970,5256,321,24691
B4D12_FORENSIC,top,6624,1353,2145,0,0,0,0,0,0,0,0,1,1,0,809,1,0,122.71,0,0,2,0,0,0,0,3,150448,124392,63295,7899,16166,26844,0,0
B4D12_FORENSIC,top,3752,1170,1768,0,0,0,0,0,0,0,0,1,1,0,321,1,1,165.16,1,0,2,0,0,0,0,3,86386,76334,25223,6837,5666,5260,324,32876
B4D12_FORENSIC,top,9704,1180,1302,0,0,0,0,0,0,0,0,1,1,0,339,1,0,14.00,0,0,2,1,0,0,0,3,32908,17498,31396,2431,2980,4015,0,0
B4D12_FORENSIC,top,13160,1163,1958,0,0,0,0,0,0,0,0,1,1,0,401,1,1,187.06,1,0,2,0,0,0,0,2,104791,97564,22634,4192,8228,15868,326,24944
B4D12_FORENSIC,top,8431,1164,1756,0,0,0,0,0,0,0,0,1,1,0,427,1,1,171.82,1,0,2,0,0,0,0,3,104360,91444,30540,6131,3004,18477,307,33009
B4D12_FORENSIC,top,10183,1219,1813,0,0,0,0,0,0,0,0,1,1,0,427,1,0,46.51,0,0,2,0,0,0,0,3,96480,78552,61707,30557,280,7750,0,0
B4D12_FORENSIC,top,12456,1362,1760,0,0,0,0,0,0,0,0,1,1,0,353,1,0,32.69,0,0,2,1,0,0,0,3,51112,43600,28674,5901,10880,3896,0,0
B4D12_FORENSIC,top,877,2110,2877,0,0,0,0,0,0,0,0,3,3,0,1201,3,1,360.56,1,0,2,1,0,0,0,3,287433,239863,111254,31555,11480,25680,1442,24918
B4D12_FORENSIC,top,1448,1225,1912,0,0,0,0,0,0,0,0,1,1,0,431,1,1,186.47,1,0,2,0,0,0,0,3,101838,91810,28256,6627,5528,7855,691,24591
B4D12_FORENSIC,top,13672,1237,1959,0,0,0,0,0,0,0,0,1,1,0,437,1,1,127.80,1,0,2,0,0,0,0,3,79984,75304,30035,11193,2980,8471,321,21887
B4D12_FORENSIC,top,8011,2470,3121,0,0,0,0,0,0,0,0,3,3,0,1109,3,1,498.49,1,0,2,1,0,0,0,3,339301,291798,129492,27349,11561,35834,1435,27938
B4D12_FORENSIC,top,11981,1205,1876,0,0,0,0,0,0,0,0,1,1,0,421,1,1,196.00,1,0,2,0,0,0,0,3,114197,95370,28667,6489,5654,8664,304,29888
B4D12_FORENSIC,top,10186,1183,1774,0,0,0,0,0,0,0,0,1,1,0,423,1,1,201.33,1,0,2,0,0,0,0,3,112862,86514,34000,4040,2984,5295,302,30002
B4D12_FORENSIC,top,9722,1176,1880,0,0,0,0,0,0,0,0,1,1,0,347,1,1,186.17,1,0,2,1,0,0,0,3,108684,85020,33168,2585,5680,4906,332,24834
B4D12_FORENSIC,top,2014,1271,1962,0,0,0,0,0,0,0,0,1,1,0,423,1,1,273.88,1,0,2,0,0,0,0,3,136338,120762,42014,6798,2978,12981,1432,40298
B4D12_FORENSIC,top,11328,2147,3191,0,0,0,0,0,0,0,0,2,2,0,1096,2,1,491.59,1,0,2,1,0,0,0,2,335340,282224,113218,28169,11387,30929,1430,24822
B4D12_FORENSIC,top,6654,1181,1935,0,0,0,0,0,0,0,0,1,1,0,773,1,0,133.52,0,0,2,0,0,0,0,2,132716,109088,24595,20905,10882,21484,0,0
B4D12_FORENSIC,top,12590,1179,1682,0,0,0,0,0,0,0,0,1,1,0,325,1,1,200.35,1,0,2,0,0,0,0,3,101436,86003,36858,3873,284,7930,307,32364
B4D12_FORENSIC,top,1389,1175,1837,0,0,0,0,0,0,0,0,1,1,0,421,1,1,200.43,1,1,2,1,0,0,0,3,112494,99504,31359,4001,8282,23839,330,21776
B4D12_FORENSIC,top,6696,1295,2064,0,0,0,0,0,0,0,0,1,1,0,409,1,0,56.29,0,0,2,0,0,0,0,3,55970,35906,25802,5584,3018,5984,0,0
B4D12_FORENSIC,top,6629,1235,1953,0,0,0,0,0,0,0,0,1,1,0,805,1,1,232.17,1,0,2,0,0,0,0,2,167778,139086,24663,29272,6049,13782,301,35270
B4D12_FORENSIC,top,7144,1213,1895,0,0,0,0,0,0,0,0,1,1,0,321,1,1,161.26,1,0,2,0,0,0,0,3,74374,66912,41874,4189,284,5250,324,26289
B4D12_FORENSIC,top,12648,1197,1846,0,0,0,0,0,0,0,0,1,1,0,321,1,0,33.52,0,0,2,0,0,0,0,3,28090,20684,40300,4001,2974,5780,0,0
B4D12_FORENSIC,top,11012,1242,1864,0,0,0,0,0,0,0,0,1,1,0,425,1,1,185.66,1,0,2,0,0,0,0,3,114938,97158,36298,4145,11040,10383,325,27249
B4D12_FORENSIC,top,10809,2471,3344,0,0,0,0,0,0,0,0,3,3,0,1093,3,1,470.97,1,0,2,1,0,0,0,3,344139,293528,114613,36101,11902,36365,296,24682
B4D12_FORENSIC,top,1806,1174,1834,0,0,0,0,0,0,0,0,1,1,0,427,1,1,172.86,1,0,2,0,0,0,0,3,94740,81754,24504,4123,5698,4090,1456,22224
B4D12_FORENSIC,top,1832,1194,1803,0,0,0,0,0,0,0,0,1,1,0,421,1,1,140.70,1,0,2,0,0,0,0,3,77576,67402,24425,6785,278,2458,323,24345
B4D12_FORENSIC,top,12776,1185,1841,0,0,0,0,0,0,0,0,1,1,0,321,1,1,143.84,1,0,2,0,0,0,0,3,73272,68506,38160,4143,5496,2487,3024,38872
B4D12_FORENSIC,top,11062,1199,1874,0,0,0,0,0,0,0,0,1,1,0,439,1,1,134.95,1,0,2,0,0,0,0,3,129875,122252,44002,37199,5646,5288,329,27558
B4D12_FORENSIC,top,1664,1154,1641,0,0,0,0,0,0,0,0,1,1,0,419,1,1,223.02,1,0,2,0,0,0,0,3,107320,99734,36499,4081,8336,23770,327,30050
B4D12_FORENSIC,top,12862,1182,1830,0,0,0,0,0,0,0,0,1,1,0,321,1,1,172.78,1,0,2,0,0,0,0,4,91862,78935,34946,9360,292,2597,325,22268
B4D12_FORENSIC,top,1064,1188,1698,0,0,0,0,0,0,0,0,1,1,0,401,1,1,156.60,1,0,2,0,0,0,0,3,88696,78515,33995,6844,5518,2465,3034,27365
B4D12_FORENSIC,top,12091,1164,1734,0,0,0,0,0,0,0,0,1,1,0,427,1,1,127.09,1,0,2,0,0,0,0,3,102124,91890,26203,6795,10866,5300,290,24762
B4D12_FORENSIC,top,10521,2429,3318,0,0,0,0,0,0,0,0,2,2,0,826,2,1,487.01,1,0,2,1,0,0,0,2,329424,279014,119288,25531,11205,31864,1418,24758
B4D12_FORENSIC,top,8624,1164,1640,0,0,0,0,0,0,0,0,1,1,0,421,1,1,254.00,1,0,2,0,0,0,0,3,137370,124476,25223,9495,8362,20976,727,32912
B4D12_FORENSIC,top,12465,1155,1854,0,0,0,0,0,0,0,0,1,1,0,361,1,1,274.92,1,0,2,1,0,0,0,3,138526,125558,28205,5871,2970,15483,327,32830
B4D12_FORENSIC,top,1640,1199,1880,0,0,0,0,0,0,0,0,1,1,0,429,1,0,92.42,0,0,2,0,0,0,0,3,52190,47448,35097,4145,2984,24170,0,0
B4D12_FORENSIC,top,8771,1182,1783,0,0,0,0,0,0,0,0,1,1,0,433,1,1,304.70,1,0,2,0,0,0,0,3,131316,118422,26788,4085,292,5094,331,43370
B4D12_FORENSIC,top,9000,1518,2084,0,0,0,0,0,0,0,0,1,1,0,315,1,0,47.42,0,0,2,1,0,0,0,3,100337,51044,31985,18457,5673,13508,0,0
B4D12_FORENSIC,top,3500,1170,1844,0,0,0,0,0,0,0,0,1,1,0,355,1,1,145.65,1,0,2,0,0,0,0,3,112917,100231,39262,10843,8354,5077,310,31486
B4D12_FORENSIC,top,11496,1158,2098,0,0,0,0,0,0,0,0,1,1,0,541,1,0,38.35,0,0,2,0,0,0,0,2,62275,44357,22289,8863,2972,3261,0,0
B4D12_FORENSIC,top,2030,1234,1929,0,0,0,0,0,0,0,0,1,1,0,423,1,1,190.02,1,0,2,0,0,0,0,3,123529,110546,40758,16027,5662,23588,312,34524
B4D12_FORENSIC,top,1822,1307,1997,0,0,0,0,0,0,0,0,1,1,0,417,1,1,318.92,1,0,2,0,0,0,0,3,154807,137014,40085,9517,2990,21097,4098,40652
B4D12_FORENSIC,top,1140,1179,1797,0,0,0,0,0,0,0,0,1,1,0,353,1,0,41.57,0,0,2,1,0,0,0,3,34022,29110,40104,4131,5664,13960,0,0
B4D12_FORENSIC,top,11086,1154,1809,0,0,0,0,0,0,0,0,1,1,0,467,1,1,172.36,1,1,2,1,0,0,0,3,107890,92278,31415,6813,10996,2612,328,27656
B4D12_FORENSIC,top,12110,1188,1845,0,0,0,0,0,0,0,0,1,1,0,431,1,1,171.58,1,0,2,0,0,0,0,3,105282,92386,33344,7067,5698,13344,325,21945
B4D12_FORENSIC,top,1194,1585,2623,0,0,0,0,0,0,0,0,2,2,0,866,2,1,310.91,1,0,2,1,0,0,0,2,211834,172091,56166,16167,8538,15728,1420,24558
B4D12_FORENSIC,top,1290,2288,3151,0,0,0,0,0,0,0,0,3,3,0,1351,3,1,441.43,1,0,2,1,0,0,0,3,314100,269279,105214,33201,11504,35937,1835,24901
B4D12_FORENSIC,top,1299,1275,1952,0,0,0,0,0,0,0,0,1,1,0,483,1,1,214.21,1,0,2,1,0,0,0,3,117638,104672,38086,6752,8354,2446,5630,34768
B4D12_FORENSIC,top,12588,1169,1732,0,0,0,0,0,0,0,0,1,1,0,321,1,0,48.14,0,0,2,0,0,0,0,3,51779,44169,41153,3796,2977,13629,0,0
B4D12_FORENSIC,top,10631,1171,1814,0,0,0,0,0,0,0,0,1,1,0,451,1,1,204.85,1,1,2,1,0,0,0,3,105602,98010,25485,8919,2990,3261,332,46832
B4D12_FORENSIC,top,9991,1160,1695,0,0,0,0,0,0,0,0,0,0,0,0,0,0,0.00,0,0,2,1,0,0,0,2,2154,0,72524,0,0,0,0,0
B4D12_FORENSIC,top,10252,1253,1934,0,0,0,0,0,0,0,0,1,1,0,429,1,1,237.71,1,0,2,0,0,0,0,3,137901,120010,30937,19038,2982,23926,305,32268
B4D12_FORENSIC,top,9992,1193,1410,0,0,0,0,0,0,0,0,1,1,0,449,1,0,83.41,0,0,2,1,0,0,0,3,78299,59952,34364,6771,8156,15577,0,0
B4D12_FORENSIC,top,8526,1195,1793,0,0,0,0,0,0,0,0,1,1,0,431,1,0,34.36,0,0,2,0,0,0,0,3,34036,29116,32380,4160,8322,11332,0,0
B4D12_FORENSIC,top,6659,1168,1786,0,0,0,0,0,0,0,0,1,1,0,771,1,1,195.24,1,0,2,0,0,0,0,2,127840,106909,24374,10693,10864,3131,1450,27266
B4D12_FORENSIC,top,1824,1164,1681,0,0,0,0,0,0,0,0,1,1,0,417,1,0,129.02,0,0,2,0,0,0,0,2,83845,63078,64139,4081,2964,34785,0,0
B4D12_FORENSIC,top,8452,1264,1929,0,0,0,0,0,0,0,0,1,1,0,421,1,1,154.86,1,0,2,0,0,0,0,3,98372,85424,62944,11533,8408,2590,330,32206
B4D12_FORENSIC,top,8300,2373,3281,0,0,0,0,0,0,0,0,3,3,0,1417,3,1,474.94,1,0,2,1,0,0,0,3,339792,289356,117911,28919,11498,30506,1456,24855
B4D12_FORENSIC,top,9002,1168,1284,0,0,0,0,0,0,0,0,1,1,0,317,1,1,245.54,1,0,2,1,0,0,0,3,110188,99939,34938,4149,3027,10578,329,32824
B4D12_FORENSIC,top,10352,1214,1966,0,0,0,0,0,0,0,0,1,1,0,419,1,1,334.89,1,0,2,0,0,0,0,2,174062,153506,26835,9553,10974,31962,315,40565
B4D12_FORENSIC,top,11748,2377,3273,0,0,0,0,0,0,0,0,2,2,0,842,2,2,489.63,1,0,2,1,0,0,0,2,337437,284697,110180,27189,11298,36835,1723,40668
B4D12_FORENSIC,top,1643,1247,1924,0,0,0,0,0,0,0,0,1,1,0,425,1,1,269.11,1,0,2,0,0,0,0,3,123836,113628,29089,9392,2974,8670,1413,45793
B4D12_FORENSIC,miss,186,2304,3281,0,0,0,0,0,0,0,0,2,2,0,854,2,1,469.83,1,0,2,1,0,0,0,2,323883,276166,113452,25050,11306,32960,308,24890
B4D12_FORENSIC,miss,708,2418,3370,0,0,0,0,0,0,0,0,3,3,0,1179,3,1,483.95,1,0,2,1,0,0,0,3,342021,283656,109239,28750,11473,36698,1417,24968
B4D12_FORENSIC,miss,877,2110,2877,0,0,0,0,0,0,0,0,3,3,0,1201,3,1,360.56,1,0,2,1,0,0,0,3,287433,239863,111254,31555,11480,25680,1442,24918
B4D12_FORENSIC,miss,1194,1585,2623,0,0,0,0,0,0,0,0,2,2,0,866,2,1,310.91,1,0,2,1,0,0,0,2,211834,172091,56166,16167,8538,15728,1420,24558
B4D12_FORENSIC,miss,1290,2288,3151,0,0,0,0,0,0,0,0,3,3,0,1351,3,1,441.43,1,0,2,1,0,0,0,3,314100,269279,105214,33201,11504,35937,1835,24901
B4D12_FORENSIC,miss,3480,2632,3529,0,0,0,0,0,0,0,0,3,3,0,1095,3,1,516.96,1,0,2,1,0,0,0,3,357605,302191,138524,26115,11531,40116,1439,24913
B4D12_FORENSIC,miss,6607,2271,3216,0,0,0,0,0,0,0,0,2,2,0,1670,2,1,510.96,1,0,2,1,0,0,0,2,348564,300834,113090,26187,11240,35100,1447,24713
B4D12_FORENSIC,miss,6955,2335,3155,0,0,0,0,0,0,0,0,3,3,0,1083,3,1,456.11,1,0,2,1,0,0,0,3,327564,271911,117535,27370,11498,36052,313,24807
B4D12_FORENSIC,miss,8011,2470,3121,0,0,0,0,0,0,0,0,3,3,0,1109,3,1,498.49,1,0,2,1,0,0,0,3,339301,291798,129492,27349,11561,35834,1435,27938
B4D12_FORENSIC,miss,8300,2373,3281,0,0,0,0,0,0,0,0,3,3,0,1417,3,1,474.94,1,0,2,1,0,0,0,3,339792,289356,117911,28919,11498,30506,1456,24855
B4D12_FORENSIC,miss,8994,2238,3195,0,0,0,0,0,0,0,0,3,3,0,955,3,2,461.96,1,0,2,1,0,0,0,3,321525,273932,100961,30720,11517,34660,601,40681
B4D12_FORENSIC,miss,9000,1518,2084,0,0,0,0,0,0,0,0,1,1,0,315,1,0,47.42,0,0,2,1,0,0,0,3,100337,51044,31985,18457,5673,13508,0,0
B4D12_FORENSIC,miss,9703,2495,3412,0,0,0,0,0,0,0,0,2,2,0,690,2,1,508.91,1,0,2,1,0,0,0,2,335943,282825,119020,20840,11232,31845,1412,27338
B4D12_FORENSIC,miss,9985,2361,3251,0,0,0,0,0,0,0,0,2,2,0,916,2,2,497.98,1,0,2,1,0,0,0,2,337906,284570,107544,24321,11231,30726,1726,49909
B4D12_FORENSIC,miss,10521,2429,3318,0,0,0,0,0,0,0,0,2,2,0,826,2,1,487.01,1,0,2,1,0,0,0,2,329424,279014,119288,25531,11205,31864,1418,24758
B4D12_FORENSIC,miss,10809,2471,3344,0,0,0,0,0,0,0,0,3,3,0,1093,3,1,470.97,1,0,2,1,0,0,0,3,344139,293528,114613,36101,11902,36365,296,24682
B4D12_FORENSIC,miss,11328,2147,3191,0,0,0,0,0,0,0,0,2,2,0,1096,2,1,491.59,1,0,2,1,0,0,0,2,335340,282224,113218,28169,11387,30929,1430,24822
B4D12_FORENSIC,miss,11748,2377,3273,0,0,0,0,0,0,0,0,2,2,0,842,2,2,489.63,1,0,2,1,0,0,0,2,337437,284697,110180,27189,11298,36835,1723,40668
B4D12_FORENSIC,miss,12450,2345,3240,0,0,0,0,0,0,0,0,2,2,0,686,2,1,492.28,1,0,2,1,0,0,0,2,335079,282061,109574,25082,11227,34825,692,24952
B4D12_FORENSIC,miss,13621,2401,3256,0,0,0,0,0,0,0,0,3,3,0,1389,3,1,462.25,1,0,2,1,0,0,0,3,357316,301755,126225,39221,11493,31934,306,24540
B4D12_GRAIN_HEADER set,block,ordinal,source_center,destination_center,half,model_timestamp,model_order,lambda_bits,gamma_bits,sample_rate_bits,norm_strategy,cache_path,local_difference,shared_difference,addgrain_cycles,select_cycles,model_near_cycles,cache_lookup_cycles,polynomial_cycles,gain_cycles
B4D12_GRAIN,top,6955,0,576223,577597,180,576895,16,0,1065101558,1194083328,2,4,10,10,236432,22030,33602,9732,313,24807
B4D12_GRAIN,top,6955,1,576403,577740,180,576895,16,0,1065101558,1194083328,2,1,0,0,29128,2791,1268,1759,0,0
B4D12_GRAIN,top,6955,2,576403,577882,180,576895,16,0,1065101558,1194083328,2,1,0,0,6351,2505,1182,195,0,0
B4D12_GRAIN,top,186,0,143063,144423,215,143743,16,0,1065101558,1194083328,2,4,10,10,249697,21969,31674,8218,308,24890
B4D12_GRAIN,top,186,1,143274,144591,211,143743,16,0,1065101558,1194083328,2,1,0,0,26469,3053,1286,1760,0,0
B4D12_GRAIN,top,8994,0,706762,708118,159,706687,16,0,1065101558,1194083328,2,4,10,10,219058,22918,29614,8209,325,24572
B4D12_GRAIN,top,8994,1,706762,708243,159,706687,16,0,1065101558,1194083328,2,1,0,0,29025,4011,2893,1765,0,0
B4D12_GRAIN,top,8994,2,706921,708368,158,707071,16,0,1065101558,1194083328,2,4,10,10,25849,3749,2153,71,276,16109
B4D12_GRAIN,top,6607,0,554067,555311,417,554239,16,0,1065101558,1194083328,2,4,10,10,273438,23770,33073,16291,1447,24713
B4D12_GRAIN,top,6607,1,554067,555639,417,554239,16,0,1065101558,1194083328,2,1,0,0,27396,2389,2027,1779,0,0
B4D12_GRAIN,top,13621,0,1002764,1004175,229,1003519,16,0,1065101558,1194083328,2,4,10,10,245077,18592,29476,7027,306,24540
B4D12_GRAIN,top,13621,1,1002993,1004353,231,1003519,16,0,1065101558,1194083328,2,1,0,0,50709,18499,1282,1778,0,0
B4D12_GRAIN,top,13621,2,1003226,1004532,233,1003519,16,0,1065101558,1194083328,2,1,0,0,5969,2086,1176,214,0,0
B4D12_GRAIN,top,3480,0,353746,355161,182,353791,16,0,1065101558,1194083328,2,4,10,10,267220,21721,34925,13617,1439,24913
B4D12_GRAIN,top,3480,1,353746,355304,182,353791,16,0,1065101558,1194083328,2,1,0,0,27719,2308,2654,1782,0,0
B4D12_GRAIN,top,3480,2,353746,355447,182,353791,16,0,1065101558,1194083328,2,1,0,0,7252,2044,2537,204,0,0
B4D12_GRAIN,top,9985,0,770206,771555,233,769663,16,0,1065101558,1194083328,2,4,10,10,255236,17517,29115,13601,1437,33684
B4D12_GRAIN,top,9985,1,770430,771735,224,770815,16,0,1065101558,1194083328,2,4,10,10,29334,6776,1611,83,289,16225
B4D12_GRAIN,top,12450,0,928007,929341,171,928255,16,0,1065101558,1194083328,2,4,10,10,255247,21894,32870,10919,692,24952
B4D12_GRAIN,top,12450,1,928007,929485,171,928255,16,0,1065101558,1194083328,2,1,0,0,26814,3160,1955,1774,0,0
B4D12_GRAIN,top,708,0,176395,177774,194,176767,16,0,1065101558,1194083328,2,4,10,10,248228,22391,32856,8217,1417,24968
B4D12_GRAIN,top,708,1,176592,177933,197,176767,16,0,1065101558,1194083328,2,1,0,0,27831,3314,1963,1764,0,0
B4D12_GRAIN,top,708,2,176592,178091,197,176767,16,0,1065101558,1194083328,2,1,0,0,7597,3003,1879,210,0,0
B4D12_GRAIN,top,9703,0,752136,753506,172,752767,16,0,1065101558,1194083328,2,4,10,10,257168,18535,30548,13581,1412,27338
B4D12_GRAIN,top,9703,1,752136,753637,172,752767,16,0,1065101558,1194083328,2,1,0,0,25657,2277,1297,1767,0,0
B4D12_GRAIN,top,877,0,187211,188575,203,187903,16,0,1065101558,1194083328,2,4,10,10,210317,24955,22727,5535,1442,24918
B4D12_GRAIN,top,877,1,187409,188735,198,187903,16,0,1065101558,1194083328,2,1,0,0,22311,3424,1537,1764,0,0
B4D12_GRAIN,top,877,2,187409,188894,198,187903,16,0,1065101558,1194083328,2,1,0,0,7235,3134,1416,218,0,0
B4D12_GRAIN,top,8011,0,643724,645135,183,644479,16,0,1065101558,1194083328,2,4,10,10,250022,16235,33369,13599,1435,27938
B4D12_GRAIN,top,8011,1,643909,645280,185,644479,16,0,1065101558,1194083328,2,1,0,0,35214,8437,1292,1781,0,0
B4D12_GRAIN,top,8011,2,644094,645425,185,644479,16,0,1065101558,1194083328,2,1,0,0,6562,2635,1173,204,0,0
B4D12_GRAIN,top,11328,0,855949,857478,284,856447,16,0,1065101558,1194083328,2,4,10,10,254496,24832,28926,13601,1430,24822
B4D12_GRAIN,top,11328,1,856212,857689,263,856447,16,0,1065101558,1194083328,2,1,0,0,27728,3309,2003,1764,0,0
B4D12_GRAIN,top,10809,0,822764,824175,189,823423,16,0,1065101558,1194083328,2,4,10,10,245944,20288,33478,16310,296,24682
B4D12_GRAIN,top,10809,1,822942,824325,178,823423,16,0,1065101558,1194083328,2,1,0,0,39415,12000,1501,1769,0,0
B4D12_GRAIN,top,10809,2,823120,824476,178,823423,16,0,1065101558,1194083328,2,1,0,0,8169,3771,1386,202,0,0
B4D12_GRAIN,top,10521,0,804474,805855,201,804991,16,0,1065101558,1194083328,2,4,10,10,252126,22145,30577,13573,1418,24758
B4D12_GRAIN,top,10521,1,804685,806015,211,804991,16,0,1065101558,1194083328,2,1,0,0,26888,3358,1287,1772,0,0
B4D12_GRAIN,top,1194,0,207643,208946,216,207487,16,0,1065101558,1194083328,2,4,10,10,153764,12178,12764,10928,1420,24558
B4D12_GRAIN,top,1194,1,207643,209118,216,207487,16,0,1065101558,1194083328,2,1,0,0,18327,3961,2964,1762,0,0
B4D12_GRAIN,top,1290,0,213642,215001,230,214015,16,0,1065101558,1194083328,2,4,10,10,231994,25456,31672,5517,1835,24901
B4D12_GRAIN,top,1290,1,213864,215187,222,214015,16,0,1065101558,1194083328,2,1,0,0,28938,4063,2186,1759,0,0
B4D12_GRAIN,top,1290,2,213864,215373,222,214015,16,0,1065101558,1194083328,2,1,0,0,8347,3640,2079,199,0,0
B4D12_GRAIN,top,8300,0,662204,663615,237,662911,16,0,1065101558,1194083328,2,4,10,10,246394,16801,28039,13547,1456,24855
B4D12_GRAIN,top,8300,1,662439,663803,235,662911,16,0,1065101558,1194083328,2,1,0,0,35962,8912,1293,1775,0,0
B4D12_GRAIN,top,8300,2,662439,663991,235,662911,16,0,1065101558,1194083328,2,1,0,0,7000,3164,1174,201,0,0
B4D12_GRAIN,top,11748,0,882973,884374,210,882943,16,0,1065101558,1194083328,2,4,10,10,258914,24275,34749,13619,1449,24696
B4D12_GRAIN,top,11748,1,883183,884540,210,883327,16,0,1065101558,1194083328,2,4,10,10,25783,2886,2086,95,274,15972
B4D12_GRAIN,miss,186,0,143063,144423,215,143743,16,0,1065101558,1194083328,2,4,10,10,249697,21969,31674,8218,308,24890
B4D12_GRAIN,miss,186,1,143274,144591,211,143743,16,0,1065101558,1194083328,2,1,0,0,26469,3053,1286,1760,0,0
B4D12_GRAIN,miss,708,0,176395,177774,194,176767,16,0,1065101558,1194083328,2,4,10,10,248228,22391,32856,8217,1417,24968
B4D12_GRAIN,miss,708,1,176592,177933,197,176767,16,0,1065101558,1194083328,2,1,0,0,27831,3314,1963,1764,0,0
B4D12_GRAIN,miss,708,2,176592,178091,197,176767,16,0,1065101558,1194083328,2,1,0,0,7597,3003,1879,210,0,0
B4D12_GRAIN,miss,877,0,187211,188575,203,187903,16,0,1065101558,1194083328,2,4,10,10,210317,24955,22727,5535,1442,24918
B4D12_GRAIN,miss,877,1,187409,188735,198,187903,16,0,1065101558,1194083328,2,1,0,0,22311,3424,1537,1764,0,0
B4D12_GRAIN,miss,877,2,187409,188894,198,187903,16,0,1065101558,1194083328,2,1,0,0,7235,3134,1416,218,0,0
B4D12_GRAIN,miss,1194,0,207643,208946,216,207487,16,0,1065101558,1194083328,2,4,10,10,153764,12178,12764,10928,1420,24558
B4D12_GRAIN,miss,1194,1,207643,209118,216,207487,16,0,1065101558,1194083328,2,1,0,0,18327,3961,2964,1762,0,0
B4D12_GRAIN,miss,1290,0,213642,215001,230,214015,16,0,1065101558,1194083328,2,4,10,10,231994,25456,31672,5517,1835,24901
B4D12_GRAIN,miss,1290,1,213864,215187,222,214015,16,0,1065101558,1194083328,2,1,0,0,28938,4063,2186,1759,0,0
B4D12_GRAIN,miss,1290,2,213864,215373,222,214015,16,0,1065101558,1194083328,2,1,0,0,8347,3640,2079,199,0,0
B4D12_GRAIN,miss,3480,0,353746,355161,182,353791,16,0,1065101558,1194083328,2,4,10,10,267220,21721,34925,13617,1439,24913
B4D12_GRAIN,miss,3480,1,353746,355304,182,353791,16,0,1065101558,1194083328,2,1,0,0,27719,2308,2654,1782,0,0
B4D12_GRAIN,miss,3480,2,353746,355447,182,353791,16,0,1065101558,1194083328,2,1,0,0,7252,2044,2537,204,0,0
B4D12_GRAIN,miss,6607,0,554067,555311,417,554239,16,0,1065101558,1194083328,2,4,10,10,273438,23770,33073,16291,1447,24713
B4D12_GRAIN,miss,6607,1,554067,555639,417,554239,16,0,1065101558,1194083328,2,1,0,0,27396,2389,2027,1779,0,0
B4D12_GRAIN,miss,6955,0,576223,577597,180,576895,16,0,1065101558,1194083328,2,4,10,10,236432,22030,33602,9732,313,24807
B4D12_GRAIN,miss,6955,1,576403,577740,180,576895,16,0,1065101558,1194083328,2,1,0,0,29128,2791,1268,1759,0,0
B4D12_GRAIN,miss,6955,2,576403,577882,180,576895,16,0,1065101558,1194083328,2,1,0,0,6351,2505,1182,195,0,0
B4D12_GRAIN,miss,8011,0,643724,645135,183,644479,16,0,1065101558,1194083328,2,4,10,10,250022,16235,33369,13599,1435,27938
B4D12_GRAIN,miss,8011,1,643909,645280,185,644479,16,0,1065101558,1194083328,2,1,0,0,35214,8437,1292,1781,0,0
B4D12_GRAIN,miss,8011,2,644094,645425,185,644479,16,0,1065101558,1194083328,2,1,0,0,6562,2635,1173,204,0,0
B4D12_GRAIN,miss,8300,0,662204,663615,237,662911,16,0,1065101558,1194083328,2,4,10,10,246394,16801,28039,13547,1456,24855
B4D12_GRAIN,miss,8300,1,662439,663803,235,662911,16,0,1065101558,1194083328,2,1,0,0,35962,8912,1293,1775,0,0
B4D12_GRAIN,miss,8300,2,662439,663991,235,662911,16,0,1065101558,1194083328,2,1,0,0,7000,3164,1174,201,0,0
B4D12_GRAIN,miss,8994,0,706762,708118,159,706687,16,0,1065101558,1194083328,2,4,10,10,219058,22918,29614,8209,325,24572
B4D12_GRAIN,miss,8994,1,706762,708243,159,706687,16,0,1065101558,1194083328,2,1,0,0,29025,4011,2893,1765,0,0
B4D12_GRAIN,miss,8994,2,706921,708368,158,707071,16,0,1065101558,1194083328,2,4,10,10,25849,3749,2153,71,276,16109
B4D12_GRAIN,miss,9703,0,752136,753506,172,752767,16,0,1065101558,1194083328,2,4,10,10,257168,18535,30548,13581,1412,27338
B4D12_GRAIN,miss,9703,1,752136,753637,172,752767,16,0,1065101558,1194083328,2,1,0,0,25657,2277,1297,1767,0,0
B4D12_GRAIN,miss,9985,0,770206,771555,233,769663,16,0,1065101558,1194083328,2,4,10,10,255236,17517,29115,13601,1437,33684
B4D12_GRAIN,miss,9985,1,770430,771735,224,770815,16,0,1065101558,1194083328,2,4,10,10,29334,6776,1611,83,289,16225
B4D12_GRAIN,miss,10521,0,804474,805855,201,804991,16,0,1065101558,1194083328,2,4,10,10,252126,22145,30577,13573,1418,24758
B4D12_GRAIN,miss,10521,1,804685,806015,211,804991,16,0,1065101558,1194083328,2,1,0,0,26888,3358,1287,1772,0,0
B4D12_GRAIN,miss,10809,0,822764,824175,189,823423,16,0,1065101558,1194083328,2,4,10,10,245944,20288,33478,16310,296,24682
B4D12_GRAIN,miss,10809,1,822942,824325,178,823423,16,0,1065101558,1194083328,2,1,0,0,39415,12000,1501,1769,0,0
B4D12_GRAIN,miss,10809,2,823120,824476,178,823423,16,0,1065101558,1194083328,2,1,0,0,8169,3771,1386,202,0,0
B4D12_GRAIN,miss,11328,0,855949,857478,284,856447,16,0,1065101558,1194083328,2,4,10,10,254496,24832,28926,13601,1430,24822
B4D12_GRAIN,miss,11328,1,856212,857689,263,856447,16,0,1065101558,1194083328,2,1,0,0,27728,3309,2003,1764,0,0
B4D12_GRAIN,miss,11748,0,882973,884374,210,882943,16,0,1065101558,1194083328,2,4,10,10,258914,24275,34749,13619,1449,24696
B4D12_GRAIN,miss,11748,1,883183,884540,210,883327,16,0,1065101558,1194083328,2,4,10,10,25783,2886,2086,95,274,15972
B4D12_GRAIN,miss,12450,0,928007,929341,171,928255,16,0,1065101558,1194083328,2,4,10,10,255247,21894,32870,10919,692,24952
B4D12_GRAIN,miss,12450,1,928007,929485,171,928255,16,0,1065101558,1194083328,2,1,0,0,26814,3160,1955,1774,0,0
B4D12_GRAIN,miss,13621,0,1002764,1004175,229,1003519,16,0,1065101558,1194083328,2,4,10,10,245077,18592,29476,7027,306,24540
B4D12_GRAIN,miss,13621,1,1002993,1004353,231,1003519,16,0,1065101558,1194083328,2,1,0,0,50709,18499,1282,1778,0,0
B4D12_GRAIN,miss,13621,2,1003226,1004532,233,1003519,16,0,1065101558,1194083328,2,1,0,0,5969,2086,1176,214,0,0
B4D12_GRAIN_CLASS class=1 ordinal=0 count=1173 add_mean_cycles=73907.8 add_p50_bound=73728 add_p95_bound=104448 add_p99_bound=121856 add_max_cycles=153506 select_mean_cycles=6152.9 near_mean_cycles=6914.3 lookup_mean_cycles=3234.2 poly_mean_cycles=485.0 gain_mean_cycles=25183.3
B4D12_GRAIN_CACHE class=1 ordinal=0 no_lpc=0 local=0 shared=0 neutral=0 miss=1173 empty=0 timestamp=1173 order=0 coefficients=1173 lambda=0 gamma=0 rate=0 strategy=0
B4D12_GRAIN_CACHE class=1 ordinal=1 no_lpc=0 local=0 shared=0 neutral=0 miss=0 empty=0 timestamp=0 order=0 coefficients=0 lambda=0 gamma=0 rate=0 strategy=0
B4D12_GRAIN_CACHE class=1 ordinal=2 no_lpc=0 local=0 shared=0 neutral=0 miss=0 empty=0 timestamp=0 order=0 coefficients=0 lambda=0 gamma=0 rate=0 strategy=0
B4D12_GRAIN_CACHE class=1 ordinal=3 no_lpc=0 local=0 shared=0 neutral=0 miss=0 empty=0 timestamp=0 order=0 coefficients=0 lambda=0 gamma=0 rate=0 strategy=0
B4D12_GRAIN_CLASS class=2 ordinal=0 count=9 add_mean_cycles=245565.1 add_p50_bound=256000 add_p95_bound=274432 add_p99_bound=274432 add_max_cycles=273438 select_mean_cycles=20790.6 near_mean_cycles=29366.2 lookup_mean_cycles=12703.4 poly_mean_cycles=1223.7 gain_mean_cycles=26045.7
B4D12_GRAIN_CACHE class=2 ordinal=0 no_lpc=0 local=0 shared=0 neutral=0 miss=9 empty=0 timestamp=9 order=0 coefficients=9 lambda=0 gamma=0 rate=0 strategy=0
B4D12_GRAIN_CLASS class=2 ordinal=1 count=9 add_mean_cycles=26044.0 add_p50_bound=27648 add_p95_bound=29696 add_p99_bound=29696 add_max_cycles=29334 select_mean_cycles=3463.2 near_mean_cycles=1835.1 lookup_mean_cycles=1395.1 poly_mean_cycles=62.6 gain_mean_cycles=3577.4
B4D12_GRAIN_CACHE class=2 ordinal=1 no_lpc=0 local=7 shared=0 neutral=0 miss=2 empty=0 timestamp=2 order=0 coefficients=2 lambda=0 gamma=0 rate=0 strategy=0
B4D12_GRAIN_CACHE class=2 ordinal=2 no_lpc=0 local=0 shared=0 neutral=0 miss=0 empty=0 timestamp=0 order=0 coefficients=0 lambda=0 gamma=0 rate=0 strategy=0
B4D12_GRAIN_CACHE class=2 ordinal=3 no_lpc=0 local=0 shared=0 neutral=0 miss=0 empty=0 timestamp=0 order=0 coefficients=0 lambda=0 gamma=0 rate=0 strategy=0
B4D12_GRAIN_CLASS class=3 ordinal=0 count=10 add_mean_cycles=240068.6 add_p50_bound=245760 add_p95_bound=267264 add_p99_bound=267264 add_max_cycles=267220 select_mean_cycles=21138.7 near_mean_cycles=30975.8 lookup_mean_cycles=10131.0 poly_mean_cycles=1026.4 gain_mean_cycles=25109.4
B4D12_GRAIN_CACHE class=3 ordinal=0 no_lpc=0 local=0 shared=0 neutral=0 miss=10 empty=0 timestamp=10 order=0 coefficients=10 lambda=0 gamma=0 rate=0 strategy=0
B4D12_GRAIN_CLASS class=3 ordinal=1 count=10 add_mean_cycles=32625.2 add_p50_bound=29696 add_p95_bound=51200 add_p99_bound=51200 add_max_cycles=50709 select_mean_cycles=6775.9 near_mean_cycles=1786.9 lookup_mean_cycles=1769.6 poly_mean_cycles=0.0 gain_mean_cycles=0.0
B4D12_GRAIN_CACHE class=3 ordinal=1 no_lpc=0 local=10 shared=0 neutral=0 miss=0 empty=0 timestamp=0 order=0 coefficients=0 lambda=0 gamma=0 rate=0 strategy=0
B4D12_GRAIN_CLASS class=3 ordinal=2 count=10 add_mean_cycles=9033.1 add_p50_bound=8192 add_p95_bound=26624 add_p99_bound=26624 add_max_cycles=25849 select_mean_cycles=2973.1 near_mean_cycles=1615.5 lookup_mean_cycles=191.8 poly_mean_cycles=27.6 gain_mean_cycles=1610.9
B4D12_GRAIN_CACHE class=3 ordinal=2 no_lpc=0 local=9 shared=0 neutral=0 miss=1 empty=0 timestamp=1 order=0 coefficients=1 lambda=0 gamma=0 rate=0 strategy=0
B4D12_GRAIN_CACHE class=3 ordinal=3 no_lpc=0 local=0 shared=0 neutral=0 miss=0 empty=0 timestamp=0 order=0 coefficients=0 lambda=0 gamma=0 rate=0 strategy=0
B4D12_CASE name=mat_a_frozen_baseline category=matrix seconds=20 voices=1 comp=1 delay=1 reverb=1 interval=4.0 control=none kind=19 f0=220.0 vocal=1 wall_s=20.001220 blocks=13785
B4D12_PHYSICAL name=mat_a_frozen_baseline rx_blocks=13787 tx_blocks=13787 dsp_blocks=13787 rx_frames=882368 tx_frames=882368 effective_fs=44115.709 err_pct=0.0356
B4D12_TRANSPORT name=mat_a_frozen_baseline rx_overruns=0 tx_underruns=0 dma_errors=0 actual_rx_dma_errors=0 actual_tx_dma_errors=0 read_failures=0 write_failures=0 rx_dropped_frames=0 tx_dropped_frames=0 rx_seq_gaps=0 tx_seq_gaps=0 nan_inf=0 rx_diag_ovf=1892 tx_diag_ovf=1892
B4D12_DSP name=mat_a_frozen_baseline blocks=13785 avg_us=626.936 p50=647 p90=950 p95=1021 p99=1130 p999=2288 p9999=2495 max=2632 misses=20 miss_per_block=0.00145085 miss_per_s=0.9999 miss_per_min=59.996 miss_per_hour=3599.78
B4D12_LATE name=mat_a_frozen_baseline threshold_1200_blocks=46 max_consecutive_late=1 max_lateness_us=1181 cumulative_lateness_us=16548 late_events=20 late_events_dropped=0 recovery_pending=0
B4D12_LATENESS_HIST name=mat_a_frozen_baseline le100=1 b100_250=1 b250_500=0 b500_1000=14 b1000_1500=4 gt1500=0
B4D12_CLASS name=mat_a_frozen_baseline miss_nmc=1 miss_mc0=0 miss_mc1=0 miss_mc2=9 miss_mc3=10 blocks_nmc=12593 blocks_mc0=0 blocks_mc1=1173 blocks_mc2=9 blocks_mc3=10
B4D12_CLASS_DIST name=mat_a_frozen_baseline class=nmc blocks=12593 mean_us=589.55 p50=549 p95=932 p99=1047 p999=1193 max=1518
B4D12_CLASS_DIST name=mat_a_frozen_baseline class=mc1 blocks=1173 mean_us=1000.91 p50=1003 p95=1153 p99=1235 p999=1307 max=1381
B4D12_CLASS_DIST name=mat_a_frozen_baseline class=mc2 blocks=9 mean_us=2257.11 p50=2345 p95=2495 p99=2495 p999=2495 max=2495
B4D12_CLASS_DIST name=mat_a_frozen_baseline class=mc3 blocks=10 mean_us=2373.60 p50=2373 p95=2632 p99=2632 p999=2632 max=2632
B4D12_CLASS_DIST name=mat_a_frozen_baseline class=mc0 blocks=0 mean_us=0.00 p50=0 p95=0 p99=0 p999=0 max=0
B4D12_RECOVERY name=mat_a_frozen_baseline pending=0 r0=0 r1=20 r2=0 r3=0 r4=0 r5=0 r6=0 r7=0
B4D12_BACKLOG name=mat_a_frozen_baseline current_ms=2.925 avg_ms=1.937 p95_ms=5.442 p99_ms=5.442 max_ms=7.007
B4D12_FIFO name=mat_a_frozen_baseline pushes=253728 pops=253696 drops=0 overflow_attempts=0 max_occ=77 avg_occ=8.616 current_occ=32
B4D12_LATE_EVENT name=mat_a_frozen_baseline blk=186 dsp_us=2304 lateness_us=853 klass=2 mc=1 ng=2 ad=2 sl=2 prev_miss=0 next1=739 next2=724 next3=733 recov=1 bl_before_ds=0 bl_after_ds=7
B4D12_LATE_EVENT name=mat_a_frozen_baseline blk=708 dsp_us=2418 lateness_us=967 klass=3 mc=1 ng=3 ad=3 sl=3 prev_miss=0 next1=867 next2=881 next3=960 recov=1 bl_before_ds=0 bl_after_ds=4
B4D12_LATE_EVENT name=mat_a_frozen_baseline blk=877 dsp_us=2110 lateness_us=659 klass=3 mc=1 ng=3 ad=3 sl=3 prev_miss=0 next1=738 next2=1011 next3=783 recov=1 bl_before_ds=0 bl_after_ds=8
B4D12_LATE_EVENT name=mat_a_frozen_baseline blk=1194 dsp_us=1585 lateness_us=134 klass=2 mc=1 ng=2 ad=2 sl=2 prev_miss=0 next1=768 next2=667 next3=609 recov=1 bl_before_ds=0 bl_after_ds=0
B4D12_LATE_EVENT name=mat_a_frozen_baseline blk=1290 dsp_us=2288 lateness_us=837 klass=3 mc=1 ng=3 ad=3 sl=3 prev_miss=0 next1=861 next2=762 next3=969 recov=1 bl_before_ds=0 bl_after_ds=0
B4D12_LATE_EVENT name=mat_a_frozen_baseline blk=3480 dsp_us=2632 lateness_us=1181 klass=3 mc=1 ng=3 ad=3 sl=3 prev_miss=0 next1=1003 next2=1040 next3=780 recov=1 bl_before_ds=0 bl_after_ds=0
B4D12_LATE_EVENT name=mat_a_frozen_baseline blk=6607 dsp_us=2271 lateness_us=820 klass=2 mc=1 ng=2 ad=2 sl=2 prev_miss=0 next1=679 next2=877 next3=677 recov=1 bl_before_ds=0 bl_after_ds=8
B4D12_LATE_EVENT name=mat_a_frozen_baseline blk=6955 dsp_us=2335 lateness_us=884 klass=3 mc=1 ng=3 ad=3 sl=3 prev_miss=0 next1=885 next2=926 next3=760 recov=1 bl_before_ds=0 bl_after_ds=0
B4D12_LATE_EVENT name=mat_a_frozen_baseline blk=8011 dsp_us=2470 lateness_us=1019 klass=3 mc=1 ng=3 ad=3 sl=3 prev_miss=0 next1=871 next2=841 next3=729 recov=1 bl_before_ds=0 bl_after_ds=0
B4D12_LATE_EVENT name=mat_a_frozen_baseline blk=8300 dsp_us=2373 lateness_us=922 klass=3 mc=1 ng=3 ad=3 sl=3 prev_miss=0 next1=1124 next2=792 next3=928 recov=1 bl_before_ds=0 bl_after_ds=14
B4D12_LATE_EVENT name=mat_a_frozen_baseline blk=8994 dsp_us=2238 lateness_us=787 klass=3 mc=1 ng=3 ad=3 sl=3 prev_miss=0 next1=829 next2=951 next3=784 recov=1 bl_before_ds=0 bl_after_ds=0
B4D12_LATE_EVENT name=mat_a_frozen_baseline blk=9000 dsp_us=1518 lateness_us=67 klass=0 mc=0 ng=1 ad=3 sl=3 prev_miss=0 next1=902 next2=1168 next3=782 recov=1 bl_before_ds=1 bl_after_ds=0
B4D12_LATE_EVENT name=mat_a_frozen_baseline blk=9703 dsp_us=2495 lateness_us=1044 klass=2 mc=1 ng=2 ad=2 sl=2 prev_miss=0 next1=1180 next2=781 next3=806 recov=1 bl_before_ds=0 bl_after_ds=0
B4D12_LATE_EVENT name=mat_a_frozen_baseline blk=9985 dsp_us=2361 lateness_us=910 klass=2 mc=1 ng=2 ad=2 sl=2 prev_miss=0 next1=993 next2=849 next3=772 recov=1 bl_before_ds=0 bl_after_ds=0
B4D12_LATE_EVENT name=mat_a_frozen_baseline blk=10521 dsp_us=2429 lateness_us=978 klass=2 mc=1 ng=2 ad=2 sl=2 prev_miss=0 next1=966 next2=770 next3=828 recov=1 bl_before_ds=14 bl_after_ds=0
B4D12_LATE_EVENT name=mat_a_frozen_baseline blk=10809 dsp_us=2471 lateness_us=1020 klass=3 mc=1 ng=3 ad=3 sl=3 prev_miss=0 next1=978 next2=849 next3=751 recov=1 bl_before_ds=0 bl_after_ds=0
B4D12_LATE_EVENT name=mat_a_frozen_baseline blk=11328 dsp_us=2147 lateness_us=696 klass=2 mc=1 ng=2 ad=2 sl=2 prev_miss=0 next1=805 next2=907 next3=633 recov=1 bl_before_ds=0 bl_after_ds=4
B4D12_LATE_EVENT name=mat_a_frozen_baseline blk=11748 dsp_us=2377 lateness_us=926 klass=2 mc=1 ng=2 ad=2 sl=2 prev_miss=0 next1=1037 next2=974 next3=845 recov=1 bl_before_ds=0 bl_after_ds=4
B4D12_LATE_EVENT name=mat_a_frozen_baseline blk=12450 dsp_us=2345 lateness_us=894 klass=2 mc=1 ng=2 ad=2 sl=2 prev_miss=0 next1=1106 next2=917 next3=857 recov=1 bl_before_ds=0 bl_after_ds=0
B4D12_LATE_EVENT name=mat_a_frozen_baseline blk=13621 dsp_us=2401 lateness_us=950 klass=3 mc=1 ng=3 ad=3 sl=3 prev_miss=0 next1=922 next2=721 next3=899 recov=1 bl_before_ds=0 bl_after_ds=0
B4D12_WINDOW name=mat_a_frozen_baseline idx=0 partial=1 blocks=13785 avg_us=626.936 p99_us=1200 p999_us=2300 max_us=2632 misses=20 mc2=9 mc3=10 max_consecutive_late=1 backlog_max_ms=5.5 transport_errors=0 cumulative_lateness_us=16548
B4D12_QUALIFY name=mat_a_frozen_baseline gate_a_transport=PASS gate_b_physical=PASS fs_ok=1 max_consecutive_late=1 backlog_max_ms=7.007 dsp_miss_independent=1 result=PASS
B4D1_MEMORY tag=b4d12_mat_a_frozen_baseline internal_free=93243 internal_largest=31744 spiram_free=17612652 spiram_largest=17301504
B4D1_PRESTAGE name=b4d12_mat_b_delay_sync kind=19 f0=220.0 frames=2866500 fnv=7485cb01 rms=0.068750
[0;31mE (64763) esp_clk_tree: esp_clk_tree_src_get_freq_hz(82): freq shouldn't be 0, calibration failed[0m
[0;31mE (64764) i2s_std: i2s_std_calculate_clock(57): sample rate is too large for the current clock source[0m
[0;31mE (64772) i2s_std: i2s_std_set_clock(74): clock calculate failed[0m
[0;31mE (64779) i2s_std: i2s_channel_init_std_mode(225): initialize channel failed while setting clock[0m
[0;33mW (64789) audio_i2s: AUDIO CLOCK WARNING: APLL unavailable, using XTAL fractional clock[0m
AUDIO CLOCK: EXPECTED_FALLBACK (APLL unavailable, using XTAL fractional clock)

=======================================================
            AUDIO HARDWARE CONFIGURATION               
=======================================================
Target Board:                   Wireless-Tag WT9932P4-TINY (ESP32-P4)
requested Fs:                   44100 Hz
actual/configured clock source: SOC_MOD_CLK_XTAL (XTAL fractional clock)
source clock Hz:                40000000 Hz
MCLK Hz:                        11289600 Hz
BCLK Hz:                        2822400 Hz
LRCK/Fs:                        44100 Hz
MCLK/Fs ratio:                  256
BCLK/Fs ratio:                  64
I2S Controller:                 I2S_NUM_0 (Full-Duplex Standard Philips)
MCLK GPIO:                      GPIO_19 (Header Pin 4 -> PCM1808 SCKI)
BCLK GPIO:                      GPIO_20 (Header Pin 5 -> PCM1808/PCM5102 BCK)
WS GPIO:                        GPIO_21 (Header Pin 6 -> PCM1808/PCM5102 LRCK)
DOUT GPIO:                      GPIO_22 (Header Pin 7 -> PCM5102 DIN)
DIN GPIO:                       GPIO_23 (Header Pin 8 <- PCM1808 DOUT)
Data Width:                     32-bit slot, 24-bit audio MSB-aligned in bits [31:8]
Slot Width:                     32 bits per slot (2 slots/frame = 64 BCLK/frame)
Channels:                       Stereo (L/R interleaved)
DMA Descriptors:                6 descriptors
DMA Frame Count:                64 frames/desc (512 bytes/desc)
DMA buffering capacity:         8.00 ms (384 frames total)
physical/effective latency:     PENDING_HARDWARE_MEASUREMENT
=======================================================

B4D1_STACK audio_hwm_bytes=15824 pitch_hwm_bytes=8700
B4D12_FORENSIC_HEADER set,block,dsp_us,cycle_us,input_cycles,comp_cycles,harmony_cycles,drive_cycles,chorus_cycles,delay_cycles,reverb_cycles,master_cycles,new_grains,active_grains,source_grains,grain_samples,model_lookups,model_expensive,model_warp_us,formant_changed,pitch_changed,track_state,fallback,recovery,fir_computed,fir_reused,deferred_slices,psola_sched_cycles,psola_addgrain_cycles,psola_deferred_cycles,psola_mark_cycles,psola_desc_cycles,psola_near_cycles,psola_poly_cycles,psola_gn_cycles
B4D12_FORENSIC_COUNT top=100 misses=21 miss_dropped=0
B4D12_FORENSIC,top,12123,1192,1428,0,0,0,0,0,0,0,0,1,1,0,429,1,1,208.14,1,0,2,0,0,0,0,3,126248,110642,44458,9569,8207,34412,328,27481
B4D12_FORENSIC,top,186,2250,2360,0,0,0,0,0,0,0,0,2,2,0,854,2,1,464.87,1,0,2,1,0,0,0,2,324999,274693,116373,27614,11225,30829,1447,24797
B4D12_FORENSIC,top,3479,2466,2576,0,0,0,0,0,0,0,0,3,3,0,1089,3,1,501.98,1,0,2,1,0,0,0,3,354817,296412,115908,28818,11488,38976,1438,24685
B4D12_FORENSIC,top,1843,1169,1419,0,0,0,0,0,0,0,0,1,1,0,421,1,1,163.32,1,0,2,0,0,0,0,3,113024,97352,38807,6821,5654,2498,325,29602
B4D12_FORENSIC,top,1845,1170,1412,0,0,0,0,0,0,0,0,1,1,0,421,1,0,48.61,0,0,2,0,0,0,0,3,60620,53148,24570,6853,8192,3171,0,0
B4D12_FORENSIC,top,3594,1319,1430,0,0,0,0,0,0,0,0,1,1,0,349,1,0,86.13,0,0,2,0,0,0,0,3,126256,98202,26793,33050,8368,11235,0,0
B4D12_FORENSIC,top,9980,2179,2294,0,0,0,0,0,0,0,0,3,3,0,1513,3,2,455.96,1,1,2,1,0,0,0,3,315815,268133,108470,30717,14320,32330,585,40629
B4D12_FORENSIC,top,12172,1179,1427,0,0,0,0,0,0,0,0,1,1,0,415,1,1,172.05,1,0,2,0,0,0,0,3,89012,81524,30004,4123,5662,2587,330,30182
B4D12_FORENSIC,top,10042,1164,1420,0,0,0,0,0,0,0,0,1,1,0,479,1,1,201.46,1,0,2,0,0,0,0,3,115850,110966,23841,6820,280,11800,330,24808
B4D12_FORENSIC,top,11002,1270,1422,0,0,0,0,0,0,0,0,1,1,0,425,1,1,270.04,1,0,2,0,0,0,0,3,174686,146300,29253,20167,2982,21942,330,59525
B4D12_FORENSIC,top,11747,2456,2576,0,0,0,0,0,0,0,0,3,3,0,2011,3,2,521.46,1,0,2,1,0,0,0,3,363394,307950,127533,30094,11504,40329,608,40791
B4D12_FORENSIC,top,1453,1263,1412,0,0,0,0,0,0,0,0,1,1,0,427,1,1,184.73,1,0,2,0,0,0,0,3,125755,112820,43118,6698,5662,15647,327,27066
B4D12_FORENSIC,top,12541,1169,1403,0,0,0,0,0,0,0,0,1,1,0,323,1,1,209.24,1,0,2,0,0,0,0,2,112466,105010,20611,6132,8297,20941,1452,24884
B4D12_FORENSIC,top,7605,1368,1503,0,0,0,0,0,0,0,0,1,1,0,405,1,1,224.96,1,0,2,1,0,0,0,2,132148,124921,20260,9576,2990,21622,1427,27547
B4D12_FORENSIC,top,9077,1193,1433,0,0,0,0,0,0,0,0,1,1,0,329,1,0,41.53,0,0,2,0,0,0,0,3,39376,29264,22465,4184,302,13895,0,0
B4D12_FORENSIC,top,12502,1173,1428,0,0,0,0,0,0,0,0,1,1,0,353,1,1,186.32,1,0,2,0,0,0,0,3,111524,96288,42190,13724,2969,2455,327,24848
B4D12_FORENSIC,top,13852,1344,1470,0,0,0,0,0,0,0,0,1,1,0,427,1,1,212.95,1,0,2,0,0,0,0,3,95816,85596,43920,4208,2993,17870,334,32288
B4D12_FORENSIC,top,9205,1218,1435,0,0,0,0,0,0,0,0,1,1,0,375,1,1,162.89,1,0,2,0,0,0,0,3,91088,81062,32306,9539,278,2525,1429,29631
B4D12_FORENSIC,top,352,1168,1418,0,0,0,0,0,0,0,0,1,1,0,431,1,1,179.11,1,0,2,0,0,0,0,3,93856,86368,38437,3817,5532,1884,329,33423
B4D12_FORENSIC,top,8011,2301,2420,0,0,0,0,0,0,0,0,3,3,0,1109,3,1,411.02,1,0,2,1,0,0,0,3,318692,269036,113529,33684,11501,33325,314,24688
B4D12_FORENSIC,top,9702,2441,2533,0,0,0,0,0,0,0,0,3,3,0,1077,3,1,470.62,1,0,2,1,0,0,0,3,357642,288079,125078,28412,11508,30416,1453,27535
B4D12_FORENSIC,top,10100,1197,1412,0,0,0,0,0,0,0,0,1,1,0,423,1,1,170.83,1,0,2,1,0,0,0,3,106197,88080,32664,8439,2994,4870,331,25028
B4D12_FORENSIC,top,1700,1170,1393,0,0,0,0,0,0,0,0,1,1,0,425,1,1,181.07,1,0,2,0,0,0,0,3,108036,88114,29666,4680,5654,12553,329,28853
B4D12_FORENSIC,top,7677,1170,1428,0,0,0,0,0,0,0,0,1,1,0,399,1,1,223.61,1,0,2,0,0,0,0,3,123908,116314,34704,9583,3014,6827,328,40716
B4D12_FORENSIC,top,6959,1298,1371,0,0,0,0,0,0,0,0,1,1,0,719,1,0,136.79,0,1,2,1,0,0,0,3,98979,75488,69982,2866,10959,32049,0,0
B4D12_FORENSIC,top,707,2459,2604,0,0,0,0,0,0,0,0,2,2,0,962,2,1,479.46,1,0,2,1,0,0,0,2,333061,279896,112012,28324,11229,31841,325,24512
B4D12_FORENSIC,top,8750,1178,1402,0,0,0,0,0,0,0,0,1,1,0,427,1,1,216.84,1,0,2,0,0,0,0,3,129320,105824,27979,4235,5648,14865,327,24710
B4D12_FORENSIC,top,7847,1179,1425,0,0,0,0,0,0,0,0,1,1,0,255,1,0,63.32,0,0,2,1,0,0,0,3,75897,53144,31343,20058,3130,5800,0,0
B4D12_FORENSIC,top,8401,1182,1426,0,0,0,0,0,0,0,0,1,1,0,423,1,1,217.63,1,0,2,1,0,0,0,3,118278,108022,33407,6036,2987,13290,3073,27802
B4D12_FORENSIC,top,1475,1177,1360,0,0,0,0,0,0,0,0,0,0,0,0,0,0,0.00,0,0,2,0,0,0,0,3,20772,0,52915,0,0,0,0,0
B4D12_FORENSIC,top,6605,2449,2571,0,0,0,0,0,0,0,0,3,3,0,2487,3,2,578.31,1,0,2,1,0,0,0,3,386678,331290,121492,28704,11510,38669,590,43395
B4D12_FORENSIC,top,8789,1170,1388,0,0,0,0,0,0,0,0,1,1,0,433,1,0,138.11,0,0,2,0,0,0,0,3,90344,77402,29578,4184,2954,29664,0,0
B4D12_FORENSIC,top,8713,1245,1411,0,0,0,0,0,0,0,0,1,1,0,427,1,1,249.19,1,0,2,0,0,0,0,3,143567,122714,33778,12100,5680,15909,3031,39064
B4D12_FORENSIC,top,7687,1160,1426,0,0,0,0,0,0,0,0,1,1,0,399,1,1,200.61,1,0,2,0,0,0,0,3,120883,107974,26675,12176,2982,5158,3026,35126
B4D12_FORENSIC,top,6654,1214,1420,0,0,0,0,0,0,0,0,1,1,0,773,1,1,236.68,1,0,2,0,0,0,0,3,116290,106093,62880,10752,2980,10907,325,37696
B4D12_FORENSIC,top,12813,1166,1416,0,0,0,0,0,0,0,0,1,1,0,319,1,1,180.57,1,0,2,0,0,0,0,3,94926,82042,31350,6877,284,3231,329,24570
B4D12_FORENSIC,top,7593,1321,1421,0,0,0,0,0,0,0,0,1,1,0,407,1,1,263.59,1,0,2,1,0,0,0,3,140854,122586,30925,12208,5672,13129,329,44452
B4D12_FORENSIC,top,8994,2277,2394,0,0,0,0,0,0,0,0,3,3,0,951,3,2,484.43,1,0,2,1,0,0,0,3,330525,280136,102924,33872,11493,36953,1712,43700
B4D12_FORENSIC,top,876,2167,2282,0,0,0,0,0,0,0,0,2,2,0,800,2,1,398.74,1,0,2,1,0,0,0,2,298598,253112,110166,28462,11231,29687,313,24854
B4D12_FORENSIC,top,892,1259,1426,0,0,0,0,0,0,0,0,1,1,0,407,1,1,293.23,1,0,2,1,0,0,0,3,148399,138244,41519,9091,5677,15514,327,42230
B4D12_FORENSIC,top,12209,1167,1346,0,0,0,0,0,0,0,0,1,1,0,427,1,1,186.65,1,0,2,0,0,0,0,3,118322,97534,33440,6870,8354,5215,325,24781
B4D12_FORENSIC,top,10105,1222,1417,0,0,0,0,0,0,0,0,1,1,0,421,1,1,171.09,1,0,2,1,0,0,0,3,140116,121820,33690,9540,8582,7956,329,29856
B4D12_FORENSIC,top,7903,1552,1667,0,0,0,0,0,0,0,0,3,3,0,3291,3,1,315.25,1,0,2,1,0,0,0,3,234113,205273,73265,17992,6147,20277,316,27450
B4D12_FORENSIC,top,10229,1220,1412,0,0,0,0,0,0,0,0,1,1,0,431,1,0,19.16,0,0,2,0,0,0,0,3,47525,34718,31941,9675,2976,5843,0,0
B4D12_FORENSIC,top,8300,2373,2499,0,0,0,0,0,0,0,0,3,3,0,1425,3,1,433.44,1,0,2,1,0,0,0,3,326412,273324,118547,31683,12020,34678,315,27550
B4D12_FORENSIC,top,8747,1302,1419,0,0,0,0,0,0,0,0,1,1,0,431,1,0,91.32,0,0,2,0,0,0,0,3,94544,71236,34110,9486,8372,18631,0,0
B4D12_FORENSIC,top,952,1171,1421,0,0,0,0,0,0,0,0,1,1,0,411,1,1,196.60,1,0,2,0,0,0,0,3,105806,101006,29861,6856,10884,5249,334,33808
B4D12_FORENSIC,top,7285,1164,1420,0,0,0,0,0,0,0,0,1,1,0,321,1,1,128.08,1,0,2,0,0,0,0,3,78646,71166,23414,6836,5652,7805,322,25233
B4D12_FORENSIC,top,6712,1172,1422,0,0,0,0,0,0,0,0,1,1,0,407,1,1,216.27,1,1,2,1,0,0,0,3,117499,112673,42323,5787,316,2622,2899,40790
B4D12_FORENSIC,top,11084,1210,1417,0,0,0,0,0,0,0,0,1,1,0,467,1,1,202.25,1,1,2,1,0,0,0,3,115976,103116,35891,6863,5520,8014,1427,30300
B4D12_FORENSIC,top,972,1161,1390,0,0,0,0,0,0,0,0,1,1,0,409,1,1,179.62,1,0,2,0,0,0,0,3,118756,103228,28397,6911,5654,7840,314,25019
B4D12_FORENSIC,top,1511,1193,1425,0,0,0,0,0,0,0,0,1,1,0,429,1,0,55.56,0,0,2,0,0,0,0,3,90236,82652,29193,6862,19162,16456,0,0
B4D12_FORENSIC,top,8821,1250,1425,0,0,0,0,0,0,0,0,1,1,0,401,1,1,117.52,1,0,2,0,0,0,0,3,77516,64660,35253,6873,296,2489,321,21369
B4D12_FORENSIC,top,7175,1220,1425,0,0,0,0,0,0,0,0,1,1,0,313,1,0,91.01,0,0,2,0,0,0,0,3,104204,54900,33941,9520,5518,21016,0,0
B4D12_FORENSIC,top,3597,1221,1427,0,0,0,0,0,0,0,0,1,1,0,345,1,1,248.36,1,0,2,0,0,0,0,3,127064,116854,30118,9036,277,7653,328,52162
B4D12_FORENSIC,top,6634,1239,1410,0,0,0,0,0,0,0,0,1,1,0,817,1,1,203.49,1,0,2,0,0,0,0,3,149972,120906,28000,10674,8364,11039,328,22179
B4D12_FORENSIC,top,6955,2451,2553,0,0,0,0,0,0,0,0,3,3,0,2155,3,1,515.69,1,1,2,1,0,0,0,3,365348,306729,119914,29760,11508,41134,3020,30360
B4D12_FORENSIC,top,8784,1197,1419,0,0,0,0,0,0,0,0,1,1,0,437,1,0,97.95,0,0,2,0,0,0,0,3,100970,82854,36343,24162,5659,26362,0,0
B4D12_FORENSIC,top,1005,1180,1419,0,0,0,0,0,0,0,0,1,1,0,399,1,1,214.37,1,0,2,0,0,0,0,3,135452,128022,32557,13976,2981,16648,330,39429
B4D12_FORENSIC,top,9936,1941,2063,0,0,0,0,0,0,0,0,3,3,0,1879,3,2,438.55,1,1,2,1,0,0,0,3,301204,250498,88650,33641,11478,23765,597,43062
B4D12_FORENSIC,top,12149,1233,1378,0,0,0,0,0,0,0,0,1,1,0,415,1,1,132.40,1,0,2,0,0,0,0,3,82932,72746,32836,9575,2964,13293,321,18657
B4D12_FORENSIC,top,8311,1163,1409,0,0,0,0,0,0,0,0,1,1,0,483,1,1,170.62,1,0,2,1,0,0,0,3,120430,110108,26285,6294,5672,4749,329,24774
B4D12_FORENSIC,top,12815,1188,1424,0,0,0,0,0,0,0,0,1,1,0,319,1,0,96.44,0,0,2,0,0,0,0,3,80376,67408,29770,6786,8341,17881,0,0
B4D12_FORENSIC,top,7021,1217,1402,0,0,0,0,0,0,0,0,1,1,0,355,1,1,216.11,1,0,2,1,0,0,0,3,111914,93682,39865,3077,5644,23963,328,24694
B4D12_FORENSIC,top,12450,2464,2600,0,0,0,0,0,0,0,0,2,2,0,756,2,1,511.72,1,0,2,1,0,0,0,2,355319,299370,128582,30552,16766,34856,1439,32344
B4D12_FORENSIC,top,11115,1195,1406,0,0,0,0,0,0,0,0,1,1,0,481,1,1,105.96,1,0,2,0,0,0,0,3,97388,89902,34103,20277,8189,3309,339,27166
B4D12_FORENSIC,top,1077,1211,1420,0,0,0,0,0,0,0,0,1,1,0,401,1,1,193.50,1,0,2,0,0,0,0,3,91440,78698,26776,4196,302,2558,716,45875
B4D12_FORENSIC,top,10182,1163,1397,0,0,0,0,0,0,0,0,1,1,0,425,1,1,126.46,1,0,2,0,0,0,0,3,96794,75926,36850,12304,8192,18492,315,22095
B4D12_FORENSIC,top,6965,1499,1599,0,0,0,0,0,0,0,0,1,1,0,525,1,1,232.16,1,1,2,1,0,0,0,3,152571,128922,27547,5655,5656,16025,1444,24717
B4D12_FORENSIC,top,6669,1338,1455,0,0,0,0,0,0,0,0,1,1,0,823,1,1,334.43,1,0,2,0,0,0,0,3,186724,168330,29555,16284,5680,36749,328,49328
B4D12_FORENSIC,top,7177,1157,1406,0,0,0,0,0,0,0,0,1,1,0,313,1,1,179.69,1,0,2,0,0,0,0,3,94548,76354,37340,4200,288,2431,328,27693
B4D12_FORENSIC,top,8431,1158,1424,0,0,0,0,0,0,0,0,1,1,0,427,1,1,200.51,1,0,2,0,0,0,0,3,98748,85910,35902,8943,297,18258,327,24822
B4D12_FORENSIC,top,1798,1203,1426,0,0,0,0,0,0,0,0,1,1,0,429,1,0,78.67,0,0,2,0,0,0,0,3,77071,61465,36124,6896,2999,13996,0,0
B4D12_FORENSIC,top,10524,1159,1381,0,0,0,0,0,0,0,0,1,1,0,423,1,0,8.80,0,0,2,1,0,0,0,3,37704,24880,32974,6222,2977,2142,0,0
B4D12_FORENSIC,top,10806,2252,2358,0,0,0,0,0,0,0,0,3,3,0,1083,3,1,458.21,1,0,2,1,0,0,0,3,320901,278478,99302,30297,11473,34815,316,24966
B4D12_FORENSIC,top,10520,2385,2488,0,0,0,0,0,0,0,0,3,3,0,1231,3,1,478.14,1,0,2,1,0,0,0,3,350091,294168,118199,34158,11480,35728,313,24926
B4D12_FORENSIC,top,8787,1159,1403,0,0,0,0,0,0,0,0,1,1,0,433,1,1,223.98,1,0,2,0,0,0,0,3,118618,111128,31714,4185,5690,8007,701,37992
B4D12_FORENSIC,top,10927,1233,1425,0,0,0,0,0,0,0,0,1,1,0,431,1,1,255.40,1,0,2,0,0,0,0,3,135804,120254,35028,4314,8308,18816,330,43953
B4D12_FORENSIC,top,1289,2237,2345,0,0,0,0,0,0,0,0,2,2,0,906,2,1,455.03,1,0,2,1,0,0,0,2,319995,272457,112746,29762,11267,36240,331,24933
B4D12_FORENSIC,top,7507,1228,1418,0,0,0,0,0,0,0,0,1,1,0,361,1,1,223.32,1,0,2,0,0,0,0,3,126414,108104,30138,6838,2995,2482,328,24745
B4D12_FORENSIC,top,11793,1170,1419,0,0,0,0,0,0,0,0,1,1,0,431,1,1,198.74,1,0,2,0,0,0,0,3,110387,102887,46965,3036,5492,20513,329,29991
B4D12_FORENSIC,top,8382,1159,1418,0,0,0,0,0,0,0,0,1,1,0,441,1,1,172.13,1,1,2,1,0,0,0,3,109676,91430,26105,6057,5492,2623,330,24738
B4D12_FORENSIC,top,8053,1184,1404,0,0,0,0,0,0,0,0,1,1,0,361,1,1,133.70,1,0,2,0,0,0,0,3,69840,62490,25326,6847,300,7571,321,25022
B4D12_FORENSIC,top,6659,1186,1419,0,0,0,0,0,0,0,0,1,1,0,771,1,1,151.46,1,0,2,0,0,0,0,3,125991,104839,25336,21339,5654,8555,328,19494
B4D12_FORENSIC,top,12469,1307,1406,0,0,0,0,0,0,0,0,1,1,0,359,1,1,205.90,1,0,2,1,0,0,0,3,126759,105976,27099,5955,8305,13050,337,29219
B4D12_FORENSIC,top,11327,2184,2271,0,0,0,0,0,0,0,0,2,2,0,1054,2,1,457.73,1,0,2,1,0,0,0,2,320571,272705,107750,25686,11211,33254,330,24642
B4D12_FORENSIC,top,9995,1195,1366,0,0,0,0,0,0,0,0,1,1,0,453,1,1,180.63,1,0,2,1,0,0,0,3,126886,95240,34540,4162,10874,3227,329,24603
B4D12_FORENSIC,top,10935,1211,1426,0,0,0,0,0,0,0,0,1,1,0,433,1,1,222.29,1,0,2,0,0,0,0,3,118012,113078,41976,9529,2970,8028,330,53626
B4D12_FORENSIC,top,10951,1166,1406,0,0,0,0,0,0,0,0,1,1,0,433,1,1,151.60,1,0,2,0,0,0,0,3,100552,82300,28419,6830,5654,5076,328,36298
B4D12_FORENSIC,top,12995,1182,1427,0,0,0,0,0,0,0,0,1,1,0,345,1,0,25.86,0,0,2,0,0,0,0,3,68318,58860,25464,25990,2986,8287,0,0
B4D12_FORENSIC,top,1397,1185,1403,0,0,0,0,0,0,0,0,1,1,0,421,1,1,89.58,1,0,2,1,0,0,0,3,67396,57216,33069,6764,5654,5169,318,22093
B4D12_FORENSIC,top,13173,1229,1420,0,0,0,0,0,0,0,0,1,1,0,395,1,1,219.47,1,0,2,0,0,0,0,3,119618,114896,24056,6868,2988,7705,1429,39454
B4D12_FORENSIC,top,6639,1215,1475,0,0,0,0,0,0,0,0,1,1,0,745,1,1,261.50,1,0,2,0,0,0,0,2,146638,128422,21793,5332,5680,24138,329,35212
B4D12_FORENSIC,top,1413,1178,1434,0,0,0,0,0,0,0,0,1,1,0,421,1,1,240.79,1,0,2,0,0,0,0,3,121799,114240,45936,6654,2982,13336,327,46900
B4D12_FORENSIC,top,6664,1310,1433,0,0,0,0,0,0,0,0,1,1,0,789,1,1,300.08,1,0,2,0,0,0,0,3,168642,145114,27116,16168,5672,32324,327,48794
B4D12_FORENSIC,top,13621,2631,2754,0,0,0,0,0,0,0,0,3,3,0,1377,3,1,532.13,1,0,2,1,0,0,0,3,364335,313594,124351,38604,11525,33401,3498,24900
B4D12_FORENSIC,top,13741,1210,1421,0,0,0,0,0,0,0,0,1,1,0,427,1,1,238.59,1,0,2,0,0,0,0,3,114970,107474,40104,3417,8336,29154,325,41080
B4D12_FORENSIC,top,10033,1274,1420,0,0,0,0,0,0,0,0,1,1,0,481,1,1,282.83,1,0,2,0,0,0,0,2,153168,134870,22878,6815,10979,26398,329,32764
B4D12_FORENSIC,top,11883,1188,1427,0,0,0,0,0,0,0,0,1,1,0,425,1,1,209.11,1,0,2,0,0,0,0,3,131485,115936,35940,11678,2962,2649,326,46198
B4D12_FORENSIC,top,8872,1239,1428,0,0,0,0,0,0,0,0,1,1,0,429,1,1,185.65,1,0,2,0,0,0,0,3,125728,94394,28288,9526,8192,2568,328,24668
B4D12_FORENSIC,miss,186,2250,2360,0,0,0,0,0,0,0,0,2,2,0,854,2,1,464.87,1,0,2,1,0,0,0,2,324999,274693,116373,27614,11225,30829,1447,24797
B4D12_FORENSIC,miss,707,2459,2604,0,0,0,0,0,0,0,0,2,2,0,962,2,1,479.46,1,0,2,1,0,0,0,2,333061,279896,112012,28324,11229,31841,325,24512
B4D12_FORENSIC,miss,876,2167,2282,0,0,0,0,0,0,0,0,2,2,0,800,2,1,398.74,1,0,2,1,0,0,0,2,298598,253112,110166,28462,11231,29687,313,24854
B4D12_FORENSIC,miss,1289,2237,2345,0,0,0,0,0,0,0,0,2,2,0,906,2,1,455.03,1,0,2,1,0,0,0,2,319995,272457,112746,29762,11267,36240,331,24933
B4D12_FORENSIC,miss,3479,2466,2576,0,0,0,0,0,0,0,0,3,3,0,1089,3,1,501.98,1,0,2,1,0,0,0,3,354817,296412,115908,28818,11488,38976,1438,24685
B4D12_FORENSIC,miss,6605,2449,2571,0,0,0,0,0,0,0,0,3,3,0,2487,3,2,578.31,1,0,2,1,0,0,0,3,386678,331290,121492,28704,11510,38669,590,43395
B4D12_FORENSIC,miss,6955,2451,2553,0,0,0,0,0,0,0,0,3,3,0,2155,3,1,515.69,1,1,2,1,0,0,0,3,365348,306729,119914,29760,11508,41134,3020,30360
B4D12_FORENSIC,miss,6965,1499,1599,0,0,0,0,0,0,0,0,1,1,0,525,1,1,232.16,1,1,2,1,0,0,0,3,152571,128922,27547,5655,5656,16025,1444,24717
B4D12_FORENSIC,miss,7903,1552,1667,0,0,0,0,0,0,0,0,3,3,0,3291,3,1,315.25,1,0,2,1,0,0,0,3,234113,205273,73265,17992,6147,20277,316,27450
B4D12_FORENSIC,miss,8011,2301,2420,0,0,0,0,0,0,0,0,3,3,0,1109,3,1,411.02,1,0,2,1,0,0,0,3,318692,269036,113529,33684,11501,33325,314,24688
B4D12_FORENSIC,miss,8300,2373,2499,0,0,0,0,0,0,0,0,3,3,0,1425,3,1,433.44,1,0,2,1,0,0,0,3,326412,273324,118547,31683,12020,34678,315,27550
B4D12_FORENSIC,miss,8994,2277,2394,0,0,0,0,0,0,0,0,3,3,0,951,3,2,484.43,1,0,2,1,0,0,0,3,330525,280136,102924,33872,11493,36953,1712,43700
B4D12_FORENSIC,miss,9702,2441,2533,0,0,0,0,0,0,0,0,3,3,0,1077,3,1,470.62,1,0,2,1,0,0,0,3,357642,288079,125078,28412,11508,30416,1453,27535
B4D12_FORENSIC,miss,9936,1941,2063,0,0,0,0,0,0,0,0,3,3,0,1879,3,2,438.55,1,1,2,1,0,0,0,3,301204,250498,88650,33641,11478,23765,597,43062
B4D12_FORENSIC,miss,9980,2179,2294,0,0,0,0,0,0,0,0,3,3,0,1513,3,2,455.96,1,1,2,1,0,0,0,3,315815,268133,108470,30717,14320,32330,585,40629
B4D12_FORENSIC,miss,10520,2385,2488,0,0,0,0,0,0,0,0,3,3,0,1231,3,1,478.14,1,0,2,1,0,0,0,3,350091,294168,118199,34158,11480,35728,313,24926
B4D12_FORENSIC,miss,10806,2252,2358,0,0,0,0,0,0,0,0,3,3,0,1083,3,1,458.21,1,0,2,1,0,0,0,3,320901,278478,99302,30297,11473,34815,316,24966
B4D12_FORENSIC,miss,11327,2184,2271,0,0,0,0,0,0,0,0,2,2,0,1054,2,1,457.73,1,0,2,1,0,0,0,2,320571,272705,107750,25686,11211,33254,330,24642
B4D12_FORENSIC,miss,11747,2456,2576,0,0,0,0,0,0,0,0,3,3,0,2011,3,2,521.46,1,0,2,1,0,0,0,3,363394,307950,127533,30094,11504,40329,608,40791
B4D12_FORENSIC,miss,12450,2464,2600,0,0,0,0,0,0,0,0,2,2,0,756,2,1,511.72,1,0,2,1,0,0,0,2,355319,299370,128582,30552,16766,34856,1439,32344
B4D12_FORENSIC,miss,13621,2631,2754,0,0,0,0,0,0,0,0,3,3,0,1377,3,1,532.13,1,0,2,1,0,0,0,3,364335,313594,124351,38604,11525,33401,3498,24900
B4D12_GRAIN_HEADER set,block,ordinal,source_center,destination_center,half,model_timestamp,model_order,lambda_bits,gamma_bits,sample_rate_bits,norm_strategy,cache_path,local_difference,shared_difference,addgrain_cycles,select_cycles,model_near_cycles,cache_lookup_cycles,polynomial_cycles,gain_cycles
B4D12_GRAIN,top,186,0,1158023,1159383,215,1158655,16,0,1065101558,1194083328,2,4,10,10,248136,24621,29571,5520,1447,24797
B4D12_GRAIN,top,186,1,1158234,1159551,211,1158655,16,0,1065101558,1194083328,2,1,0,0,26557,2965,1258,1768,0,0
B4D12_GRAIN,top,3479,0,1368705,1370120,181,1368703,16,0,1065101558,1194083328,2,4,10,10,261462,24408,33709,10033,1438,24685
B4D12_GRAIN,top,3479,1,1368705,1370264,181,1368703,16,0,1065101558,1194083328,2,1,0,0,27507,2348,2669,1769,0,0
B4D12_GRAIN,top,3479,2,1368705,1370407,181,1368703,16,0,1065101558,1194083328,2,1,0,0,7443,2026,2598,200,0,0
B4D12_GRAIN,top,9980,0,1784732,1786055,261,1784575,16,0,1065101558,1194083328,2,4,10,10,213526,22890,27139,7063,309,24498
B4D12_GRAIN,top,9980,1,1784732,1786255,261,1784575,16,0,1065101558,1194083328,2,1,0,0,28409,4099,2993,221,0,0
B4D12_GRAIN,top,9980,2,1784965,1786455,233,1784959,16,0,1065101558,1194083328,2,4,10,10,26198,3686,2198,83,276,16131
B4D12_GRAIN,top,11747,0,1897724,1899170,585,1897855,16,0,1065101558,1194083328,2,4,10,10,251290,24448,35722,7081,327,24798
B4D12_GRAIN,top,11747,1,1897934,1899336,210,1897855,16,0,1065101558,1194083328,2,1,0,0,29108,3027,2675,1779,0,0
B4D12_GRAIN,top,11747,2,1898143,1899501,209,1898239,16,0,1065101558,1194083328,2,4,10,10,27552,2580,1932,89,281,15993
B4D12_GRAIN,top,8011,0,1658684,1660095,183,1659391,16,0,1065101558,1194083328,2,4,10,10,227094,17815,30713,7072,314,24688
B4D12_GRAIN,top,8011,1,1658869,1660240,185,1659391,16,0,1065101558,1194083328,2,1,0,0,33876,12083,1361,1769,0,0
B4D12_GRAIN,top,8011,2,1659054,1660386,185,1659391,16,0,1065101558,1194083328,2,1,0,0,8066,3744,1251,194,0,0
B4D12_GRAIN,top,9702,0,1766924,1768335,183,1767679,16,0,1065101558,1194083328,2,4,10,10,243958,15780,27908,8181,1453,27535
B4D12_GRAIN,top,9702,1,1767107,1768467,177,1767679,16,0,1065101558,1194083328,2,1,0,0,34978,10458,1305,1756,0,0
B4D12_GRAIN,top,9702,2,1767107,1768598,177,1767679,16,0,1065101558,1194083328,2,1,0,0,9143,2135,1203,206,0,0
B4D12_GRAIN,top,707,0,1191404,1192734,240,1192063,16,0,1065101558,1194083328,2,4,10,10,249614,24920,30547,7055,325,24512
B4D12_GRAIN,top,707,1,1191404,1192893,240,1192063,16,0,1065101558,1194083328,2,1,0,0,30282,3379,1294,5391,0,0
B4D12_GRAIN,top,6605,0,1568623,1569943,416,1568767,16,0,1065101558,1194083328,2,4,10,10,277020,23915,34675,12427,309,27470
B4D12_GRAIN,top,6605,1,1569036,1570271,413,1569151,16,0,1065101558,1194083328,2,4,10,10,27917,2467,2004,87,281,15925
B4D12_GRAIN,top,6605,2,1569036,1570599,413,1569151,16,0,1065101558,1194083328,2,1,0,0,26353,2280,1990,1778,0,0
B4D12_GRAIN,top,8994,0,1721722,1723100,158,1721599,16,0,1065101558,1194083328,2,4,10,10,225100,25692,32393,7063,1436,27684
B4D12_GRAIN,top,8994,1,1721880,1723225,158,1721983,16,0,1065101558,1194083328,2,4,10,10,27102,4165,2258,83,276,16016
B4D12_GRAIN,top,8994,2,1721880,1723351,158,1721983,16,0,1065101558,1194083328,2,1,0,0,27934,3976,2302,1764,0,0
B4D12_GRAIN,top,876,0,1202164,1203535,200,1202815,16,0,1065101558,1194083328,2,4,10,10,225872,25026,28191,5484,313,24854
B4D12_GRAIN,top,876,1,1202363,1203695,199,1202815,16,0,1065101558,1194083328,2,1,0,0,27240,3408,1496,1754,0,0
B4D12_GRAIN,top,7903,0,1651964,1653251,548,1652095,16,0,1065101558,1194083328,2,4,10,10,170374,10031,15727,1664,316,27450
B4D12_GRAIN,top,7903,1,1651964,1653335,548,1652095,16,0,1065101558,1194083328,2,1,0,0,22109,4100,2346,1766,0,0
B4D12_GRAIN,top,7903,2,1651964,1653419,548,1652095,16,0,1065101558,1194083328,2,1,0,0,12790,3828,2204,206,0,0
B4D12_GRAIN,top,8300,0,1677164,1678575,238,1677823,16,0,1065101558,1194083328,2,4,10,10,229840,16904,32223,4363,315,27550
B4D12_GRAIN,top,8300,1,1677399,1678764,236,1677823,16,0,1065101558,1194083328,2,1,0,0,36270,11567,1279,1767,0,0
B4D12_GRAIN,top,8300,2,1677636,1678952,237,1677823,16,0,1065101558,1194083328,2,1,0,0,7214,3170,1176,200,0,0
B4D12_GRAIN,top,6955,0,1591120,1592455,358,1591423,16,0,1065101558,1194083328,2,4,10,10,270754,24417,37282,13566,3020,30360
B4D12_GRAIN,top,6955,1,1591479,1592734,359,1591423,16,0,1065101558,1194083328,2,1,0,0,28835,2835,1975,1767,0,0
B4D12_GRAIN,top,6955,2,1591479,1593014,359,1591423,16,0,1065101558,1194083328,2,1,0,0,7140,2466,1877,208,0,0
B4D12_GRAIN,top,9936,0,1781790,1783201,278,1781887,16,0,1065101558,1194083328,2,4,10,10,192374,25635,19153,9745,321,27093
B4D12_GRAIN,top,9936,1,1782120,1783426,330,1782271,16,0,1065101558,1194083328,2,4,10,10,29378,4017,2305,83,276,15969
B4D12_GRAIN,top,9936,2,1782120,1783652,330,1782271,16,0,1065101558,1194083328,2,1,0,0,28746,3947,2307,1785,0,0
B4D12_GRAIN,top,12450,0,1942815,1944301,196,1943167,16,0,1065101558,1194083328,2,4,10,10,274938,27465,32891,9718,1439,32344
B4D12_GRAIN,top,12450,1,1942996,1944444,181,1943167,16,0,1065101558,1194083328,2,1,0,0,24432,3059,1965,1767,0,0
B4D12_GRAIN,top,10806,0,1837673,1839044,184,1838335,16,0,1065101558,1194083328,2,4,10,10,240408,22862,31960,8184,316,24966
B4D12_GRAIN,top,10806,1,1837851,1839193,178,1838335,16,0,1065101558,1194083328,2,1,0,0,30378,3828,1507,1754,0,0
B4D12_GRAIN,top,10806,2,1837851,1839342,178,1838335,16,0,1065101558,1194083328,2,1,0,0,7692,3568,1348,202,0,0
B4D12_GRAIN,top,10520,0,1819244,1820655,202,1819903,16,0,1065101558,1194083328,2,4,10,10,247734,19411,33220,8204,313,24926
B4D12_GRAIN,top,10520,1,1819435,1820815,201,1819903,16,0,1065101558,1194083328,2,1,0,0,38706,11417,1300,1780,0,0
B4D12_GRAIN,top,10520,2,1819646,1820976,211,1819903,16,0,1065101558,1194083328,2,1,0,0,7728,3291,1208,204,0,0
B4D12_GRAIN,top,1289,0,1228605,1229961,231,1228927,16,0,1065101558,1194083328,2,4,10,10,243838,25640,34106,5484,331,24933
B4D12_GRAIN,top,1289,1,1228826,1230148,221,1228927,16,0,1065101558,1194083328,2,1,0,0,28619,4094,2134,1763,0,0
B4D12_GRAIN,top,11327,0,1871092,1872441,263,1871359,16,0,1065101558,1194083328,2,4,10,10,242422,22326,31263,8199,330,24642
B4D12_GRAIN,top,11327,1,1871092,1872654,263,1871359,16,0,1065101558,1194083328,2,1,0,0,30283,3332,1991,1786,0,0
B4D12_GRAIN,top,13621,0,2017724,2019135,228,2018431,16,0,1065101558,1194083328,2,4,10,10,264632,18081,30943,13638,3498,24900
B4D12_GRAIN,top,13621,1,2017952,2019314,229,2018431,16,0,1065101558,1194083328,2,1,0,0,42866,18380,1286,1769,0,0
B4D12_GRAIN,top,13621,2,2018182,2019492,230,2018431,16,0,1065101558,1194083328,2,1,0,0,6096,2101,1172,202,0,0
B4D12_GRAIN,miss,186,0,1158023,1159383,215,1158655,16,0,1065101558,1194083328,2,4,10,10,248136,24621,29571,5520,1447,24797
B4D12_GRAIN,miss,186,1,1158234,1159551,211,1158655,16,0,1065101558,1194083328,2,1,0,0,26557,2965,1258,1768,0,0
B4D12_GRAIN,miss,707,0,1191404,1192734,240,1192063,16,0,1065101558,1194083328,2,4,10,10,249614,24920,30547,7055,325,24512
B4D12_GRAIN,miss,707,1,1191404,1192893,240,1192063,16,0,1065101558,1194083328,2,1,0,0,30282,3379,1294,5391,0,0
B4D12_GRAIN,miss,876,0,1202164,1203535,200,1202815,16,0,1065101558,1194083328,2,4,10,10,225872,25026,28191,5484,313,24854
B4D12_GRAIN,miss,876,1,1202363,1203695,199,1202815,16,0,1065101558,1194083328,2,1,0,0,27240,3408,1496,1754,0,0
B4D12_GRAIN,miss,1289,0,1228605,1229961,231,1228927,16,0,1065101558,1194083328,2,4,10,10,243838,25640,34106,5484,331,24933
B4D12_GRAIN,miss,1289,1,1228826,1230148,221,1228927,16,0,1065101558,1194083328,2,1,0,0,28619,4094,2134,1763,0,0
B4D12_GRAIN,miss,3479,0,1368705,1370120,181,1368703,16,0,1065101558,1194083328,2,4,10,10,261462,24408,33709,10033,1438,24685
B4D12_GRAIN,miss,3479,1,1368705,1370264,181,1368703,16,0,1065101558,1194083328,2,1,0,0,27507,2348,2669,1769,0,0
B4D12_GRAIN,miss,3479,2,1368705,1370407,181,1368703,16,0,1065101558,1194083328,2,1,0,0,7443,2026,2598,200,0,0
B4D12_GRAIN,miss,6605,0,1568623,1569943,416,1568767,16,0,1065101558,1194083328,2,4,10,10,277020,23915,34675,12427,309,27470
B4D12_GRAIN,miss,6605,1,1569036,1570271,413,1569151,16,0,1065101558,1194083328,2,4,10,10,27917,2467,2004,87,281,15925
B4D12_GRAIN,miss,6605,2,1569036,1570599,413,1569151,16,0,1065101558,1194083328,2,1,0,0,26353,2280,1990,1778,0,0
B4D12_GRAIN,miss,6955,0,1591120,1592455,358,1591423,16,0,1065101558,1194083328,2,4,10,10,270754,24417,37282,13566,3020,30360
B4D12_GRAIN,miss,6955,1,1591479,1592734,359,1591423,16,0,1065101558,1194083328,2,1,0,0,28835,2835,1975,1767,0,0
B4D12_GRAIN,miss,6955,2,1591479,1593014,359,1591423,16,0,1065101558,1194083328,2,1,0,0,7140,2466,1877,208,0,0
B4D12_GRAIN,miss,7903,0,1651964,1653251,548,1652095,16,0,1065101558,1194083328,2,4,10,10,170374,10031,15727,1664,316,27450
B4D12_GRAIN,miss,7903,1,1651964,1653335,548,1652095,16,0,1065101558,1194083328,2,1,0,0,22109,4100,2346,1766,0,0
B4D12_GRAIN,miss,7903,2,1651964,1653419,548,1652095,16,0,1065101558,1194083328,2,1,0,0,12790,3828,2204,206,0,0
B4D12_GRAIN,miss,8011,0,1658684,1660095,183,1659391,16,0,1065101558,1194083328,2,4,10,10,227094,17815,30713,7072,314,24688
B4D12_GRAIN,miss,8011,1,1658869,1660240,185,1659391,16,0,1065101558,1194083328,2,1,0,0,33876,12083,1361,1769,0,0
B4D12_GRAIN,miss,8011,2,1659054,1660386,185,1659391,16,0,1065101558,1194083328,2,1,0,0,8066,3744,1251,194,0,0
B4D12_GRAIN,miss,8300,0,1677164,1678575,238,1677823,16,0,1065101558,1194083328,2,4,10,10,229840,16904,32223,4363,315,27550
B4D12_GRAIN,miss,8300,1,1677399,1678764,236,1677823,16,0,1065101558,1194083328,2,1,0,0,36270,11567,1279,1767,0,0
B4D12_GRAIN,miss,8300,2,1677636,1678952,237,1677823,16,0,1065101558,1194083328,2,1,0,0,7214,3170,1176,200,0,0
B4D12_GRAIN,miss,8994,0,1721722,1723100,158,1721599,16,0,1065101558,1194083328,2,4,10,10,225100,25692,32393,7063,1436,27684
B4D12_GRAIN,miss,8994,1,1721880,1723225,158,1721983,16,0,1065101558,1194083328,2,4,10,10,27102,4165,2258,83,276,16016
B4D12_GRAIN,miss,8994,2,1721880,1723351,158,1721983,16,0,1065101558,1194083328,2,1,0,0,27934,3976,2302,1764,0,0
B4D12_GRAIN,miss,9702,0,1766924,1768335,183,1767679,16,0,1065101558,1194083328,2,4,10,10,243958,15780,27908,8181,1453,27535
B4D12_GRAIN,miss,9702,1,1767107,1768467,177,1767679,16,0,1065101558,1194083328,2,1,0,0,34978,10458,1305,1756,0,0
B4D12_GRAIN,miss,9702,2,1767107,1768598,177,1767679,16,0,1065101558,1194083328,2,1,0,0,9143,2135,1203,206,0,0
B4D12_GRAIN,miss,9936,0,1781790,1783201,278,1781887,16,0,1065101558,1194083328,2,4,10,10,192374,25635,19153,9745,321,27093
B4D12_GRAIN,miss,9936,1,1782120,1783426,330,1782271,16,0,1065101558,1194083328,2,4,10,10,29378,4017,2305,83,276,15969
B4D12_GRAIN,miss,9936,2,1782120,1783652,330,1782271,16,0,1065101558,1194083328,2,1,0,0,28746,3947,2307,1785,0,0
B4D12_GRAIN,miss,9980,0,1784732,1786055,261,1784575,16,0,1065101558,1194083328,2,4,10,10,213526,22890,27139,7063,309,24498
B4D12_GRAIN,miss,9980,1,1784732,1786255,261,1784575,16,0,1065101558,1194083328,2,1,0,0,28409,4099,2993,221,0,0
B4D12_GRAIN,miss,9980,2,1784965,1786455,233,1784959,16,0,1065101558,1194083328,2,4,10,10,26198,3686,2198,83,276,16131
B4D12_GRAIN,miss,10520,0,1819244,1820655,202,1819903,16,0,1065101558,1194083328,2,4,10,10,247734,19411,33220,8204,313,24926
B4D12_GRAIN,miss,10520,1,1819435,1820815,201,1819903,16,0,1065101558,1194083328,2,1,0,0,38706,11417,1300,1780,0,0
B4D12_GRAIN,miss,10520,2,1819646,1820976,211,1819903,16,0,1065101558,1194083328,2,1,0,0,7728,3291,1208,204,0,0
B4D12_GRAIN,miss,10806,0,1837673,1839044,184,1838335,16,0,1065101558,1194083328,2,4,10,10,240408,22862,31960,8184,316,24966
B4D12_GRAIN,miss,10806,1,1837851,1839193,178,1838335,16,0,1065101558,1194083328,2,1,0,0,30378,3828,1507,1754,0,0
B4D12_GRAIN,miss,10806,2,1837851,1839342,178,1838335,16,0,1065101558,1194083328,2,1,0,0,7692,3568,1348,202,0,0
B4D12_GRAIN,miss,11327,0,1871092,1872441,263,1871359,16,0,1065101558,1194083328,2,4,10,10,242422,22326,31263,8199,330,24642
B4D12_GRAIN,miss,11327,1,1871092,1872654,263,1871359,16,0,1065101558,1194083328,2,1,0,0,30283,3332,1991,1786,0,0
B4D12_GRAIN,miss,11747,0,1897724,1899170,585,1897855,16,0,1065101558,1194083328,2,4,10,10,251290,24448,35722,7081,327,24798
B4D12_GRAIN,miss,11747,1,1897934,1899336,210,1897855,16,0,1065101558,1194083328,2,1,0,0,29108,3027,2675,1779,0,0
B4D12_GRAIN,miss,11747,2,1898143,1899501,209,1898239,16,0,1065101558,1194083328,2,4,10,10,27552,2580,1932,89,281,15993
B4D12_GRAIN,miss,12450,0,1942815,1944301,196,1943167,16,0,1065101558,1194083328,2,4,10,10,274938,27465,32891,9718,1439,32344
B4D12_GRAIN,miss,12450,1,1942996,1944444,181,1943167,16,0,1065101558,1194083328,2,1,0,0,24432,3059,1965,1767,0,0
B4D12_GRAIN,miss,13621,0,2017724,2019135,228,2018431,16,0,1065101558,1194083328,2,4,10,10,264632,18081,30943,13638,3498,24900
B4D12_GRAIN,miss,13621,1,2017952,2019314,229,2018431,16,0,1065101558,1194083328,2,1,0,0,42866,18380,1286,1769,0,0
B4D12_GRAIN,miss,13621,2,2018182,2019492,230,2018431,16,0,1065101558,1194083328,2,1,0,0,6096,2101,1172,202,0,0
B4D12_GRAIN_CLASS class=1 ordinal=0 count=1192 add_mean_cycles=72415.5 add_p50_bound=70656 add_p95_bound=106496 add_p99_bound=124928 add_max_cycles=168330 select_mean_cycles=6339.3 near_mean_cycles=6827.2 lookup_mean_cycles=1014.7 poly_mean_cycles=486.0 gain_mean_cycles=25165.5
B4D12_GRAIN_CACHE class=1 ordinal=0 no_lpc=0 local=0 shared=0 neutral=0 miss=1192 empty=0 timestamp=1192 order=0 coefficients=1192 lambda=0 gamma=0 rate=0 strategy=0
B4D12_GRAIN_CACHE class=1 ordinal=1 no_lpc=0 local=0 shared=0 neutral=0 miss=0 empty=0 timestamp=0 order=0 coefficients=0 lambda=0 gamma=0 rate=0 strategy=0
B4D12_GRAIN_CACHE class=1 ordinal=2 no_lpc=0 local=0 shared=0 neutral=0 miss=0 empty=0 timestamp=0 order=0 coefficients=0 lambda=0 gamma=0 rate=0 strategy=0
B4D12_GRAIN_CACHE class=1 ordinal=3 no_lpc=0 local=0 shared=0 neutral=0 miss=0 empty=0 timestamp=0 order=0 coefficients=0 lambda=0 gamma=0 rate=0 strategy=0
B4D12_GRAIN_CLASS class=2 ordinal=0 count=6 add_mean_cycles=247470.0 add_p50_bound=244736 add_p95_bound=275456 add_p99_bound=275456 add_max_cycles=274938 select_mean_cycles=24999.7 near_mean_cycles=31094.8 lookup_mean_cycles=6910.0 poly_mean_cycles=697.5 gain_mean_cycles=26013.7
B4D12_GRAIN_CACHE class=2 ordinal=0 no_lpc=0 local=0 shared=0 neutral=0 miss=6 empty=0 timestamp=6 order=0 coefficients=6 lambda=0 gamma=0 rate=0 strategy=0
B4D12_GRAIN_CLASS class=2 ordinal=1 count=6 add_mean_cycles=27902.2 add_p50_bound=27648 add_p95_bound=30720 add_p99_bound=30720 add_max_cycles=30283 select_mean_cycles=3372.8 near_mean_cycles=1689.7 lookup_mean_cycles=2371.5 poly_mean_cycles=0.0 gain_mean_cycles=0.0
B4D12_GRAIN_CACHE class=2 ordinal=1 no_lpc=0 local=6 shared=0 neutral=0 miss=0 empty=0 timestamp=0 order=0 coefficients=0 lambda=0 gamma=0 rate=0 strategy=0
B4D12_GRAIN_CACHE class=2 ordinal=2 no_lpc=0 local=0 shared=0 neutral=0 miss=0 empty=0 timestamp=0 order=0 coefficients=0 lambda=0 gamma=0 rate=0 strategy=0
B4D12_GRAIN_CACHE class=2 ordinal=3 no_lpc=0 local=0 shared=0 neutral=0 miss=0 empty=0 timestamp=0 order=0 coefficients=0 lambda=0 gamma=0 rate=0 strategy=0
B4D12_GRAIN_CLASS class=3 ordinal=0 count=14 add_mean_cycles=236826.1 add_p50_bound=240640 add_p95_bound=277504 add_p99_bound=277504 add_max_cycles=277020 select_mean_cycles=20877.8 near_mean_cycles=30197.6 lookup_mean_cycles=8448.9 poly_mean_cycles=977.5 gain_mean_cycles=26328.8
B4D12_GRAIN_CACHE class=3 ordinal=0 no_lpc=0 local=0 shared=0 neutral=0 miss=14 empty=0 timestamp=14 order=0 coefficients=14 lambda=0 gamma=0 rate=0 strategy=0
B4D12_GRAIN_CLASS class=3 ordinal=1 count=14 add_mean_cycles=31245.6 add_p50_bound=29696 add_p95_bound=43008 add_p99_bound=43008 add_max_cycles=42866 select_mean_cycles=6770.8 near_mean_cycles=1947.4 lookup_mean_cycles=1296.4 poly_mean_cycles=59.5 gain_mean_cycles=3422.1
B4D12_GRAIN_CACHE class=3 ordinal=1 no_lpc=0 local=11 shared=0 neutral=0 miss=3 empty=0 timestamp=3 order=0 coefficients=3 lambda=0 gamma=0 rate=0 strategy=0
B4D12_GRAIN_CLASS class=3 ordinal=2 count=14 add_mean_cycles=15006.8 add_p50_bound=8192 add_p95_bound=29696 add_p99_bound=29696 add_max_cycles=28746 select_mean_cycles=3057.0 near_mean_cycles=1769.0 lookup_mean_cycles=522.9 poly_mean_cycles=39.8 gain_mean_cycles=2294.6
B4D12_GRAIN_CACHE class=3 ordinal=2 no_lpc=0 local=12 shared=0 neutral=0 miss=2 empty=0 timestamp=2 order=0 coefficients=2 lambda=0 gamma=0 rate=0 strategy=0
B4D12_GRAIN_CACHE class=3 ordinal=3 no_lpc=0 local=0 shared=0 neutral=0 miss=0 empty=0 timestamp=0 order=0 coefficients=0 lambda=0 gamma=0 rate=0 strategy=0
B4D12_CASE name=mat_b_delay_sync category=matrix seconds=20 voices=1 comp=1 delay=1 reverb=1 interval=4.0 control=none kind=19 f0=220.0 vocal=1 wall_s=20.101106 blocks=13852
B4D12_PHYSICAL name=mat_b_delay_sync rx_blocks=13853 tx_blocks=13854 dsp_blocks=13854 rx_frames=886592 tx_frames=886656 effective_fs=44106.628 err_pct=0.0150
B4D12_TRANSPORT name=mat_b_delay_sync rx_overruns=0 tx_underruns=0 dma_errors=0 actual_rx_dma_errors=0 actual_tx_dma_errors=0 read_failures=0 write_failures=0 rx_dropped_frames=0 tx_dropped_frames=0 rx_seq_gaps=0 tx_seq_gaps=0 nan_inf=0 rx_diag_ovf=2002 tx_diag_ovf=2001
B4D12_DSP name=mat_b_delay_sync blocks=13852 avg_us=629.079 p50=662 p90=945 p95=1017 p99=1135 p999=2250 p9999=2466 max=2631 misses=21 miss_per_block=0.00151603 miss_per_s=1.0447 miss_per_min=62.683 miss_per_hour=3760.99
B4D12_LATE name=mat_b_delay_sync threshold_1200_blocks=55 max_consecutive_late=1 max_lateness_us=1180 cumulative_lateness_us=16943 late_events=21 late_events_dropped=0 recovery_pending=0
B4D12_LATENESS_HIST name=mat_b_delay_sync le100=1 b100_250=1 b250_500=1 b500_1000=13 b1000_1500=5 gt1500=0
B4D12_CLASS name=mat_b_delay_sync miss_nmc=0 miss_mc0=0 miss_mc1=1 miss_mc2=6 miss_mc3=14 blocks_nmc=12640 blocks_mc0=0 blocks_mc1=1192 blocks_mc2=6 blocks_mc3=14
B4D12_CLASS_DIST name=mat_b_delay_sync class=nmc blocks=12640 mean_us=591.90 p50=575 p95=930 p99=1046 p999=1177 max=1319
B4D12_CLASS_DIST name=mat_b_delay_sync class=mc1 blocks=1192 mean_us=995.41 p50=992 p95=1160 p99=1250 p999=1368 max=1499
B4D12_CLASS_DIST name=mat_b_delay_sync class=mc2 blocks=6 mean_us=2293.50 p50=2237 p95=2464 p99=2464 p999=2464 max=2464
B4D12_CLASS_DIST name=mat_b_delay_sync class=mc3 blocks=14 mean_us=2296.71 p50=2373 p95=2631 p99=2631 p999=2631 max=2631
B4D12_CLASS_DIST name=mat_b_delay_sync class=mc0 blocks=0 mean_us=0.00 p50=0 p95=0 p99=0 p999=0 max=0
B4D12_RECOVERY name=mat_b_delay_sync pending=0 r0=0 r1=21 r2=0 r3=0 r4=0 r5=0 r6=0 r7=0
B4D12_BACKLOG name=mat_b_delay_sync current_ms=1.474 avg_ms=1.945 p95_ms=5.442 p99_ms=5.442 max_ms=5.828
B4D12_FIFO name=mat_b_delay_sync pushes=508544 pops=508528 drops=0 overflow_attempts=0 max_occ=93 avg_occ=8.680 current_occ=16
B4D12_LATE_EVENT name=mat_b_delay_sync blk=186 dsp_us=2250 lateness_us=799 klass=2 mc=1 ng=2 ad=2 sl=2 prev_miss=0 next1=842 next2=772 next3=791 recov=1 bl_before_ds=0 bl_after_ds=0
B4D12_LATE_EVENT name=mat_b_delay_sync blk=707 dsp_us=2459 lateness_us=1008 klass=2 mc=1 ng=2 ad=2 sl=2 prev_miss=0 next1=876 next2=776 next3=880 recov=1 bl_before_ds=0 bl_after_ds=0
B4D12_LATE_EVENT name=mat_b_delay_sync blk=876 dsp_us=2167 lateness_us=716 klass=2 mc=1 ng=2 ad=2 sl=2 prev_miss=0 next1=847 next2=699 next3=821 recov=1 bl_before_ds=0 bl_after_ds=0
B4D12_LATE_EVENT name=mat_b_delay_sync blk=1289 dsp_us=2237 lateness_us=786 klass=2 mc=1 ng=2 ad=2 sl=2 prev_miss=0 next1=948 next2=908 next3=771 recov=1 bl_before_ds=0 bl_after_ds=4
B4D12_LATE_EVENT name=mat_b_delay_sync blk=3479 dsp_us=2466 lateness_us=1015 klass=3 mc=1 ng=3 ad=3 sl=3 prev_miss=0 next1=836 next2=853 next3=1034 recov=1 bl_before_ds=0 bl_after_ds=4
B4D12_LATE_EVENT name=mat_b_delay_sync blk=6605 dsp_us=2449 lateness_us=998 klass=3 mc=1 ng=3 ad=3 sl=3 prev_miss=0 next1=728 next2=656 next3=670 recov=1 bl_before_ds=0 bl_after_ds=0
B4D12_LATE_EVENT name=mat_b_delay_sync blk=6955 dsp_us=2451 lateness_us=1000 klass=3 mc=1 ng=3 ad=3 sl=3 prev_miss=0 next1=971 next2=929 next3=764 recov=1 bl_before_ds=0 bl_after_ds=14
B4D12_LATE_EVENT name=mat_b_delay_sync blk=6965 dsp_us=1499 lateness_us=48 klass=1 mc=1 ng=1 ad=3 sl=3 prev_miss=0 next1=813 next2=749 next3=938 recov=1 bl_before_ds=0 bl_after_ds=0
B4D12_LATE_EVENT name=mat_b_delay_sync blk=7903 dsp_us=1552 lateness_us=101 klass=3 mc=1 ng=3 ad=3 sl=3 prev_miss=0 next1=739 next2=731 next3=781 recov=1 bl_before_ds=0 bl_after_ds=14
B4D12_LATE_EVENT name=mat_b_delay_sync blk=8011 dsp_us=2301 lateness_us=850 klass=3 mc=1 ng=3 ad=3 sl=3 prev_miss=0 next1=1083 next2=815 next3=810 recov=1 bl_before_ds=0 bl_after_ds=14
B4D12_LATE_EVENT name=mat_b_delay_sync blk=8300 dsp_us=2373 lateness_us=922 klass=3 mc=1 ng=3 ad=3 sl=3 prev_miss=0 next1=903 next2=866 next3=844 recov=1 bl_before_ds=14 bl_after_ds=29
B4D12_LATE_EVENT name=mat_b_delay_sync blk=8994 dsp_us=2277 lateness_us=826 klass=3 mc=1 ng=3 ad=3 sl=3 prev_miss=0 next1=903 next2=921 next3=770 recov=1 bl_before_ds=0 bl_after_ds=0
B4D12_LATE_EVENT name=mat_b_delay_sync blk=9702 dsp_us=2441 lateness_us=990 klass=3 mc=1 ng=3 ad=3 sl=3 prev_miss=0 next1=1022 next2=825 next3=1061 recov=1 bl_before_ds=0 bl_after_ds=0
B4D12_LATE_EVENT name=mat_b_delay_sync blk=9936 dsp_us=1941 lateness_us=490 klass=3 mc=1 ng=3 ad=3 sl=3 prev_miss=0 next1=658 next2=771 next3=822 recov=1 bl_before_ds=0 bl_after_ds=14
B4D12_LATE_EVENT name=mat_b_delay_sync blk=9980 dsp_us=2179 lateness_us=728 klass=3 mc=1 ng=3 ad=3 sl=3 prev_miss=0 next1=932 next2=907 next3=772 recov=1 bl_before_ds=14 bl_after_ds=7
B4D12_LATE_EVENT name=mat_b_delay_sync blk=10520 dsp_us=2385 lateness_us=934 klass=3 mc=1 ng=3 ad=3 sl=3 prev_miss=0 next1=886 next2=825 next3=760 recov=1 bl_before_ds=14 bl_after_ds=0
B4D12_LATE_EVENT name=mat_b_delay_sync blk=10806 dsp_us=2252 lateness_us=801 klass=3 mc=1 ng=3 ad=3 sl=3 prev_miss=0 next1=875 next2=743 next3=960 recov=1 bl_before_ds=0 bl_after_ds=0
B4D12_LATE_EVENT name=mat_b_delay_sync blk=11327 dsp_us=2184 lateness_us=733 klass=2 mc=1 ng=2 ad=2 sl=2 prev_miss=0 next1=696 next2=708 next3=712 recov=1 bl_before_ds=0 bl_after_ds=0
B4D12_LATE_EVENT name=mat_b_delay_sync blk=11747 dsp_us=2456 lateness_us=1005 klass=3 mc=1 ng=3 ad=3 sl=3 prev_miss=0 next1=836 next2=874 next3=1101 recov=1 bl_before_ds=0 bl_after_ds=0
B4D12_LATE_EVENT name=mat_b_delay_sync blk=12450 dsp_us=2464 lateness_us=1013 klass=2 mc=1 ng=2 ad=2 sl=2 prev_miss=0 next1=1076 next2=802 next3=920 recov=1 bl_before_ds=0 bl_after_ds=0
B4D12_LATE_EVENT name=mat_b_delay_sync blk=13621 dsp_us=2631 lateness_us=1180 klass=3 mc=1 ng=3 ad=3 sl=3 prev_miss=0 next1=822 next2=957 next3=792 recov=1 bl_before_ds=0 bl_after_ds=14
B4D12_WINDOW name=mat_b_delay_sync idx=0 partial=1 blocks=13852 avg_us=629.079 p99_us=1200 p999_us=2300 max_us=2631 misses=21 mc2=6 mc3=14 max_consecutive_late=1 backlog_max_ms=4.4 transport_errors=0 cumulative_lateness_us=16943
B4D12_QUALIFY name=mat_b_delay_sync gate_a_transport=PASS gate_b_physical=PASS fs_ok=1 max_consecutive_late=1 backlog_max_ms=5.828 dsp_miss_independent=1 result=PASS
B4D1_MEMORY tag=b4d12_mat_b_delay_sync internal_free=93243 internal_largest=31744 spiram_free=17612652 spiram_largest=17301504
B4D1_PRESTAGE name=b4d12_mat_c_chorus kind=19 f0=220.0 frames=2866500 fnv=7485cb01 rms=0.068750
[0;31mE (108641) esp_clk_tree: esp_clk_tree_src_get_freq_hz(82): freq shouldn't be 0, calibration failed[0m
[0;31mE (108642) i2s_std: i2s_std_calculate_clock(57): sample rate is too large for the current clock source[0m
[0;31mE (108650) i2s_std: i2s_std_set_clock(74): clock calculate failed[0m
[0;31mE (108657) i2s_std: i2s_channel_init_std_mode(225): initialize channel failed while setting clock[0m
[0;33mW (108666) audio_i2s: AUDIO CLOCK WARNING: APLL unavailable, using XTAL fractional clock[0m
AUDIO CLOCK: EXPECTED_FALLBACK (APLL unavailable, using XTAL fractional clock)

=======================================================
            AUDIO HARDWARE CONFIGURATION               
=======================================================
Target Board:                   Wireless-Tag WT9932P4-TINY (ESP32-P4)
requested Fs:                   44100 Hz
actual/configured clock source: SOC_MOD_CLK_XTAL (XTAL fractional clock)
source clock Hz:                40000000 Hz
MCLK Hz:                        11289600 Hz
BCLK Hz:                        2822400 Hz
LRCK/Fs:                        44100 Hz
MCLK/Fs ratio:                  256
BCLK/Fs ratio:                  64
I2S Controller:                 I2S_NUM_0 (Full-Duplex Standard Philips)
MCLK GPIO:                      GPIO_19 (Header Pin 4 -> PCM1808 SCKI)
BCLK GPIO:                      GPIO_20 (Header Pin 5 -> PCM1808/PCM5102 BCK)
WS GPIO:                        GPIO_21 (Header Pin 6 -> PCM1808/PCM5102 LRCK)
DOUT GPIO:                      GPIO_22 (Header Pin 7 -> PCM5102 DIN)
DIN GPIO:                       GPIO_23 (Header Pin 8 <- PCM1808 DOUT)
Data Width:                     32-bit slot, 24-bit audio MSB-aligned in bits [31:8]
Slot Width:                     32 bits per slot (2 slots/frame = 64 BCLK/frame)
Channels:                       Stereo (L/R interleaved)
DMA Descriptors:                6 descriptors
DMA Frame Count:                64 frames/desc (512 bytes/desc)
DMA buffering capacity:         8.00 ms (384 frames total)
physical/effective latency:     PENDING_HARDWARE_MEASUREMENT
=======================================================

B4D1_STACK audio_hwm_bytes=17472 pitch_hwm_bytes=8700
B4D12_FORENSIC_HEADER set,block,dsp_us,cycle_us,input_cycles,comp_cycles,harmony_cycles,drive_cycles,chorus_cycles,delay_cycles,reverb_cycles,master_cycles,new_grains,active_grains,source_grains,grain_samples,model_lookups,model_expensive,model_warp_us,formant_changed,pitch_changed,track_state,fallback,recovery,fir_computed,fir_reused,deferred_slices,psola_sched_cycles,psola_addgrain_cycles,psola_deferred_cycles,psola_mark_cycles,psola_desc_cycles,psola_near_cycles,psola_poly_cycles,psola_gn_cycles
B4D12_FORENSIC_COUNT top=100 misses=21 miss_dropped=0
B4D12_FORENSIC,top,8738,1237,1428,0,0,0,0,0,0,0,0,1,1,0,423,1,1,244.82,1,0,2,0,0,0,0,3,128317,115446,27195,11877,2962,11184,6809,26370
B4D12_FORENSIC,top,187,2367,2476,0,0,0,0,0,0,0,0,2,2,0,846,2,1,484.27,1,0,2,1,0,0,0,2,338751,287911,109492,27631,11229,36111,1409,24670
B4D12_FORENSIC,top,7307,1256,1412,0,0,0,0,0,0,0,0,1,1,0,321,1,1,232.52,1,0,2,0,0,0,0,2,118840,98056,19479,4151,2986,2605,313,27810
B4D12_FORENSIC,top,1867,1230,1395,0,0,0,0,0,0,0,0,1,1,0,429,1,1,238.51,1,0,2,0,0,0,0,3,115656,108078,24578,4180,8182,15995,1455,32671
B4D12_FORENSIC,top,6670,1334,1449,0,0,0,0,0,0,0,0,1,1,0,825,1,1,310.02,1,0,2,0,0,0,0,3,174687,151092,30380,10776,5582,24682,1431,47140
B4D12_FORENSIC,top,7240,1239,1412,0,0,0,0,0,0,0,0,1,1,0,319,1,0,133.58,0,0,2,0,0,0,0,3,80832,70432,30035,6818,5687,15142,0,0
B4D12_FORENSIC,top,9986,1327,1433,0,0,0,0,0,0,0,0,1,1,0,465,1,1,201.61,1,0,2,1,0,0,0,3,140323,124676,28031,6864,6070,13253,326,24754
B4D12_FORENSIC,top,8315,1248,1427,0,0,0,0,0,0,0,0,1,1,0,483,1,1,223.38,1,0,2,1,0,0,0,3,131116,120967,27319,6258,5664,2208,1448,24934
B4D12_FORENSIC,top,1536,1336,1433,0,0,0,0,0,0,0,0,1,1,0,423,1,1,178.99,1,0,2,0,0,0,0,3,107388,89548,28888,6934,8228,5055,1449,30209
B4D12_FORENSIC,top,11956,1341,1453,0,0,0,0,0,0,0,0,1,1,0,425,1,0,116.78,0,0,2,0,0,0,0,3,93572,88670,28545,7038,11441,3616,0,0
B4D12_FORENSIC,top,1338,1270,1426,0,0,0,0,0,0,0,0,1,1,0,473,1,1,178.98,1,0,2,0,0,0,0,3,115752,94882,36770,9522,2995,7699,331,22152
B4D12_FORENSIC,top,1344,1314,1403,0,0,0,0,0,0,0,0,1,1,0,471,1,1,163.81,1,0,2,0,0,0,0,3,91346,78492,23431,4136,5518,2315,322,24781
B4D12_FORENSIC,top,12544,1322,1446,0,0,0,0,0,0,0,0,1,1,0,321,1,1,156.29,1,1,2,1,0,0,0,3,80137,75353,24810,8875,286,7948,324,24578
B4D12_FORENSIC,top,8780,1253,1387,0,0,0,0,0,0,0,0,1,1,0,429,1,1,225.92,1,0,2,0,0,0,0,2,132496,111572,18271,9492,8192,3306,328,30022
B4D12_FORENSIC,top,6681,1271,1419,0,0,0,0,0,0,0,0,1,1,0,813,1,1,235.66,1,0,2,0,0,0,0,3,146190,127990,37796,5440,3008,9230,324,27522
B4D12_FORENSIC,top,7600,1237,1375,0,0,0,0,0,0,0,0,1,1,0,407,1,1,141.39,1,0,2,1,0,0,0,3,80886,67942,33125,4172,5662,5298,328,27255
B4D12_FORENSIC,top,8397,1344,1440,0,0,0,0,0,0,0,0,1,1,0,429,1,1,263.07,1,0,2,1,0,0,0,3,131872,121669,24310,8670,2980,3298,328,56890
B4D12_FORENSIC,top,256,1278,1360,0,0,0,0,0,0,0,0,1,1,0,431,1,0,71.88,0,0,2,0,0,0,0,3,46515,41810,30875,5766,5676,16761,0,0
B4D12_FORENSIC,top,11327,2368,2485,0,0,0,0,0,0,0,0,3,3,0,1589,3,1,488.14,1,0,2,1,0,0,0,3,362475,306912,113159,44568,11489,36799,315,24887
B4D12_FORENSIC,top,12197,1231,1403,0,0,0,0,0,0,0,0,1,1,0,425,1,1,139.94,1,0,2,0,0,0,0,3,80164,67350,26735,6816,2978,2588,323,24024
B4D12_FORENSIC,top,1008,1262,1410,0,0,0,0,0,0,0,0,1,1,0,401,1,1,177.67,1,0,2,0,0,0,0,3,104544,91702,21932,6830,5662,13089,342,24782
B4D12_FORENSIC,top,9706,2531,2654,0,0,0,0,0,0,0,0,2,2,0,738,2,1,502.68,1,0,2,1,0,0,0,2,346175,293131,115653,26358,11235,38455,1821,25015
B4D12_FORENSIC,top,9145,1302,1398,0,0,0,0,0,0,0,0,1,1,0,361,1,1,162.47,1,0,2,0,0,0,0,3,107380,94338,36050,9552,5672,19393,315,19121
B4D12_FORENSIC,top,1290,2402,2511,0,0,0,0,0,0,0,0,2,2,0,904,2,1,437.79,1,0,2,1,0,0,0,2,317777,267354,108333,29840,11255,32675,1422,27709
B4D12_FORENSIC,top,13068,1241,1398,0,0,0,0,0,0,0,0,1,1,0,363,1,1,201.19,1,0,2,0,0,0,0,2,110302,102820,18774,6824,10807,6878,328,24509
B4D12_FORENSIC,top,7218,1245,1395,0,0,0,0,0,0,0,0,1,1,0,323,1,1,274.72,1,0,2,0,0,0,0,2,143663,130462,27694,8377,8282,31757,1456,29938
B4D12_FORENSIC,top,12826,1235,1403,0,0,0,0,0,0,0,0,1,1,0,317,1,1,156.03,1,0,2,0,0,0,0,3,91439,83929,27809,6808,5672,10581,331,24524
B4D12_FORENSIC,top,13114,1239,1391,0,0,0,0,0,0,0,0,1,1,0,421,1,1,216.54,1,0,2,1,0,0,0,3,113420,100499,36602,6813,3010,18651,330,22039
B4D12_FORENSIC,top,12202,1256,1419,0,0,0,0,0,0,0,0,1,1,0,425,1,0,76.29,0,0,2,0,0,0,0,3,54580,49758,25105,6771,2988,18473,0,0
B4D12_FORENSIC,top,3480,2461,2568,0,0,0,0,0,0,0,0,2,2,0,724,2,2,540.38,1,0,2,1,0,0,0,2,355676,305018,109948,26427,11497,36885,1712,48173
B4D12_FORENSIC,top,10010,1364,1467,0,0,0,0,0,0,0,0,1,1,0,477,1,1,255.02,1,0,2,1,0,0,0,2,148366,127524,26103,9502,8292,24676,328,32575
B4D12_FORENSIC,top,1480,1231,1404,0,0,0,0,0,0,0,0,1,1,0,427,1,0,124.11,0,0,2,0,0,0,0,3,73287,65814,72284,5643,2971,27721,0,0
B4D12_FORENSIC,top,3648,1298,1406,0,0,0,0,0,0,0,0,1,1,0,321,1,1,172.47,1,0,2,0,0,0,0,3,89258,79184,28453,6841,2988,2433,318,27751
B4D12_FORENSIC,top,876,2289,2387,0,0,0,0,0,0,0,0,3,3,0,1205,3,1,419.88,1,0,2,1,0,0,0,3,325810,272715,119193,35902,11492,35362,1433,24853
B4D12_FORENSIC,top,1668,1292,1417,0,0,0,0,0,0,0,0,1,1,0,417,1,1,171.36,1,0,2,0,0,0,0,3,123542,100176,36098,9552,5682,5294,1452,24619
B4D12_FORENSIC,top,1478,1348,1466,0,0,0,0,0,0,0,0,1,1,0,427,1,1,215.44,1,0,2,0,0,0,0,3,128904,105200,57754,6718,5662,8026,331,43026
B4D12_FORENSIC,top,8730,1230,1409,0,0,0,0,0,0,0,0,1,1,0,423,1,1,178.31,1,0,2,0,0,0,0,3,112668,102572,29400,9499,10874,12757,1456,22066
B4D12_FORENSIC,top,9850,1311,1410,0,0,0,0,0,0,0,0,1,1,0,331,1,0,34.09,0,0,2,0,0,0,0,3,68420,58224,54240,6625,10881,5872,0,0
B4D12_FORENSIC,top,13019,1227,1402,0,0,0,0,0,0,0,0,1,1,0,355,1,1,200.18,1,0,2,0,0,0,0,3,107554,99986,29172,6827,5816,12896,330,24588
B4D12_FORENSIC,top,7409,1344,1473,0,0,0,0,0,0,0,0,1,1,0,365,1,1,193.91,1,0,2,1,0,0,0,3,113222,89670,33655,6791,284,15772,328,24947
B4D12_FORENSIC,top,6607,2499,2661,0,0,0,0,0,0,0,0,2,2,0,1654,2,1,525.89,1,0,2,1,0,0,0,2,356946,303755,115944,26490,11232,37581,1454,24870
B4D12_FORENSIC,top,7829,2100,2222,0,0,0,0,0,0,0,0,3,3,0,897,3,2,438.28,1,1,2,1,0,0,0,3,287380,253008,111792,36654,11503,37055,591,40345
B4D12_FORENSIC,top,1300,1265,1415,0,0,0,0,0,0,0,0,1,1,0,483,1,1,237.75,1,0,2,1,0,0,0,3,115608,99968,29298,4173,312,15606,1455,24686
B4D12_FORENSIC,top,12145,1226,1364,0,0,0,0,0,0,0,0,1,1,0,417,1,1,177.95,1,0,2,0,0,0,0,3,91108,83591,38235,4141,5514,7943,3005,32656
B4D12_FORENSIC,top,1678,1251,1428,0,0,0,0,0,0,0,0,1,1,0,417,1,1,203.63,1,0,2,0,0,0,0,3,124810,106548,24616,6842,3326,3306,330,24724
B4D12_FORENSIC,top,7897,1768,1884,0,0,0,0,0,0,0,0,3,3,0,2303,3,1,351.86,1,0,2,1,0,0,0,3,234544,213696,76678,22680,8867,34783,310,24556
B4D12_FORENSIC,top,1152,1248,1441,0,0,0,0,0,0,0,0,1,1,0,325,1,1,202.34,1,1,2,1,0,0,0,2,105384,92586,27775,4113,3036,10634,1459,30348
B4D12_FORENSIC,top,1088,1260,1453,0,0,0,0,0,0,0,0,1,1,0,395,1,1,121.02,1,0,2,0,0,0,0,3,76186,60684,25506,4205,2982,13880,321,21999
B4D12_FORENSIC,top,13678,1231,1426,0,0,0,0,0,0,0,0,1,1,0,435,1,1,217.89,1,0,2,0,0,0,0,3,114980,99378,31235,2845,295,13935,1458,27324
B4D12_FORENSIC,top,1130,1256,1434,0,0,0,0,0,0,0,0,1,1,0,371,1,1,195.82,1,1,2,1,0,0,0,3,126452,103544,29871,14820,2982,8625,328,35398
B4D12_FORENSIC,top,372,1230,1402,0,0,0,0,0,0,0,0,1,1,0,425,1,1,171.78,1,0,2,0,0,0,0,3,99576,94726,39536,6704,13640,7870,328,27576
B4D12_FORENSIC,top,380,1252,1421,0,0,0,0,0,0,0,0,1,1,0,425,1,1,209.52,1,0,2,0,0,0,0,3,118666,108338,33570,4001,10964,2610,5723,30208
B4D12_FORENSIC,top,1126,1234,1417,0,0,0,0,0,0,0,0,0,0,0,0,0,0,0.00,0,1,2,1,0,0,0,3,2196,0,70996,0,0,0,0,0
B4D12_FORENSIC,top,7242,1242,1418,0,0,0,0,0,0,0,0,1,1,0,319,1,1,190.93,1,0,2,0,0,0,0,3,114766,93808,35876,6842,5684,5212,325,39714
B4D12_FORENSIC,top,6966,1255,1424,0,0,0,0,0,0,0,0,1,1,0,361,1,1,267.85,1,0,2,0,0,0,0,3,130582,117754,37824,3053,2998,28654,327,24792
B4D12_FORENSIC,top,6655,1319,1428,0,0,0,0,0,0,0,0,1,1,0,773,1,0,114.38,0,0,2,0,0,0,0,1,93702,78124,70828,7998,5664,13464,0,0
B4D12_FORENSIC,top,9977,2457,2590,0,0,0,0,0,0,0,0,3,3,0,1581,3,2,471.25,1,0,2,1,0,0,0,3,334936,287457,122835,30866,11499,37680,617,40625
B4D12_FORENSIC,top,9216,1330,1443,0,0,0,0,0,0,0,0,1,1,0,383,1,1,142.25,1,0,2,0,0,0,0,3,81030,68238,27172,4183,5662,2516,308,22039
B4D12_FORENSIC,top,9775,1239,1426,0,0,0,0,0,0,0,0,1,1,0,341,1,0,109.92,0,0,2,0,0,0,0,3,110976,90122,41311,13917,10820,20042,0,0
B4D12_FORENSIC,top,8992,2294,2410,0,0,0,0,0,0,0,0,2,2,0,634,2,1,436.04,1,0,2,1,0,0,0,2,301789,259214,107488,29730,11219,35355,314,24556
B4D12_FORENSIC,top,10092,1254,1425,0,0,0,0,0,0,0,0,1,1,0,423,1,1,172.69,1,0,2,1,0,0,0,3,100062,84528,25658,4101,8368,5302,1453,35804
B4D12_FORENSIC,top,8540,1242,1426,0,0,0,0,0,0,0,0,1,1,0,429,1,1,184.48,1,0,2,0,0,0,0,3,104406,99584,39239,9517,2968,2760,326,39899
B4D12_FORENSIC,top,10523,2457,2555,0,0,0,0,0,0,0,0,3,3,0,1245,3,1,481.79,1,0,2,1,0,0,0,3,347751,297262,120022,34652,11482,35513,1433,27550
B4D12_FORENSIC,top,1390,1252,1419,0,0,0,0,0,0,0,0,1,1,0,427,1,0,114.58,0,0,2,1,0,0,0,3,93917,86270,34720,24276,5677,26744,0,0
B4D12_FORENSIC,top,10806,2378,2502,0,0,0,0,0,0,0,0,3,3,0,1129,3,1,456.49,1,0,2,1,0,0,0,3,338805,285751,113442,32918,11510,31022,6842,24724
B4D12_FORENSIC,top,1066,1281,1427,0,0,0,0,0,0,0,0,1,1,0,401,1,0,122.61,0,0,2,0,0,0,0,3,102906,79686,33551,6801,10954,27116,0,0
B4D12_FORENSIC,top,11776,1237,1385,0,0,0,0,0,0,0,0,1,1,0,423,1,1,126.45,1,0,2,0,0,0,0,3,84907,77540,27004,5705,2972,2433,321,22101
B4D12_FORENSIC,top,908,1331,1432,0,0,0,0,0,0,0,0,1,1,0,403,1,1,234.96,1,0,2,0,0,0,0,3,116774,106616,57609,3749,5502,2523,1450,42134
B4D12_FORENSIC,top,968,1274,1426,0,0,0,0,0,0,0,0,1,1,0,413,1,1,202.73,1,0,2,0,0,0,0,3,137295,89996,24244,4140,2992,5310,330,33069
B4D12_FORENSIC,top,895,1315,1421,0,0,0,0,0,0,0,0,1,1,0,405,1,0,125.10,0,0,2,1,0,0,0,3,79500,69356,60564,3611,10874,14606,0,0
B4D12_FORENSIC,top,960,1244,1409,0,0,0,0,0,0,0,0,1,1,0,413,1,1,128.45,1,0,2,0,0,0,0,3,83936,76594,23615,4142,8218,2429,324,30759
B4D12_FORENSIC,top,3652,1225,1425,0,0,0,0,0,0,0,0,1,1,0,321,1,0,81.87,0,0,2,0,0,0,0,3,56494,46402,77350,4134,2958,15424,0,0
B4D12_FORENSIC,top,707,2490,2614,0,0,0,0,0,0,0,0,3,3,0,1283,3,1,483.44,1,0,2,1,0,0,0,3,355258,291618,119910,31583,11493,36967,1450,24741
B4D12_FORENSIC,top,1398,1226,1427,0,0,0,0,0,0,0,0,1,1,0,419,1,1,176.88,1,0,2,1,0,0,0,3,117582,101994,35702,6760,5624,13133,1450,29502
B4D12_FORENSIC,top,888,1252,1425,0,0,0,0,0,0,0,0,1,1,0,407,1,1,237.81,1,0,2,1,0,0,0,3,112368,107506,33274,6311,2992,7778,333,32619
B4D12_FORENSIC,top,7402,1309,1442,0,0,0,0,0,0,0,0,1,1,0,355,1,0,34.26,0,1,2,1,0,0,0,3,75720,63262,34107,40715,3008,8268,0,0
B4D12_FORENSIC,top,11747,2513,2652,0,0,0,0,0,0,0,0,3,3,0,2011,3,2,561.43,1,0,2,1,0,0,0,3,374176,323625,113834,30248,11503,40443,2091,40792
B4D12_FORENSIC,top,11134,1392,1509,0,0,0,0,0,0,0,0,1,1,0,479,1,0,162.16,0,0,2,0,0,0,0,3,117338,107038,30055,25022,5667,35592,0,0
B4D12_FORENSIC,top,6651,1444,1547,0,0,0,0,0,0,0,0,1,1,0,773,1,1,270.38,1,0,2,0,0,0,0,2,168641,155826,21702,10641,5674,24320,716,24883
B4D12_FORENSIC,top,12450,2437,2547,0,0,0,0,0,0,0,0,3,3,0,1095,3,1,490.06,1,0,2,1,0,0,0,3,339940,292233,116397,28100,11581,38318,321,27440
B4D12_FORENSIC,top,10822,1293,1421,0,0,0,0,0,0,0,0,1,1,0,389,1,0,112.66,0,0,2,1,0,0,0,3,88970,81342,33246,6690,3011,15772,0,0
B4D12_FORENSIC,top,12454,1310,1392,0,0,0,0,0,0,0,0,1,1,0,363,1,0,23.78,0,0,2,1,0,0,0,3,74394,45636,31556,5835,16130,7432,0,0
B4D12_FORENSIC,top,11105,1260,1435,0,0,0,0,0,0,0,0,1,1,0,477,1,1,118.53,1,0,2,0,0,0,0,3,104578,83828,30808,9491,2972,2530,331,21738
B4D12_FORENSIC,top,1862,1245,1422,0,0,0,0,0,0,0,0,1,1,0,427,1,1,171.75,1,0,2,0,0,0,0,3,99722,89520,30003,4157,5518,2600,1447,24750
B4D12_FORENSIC,top,8302,2536,2669,0,0,0,0,0,0,0,0,2,2,0,946,2,1,483.45,1,0,2,1,0,0,0,2,330940,285615,115736,28342,11260,34498,1450,24782
B4D12_FORENSIC,top,8556,1336,1465,0,0,0,0,0,0,0,0,1,1,0,427,1,1,146.41,1,0,2,0,0,0,0,3,114200,101328,43884,16954,5654,2609,328,26462
B4D12_FORENSIC,top,11131,1243,1402,0,0,0,0,0,0,0,0,1,1,0,479,1,1,216.72,1,0,2,0,0,0,0,3,129309,116438,32105,4120,10964,10635,337,32859
B4D12_FORENSIC,top,964,1253,1424,0,0,0,0,0,0,0,0,0,0,0,0,0,0,0.00,0,0,2,0,0,0,0,3,2140,0,73855,0,0,0,0,0
B4D12_FORENSIC,top,13624,2403,2529,0,0,0,0,0,0,0,0,2,2,0,922,2,1,473.25,1,0,2,1,0,0,0,2,331423,283769,114710,26414,11398,33257,1405,27863
B4D12_FORENSIC,top,9142,1262,1405,0,0,0,0,0,0,0,0,1,1,0,355,1,0,120.06,0,0,2,0,0,0,0,3,111214,106392,33387,34426,10972,41835,0,0
B4D12_FORENSIC,top,9982,1305,1420,0,0,0,0,0,0,0,0,1,1,0,453,1,0,26.54,0,0,2,1,0,0,0,2,47272,29120,22566,6763,292,3154,0,0
B4D12_FORENSIC,top,8014,2458,2613,0,0,0,0,0,0,0,0,3,3,0,1113,3,1,445.75,1,0,2,1,0,0,0,3,336336,283426,118374,32663,11457,36310,327,24624
B4D12_FORENSIC,top,3712,1238,1410,0,0,0,0,0,0,0,0,1,1,0,317,1,1,118.19,1,0,2,0,0,0,0,3,82996,67646,29557,6849,2966,5164,323,21725
B4D12_FORENSIC,top,8532,1272,1426,0,0,0,0,0,0,0,0,1,1,0,427,1,1,195.50,1,0,2,0,0,0,0,3,122313,101323,36917,7163,10884,7849,338,30584
B4D12_FORENSIC,top,7866,2289,2416,0,0,0,0,0,0,0,0,3,3,0,3201,3,1,412.06,1,1,2,1,0,0,0,3,326702,276142,116010,36140,14235,34727,313,24645
B4D12_FORENSIC,top,6953,2476,2585,0,0,0,0,0,0,0,0,3,3,0,1075,3,1,501.52,1,0,2,1,0,0,0,3,354555,298680,119176,27327,11475,35055,1439,27452
B4D12_FORENSIC,top,8640,1271,1426,0,0,0,0,0,0,0,0,1,1,0,419,1,1,119.24,1,0,2,0,0,0,0,3,70064,59881,26718,4161,2928,2452,320,22105
B4D12_FORENSIC,top,1920,1391,1482,0,0,0,0,0,0,0,0,1,1,0,423,1,1,171.01,1,0,2,0,0,0,0,3,88786,81260,31187,6809,5672,10539,1441,24571
B4D12_FORENSIC,top,1665,1303,1468,0,0,0,0,0,0,0,0,1,1,0,421,1,0,78.97,0,0,2,0,0,0,0,3,66322,56134,25635,6798,5666,3298,0,0
B4D12_FORENSIC,top,7360,1296,1419,0,0,0,0,0,0,0,0,1,1,0,321,1,1,126.48,1,0,2,0,0,0,0,3,70164,65470,23413,6896,302,2405,322,24699
B4D12_FORENSIC,miss,187,2367,2476,0,0,0,0,0,0,0,0,2,2,0,846,2,1,484.27,1,0,2,1,0,0,0,2,338751,287911,109492,27631,11229,36111,1409,24670
B4D12_FORENSIC,miss,707,2490,2614,0,0,0,0,0,0,0,0,3,3,0,1283,3,1,483.44,1,0,2,1,0,0,0,3,355258,291618,119910,31583,11493,36967,1450,24741
B4D12_FORENSIC,miss,876,2289,2387,0,0,0,0,0,0,0,0,3,3,0,1205,3,1,419.88,1,0,2,1,0,0,0,3,325810,272715,119193,35902,11492,35362,1433,24853
B4D12_FORENSIC,miss,1290,2402,2511,0,0,0,0,0,0,0,0,2,2,0,904,2,1,437.79,1,0,2,1,0,0,0,2,317777,267354,108333,29840,11255,32675,1422,27709
B4D12_FORENSIC,miss,3480,2461,2568,0,0,0,0,0,0,0,0,2,2,0,724,2,2,540.38,1,0,2,1,0,0,0,2,355676,305018,109948,26427,11497,36885,1712,48173
B4D12_FORENSIC,miss,6607,2499,2661,0,0,0,0,0,0,0,0,2,2,0,1654,2,1,525.89,1,0,2,1,0,0,0,2,356946,303755,115944,26490,11232,37581,1454,24870
B4D12_FORENSIC,miss,6953,2476,2585,0,0,0,0,0,0,0,0,3,3,0,1075,3,1,501.52,1,0,2,1,0,0,0,3,354555,298680,119176,27327,11475,35055,1439,27452
B4D12_FORENSIC,miss,7829,2100,2222,0,0,0,0,0,0,0,0,3,3,0,897,3,2,438.28,1,1,2,1,0,0,0,3,287380,253008,111792,36654,11503,37055,591,40345
B4D12_FORENSIC,miss,7866,2289,2416,0,0,0,0,0,0,0,0,3,3,0,3201,3,1,412.06,1,1,2,1,0,0,0,3,326702,276142,116010,36140,14235,34727,313,24645
B4D12_FORENSIC,miss,7897,1768,1884,0,0,0,0,0,0,0,0,3,3,0,2303,3,1,351.86,1,0,2,1,0,0,0,3,234544,213696,76678,22680,8867,34783,310,24556
B4D12_FORENSIC,miss,8014,2458,2613,0,0,0,0,0,0,0,0,3,3,0,1113,3,1,445.75,1,0,2,1,0,0,0,3,336336,283426,118374,32663,11457,36310,327,24624
B4D12_FORENSIC,miss,8302,2536,2669,0,0,0,0,0,0,0,0,2,2,0,946,2,1,483.45,1,0,2,1,0,0,0,2,330940,285615,115736,28342,11260,34498,1450,24782
B4D12_FORENSIC,miss,8992,2294,2410,0,0,0,0,0,0,0,0,2,2,0,634,2,1,436.04,1,0,2,1,0,0,0,2,301789,259214,107488,29730,11219,35355,314,24556
B4D12_FORENSIC,miss,9706,2531,2654,0,0,0,0,0,0,0,0,2,2,0,738,2,1,502.68,1,0,2,1,0,0,0,2,346175,293131,115653,26358,11235,38455,1821,25015
B4D12_FORENSIC,miss,9977,2457,2590,0,0,0,0,0,0,0,0,3,3,0,1581,3,2,471.25,1,0,2,1,0,0,0,3,334936,287457,122835,30866,11499,37680,617,40625
B4D12_FORENSIC,miss,10523,2457,2555,0,0,0,0,0,0,0,0,3,3,0,1245,3,1,481.79,1,0,2,1,0,0,0,3,347751,297262,120022,34652,11482,35513,1433,27550
B4D12_FORENSIC,miss,10806,2378,2502,0,0,0,0,0,0,0,0,3,3,0,1129,3,1,456.49,1,0,2,1,0,0,0,3,338805,285751,113442,32918,11510,31022,6842,24724
B4D12_FORENSIC,miss,11327,2368,2485,0,0,0,0,0,0,0,0,3,3,0,1589,3,1,488.14,1,0,2,1,0,0,0,3,362475,306912,113159,44568,11489,36799,315,24887
B4D12_FORENSIC,miss,11747,2513,2652,0,0,0,0,0,0,0,0,3,3,0,2011,3,2,561.43,1,0,2,1,0,0,0,3,374176,323625,113834,30248,11503,40443,2091,40792
B4D12_FORENSIC,miss,12450,2437,2547,0,0,0,0,0,0,0,0,3,3,0,1095,3,1,490.06,1,0,2,1,0,0,0,3,339940,292233,116397,28100,11581,38318,321,27440
B4D12_FORENSIC,miss,13624,2403,2529,0,0,0,0,0,0,0,0,2,2,0,922,2,1,473.25,1,0,2,1,0,0,0,2,331423,283769,114710,26414,11398,33257,1405,27863
B4D12_GRAIN_HEADER set,block,ordinal,source_center,destination_center,half,model_timestamp,model_order,lambda_bits,gamma_bits,sample_rate_bits,norm_strategy,cache_path,local_difference,shared_difference,addgrain_cycles,select_cycles,model_near_cycles,cache_lookup_cycles,polynomial_cycles,gain_cycles
B4D12_GRAIN,top,187,0,2177301,2178663,213,2177791,16,0,1065101558,1194083328,2,4,10,10,261610,24781,34839,10863,1409,24670
B4D12_GRAIN,top,187,1,2177510,2178831,209,2177791,16,0,1065101558,1194083328,2,1,0,0,26301,2825,1272,1767,0,0
B4D12_GRAIN,top,11327,0,2890149,2891509,265,2890495,16,0,1065101558,1194083328,2,4,10,10,257842,28138,32946,8178,315,24887
B4D12_GRAIN,top,11327,1,2890413,2891722,264,2890495,16,0,1065101558,1194083328,2,1,0,0,41224,13267,1978,1773,0,0
B4D12_GRAIN,top,11327,2,2890413,2891936,264,2890495,16,0,1065101558,1194083328,2,1,0,0,7846,3119,1875,210,0,0
B4D12_GRAIN,top,9706,0,2786543,2787878,184,2786815,16,0,1065101558,1194083328,2,4,10,10,266312,23872,36454,9745,1821,25015
B4D12_GRAIN,top,9706,1,2786543,2788010,184,2786815,16,0,1065101558,1194083328,2,1,0,0,26819,2464,2001,1754,0,0
B4D12_GRAIN,top,1290,0,2247885,2249242,231,2248447,16,0,1065101558,1194083328,2,4,10,10,239518,25686,31224,8174,1422,27709
B4D12_GRAIN,top,1290,1,2248105,2249428,220,2248447,16,0,1065101558,1194083328,2,1,0,0,27836,4129,1451,1768,0,0
B4D12_GRAIN,top,3480,0,2387985,2389400,181,2387839,16,0,1065101558,1194083328,2,4,10,10,274272,23988,34850,12490,1427,29488
B4D12_GRAIN,top,3480,1,2388165,2389543,180,2388223,16,0,1065101558,1194083328,2,4,10,10,30746,2411,2035,88,285,18685
B4D12_GRAIN,top,876,0,2221244,2222655,202,2221951,16,0,1065101558,1194083328,2,4,10,10,231752,21205,32447,5488,1433,24853
B4D12_GRAIN,top,876,1,2221445,2222815,200,2221951,16,0,1065101558,1194083328,2,1,0,0,33507,11492,1530,1771,0,0
B4D12_GRAIN,top,876,2,2221644,2222975,199,2221951,16,0,1065101558,1194083328,2,1,0,0,7456,3163,1385,210,0,0
B4D12_GRAIN,top,6607,0,2588316,2589551,413,2588287,16,0,1065101558,1194083328,2,4,10,10,276932,24123,35614,12481,1454,24870
B4D12_GRAIN,top,6607,1,2588316,2589879,413,2588287,16,0,1065101558,1194083328,2,1,0,0,26823,2339,1967,1750,0,0
B4D12_GRAIN,top,7829,0,2666340,2667726,145,2666239,16,0,1065101558,1194083328,2,4,10,10,197594,25551,32447,7054,315,24514
B4D12_GRAIN,top,7829,1,2666493,2667837,151,2666623,16,0,1065101558,1194083328,2,4,10,10,30218,7063,2326,98,276,15831
B4D12_GRAIN,top,7829,2,2666493,2667948,151,2666623,16,0,1065101558,1194083328,2,1,0,0,25196,3996,2282,1777,0,0
B4D12_GRAIN,top,7897,0,2670764,2672067,524,2670847,16,0,1065101558,1194083328,2,4,10,10,177756,14812,30193,4348,310,24556
B4D12_GRAIN,top,7897,1,2670764,2672151,524,2670847,16,0,1065101558,1194083328,2,1,0,0,27092,4011,2363,1763,0,0
B4D12_GRAIN,top,7897,2,2670882,2672235,102,2670847,16,0,1065101558,1194083328,2,1,0,0,8848,3815,2227,202,0,0
B4D12_GRAIN,top,9977,0,2803552,2805064,302,2803711,16,0,1065101558,1194083328,2,4,10,10,233280,22948,32473,5484,326,24698
B4D12_GRAIN,top,9977,1,2803847,2805268,261,2803711,16,0,1065101558,1194083328,2,1,0,0,28265,4141,3012,1761,0,0
B4D12_GRAIN,top,9977,2,2804073,2805472,226,2804095,16,0,1065101558,1194083328,2,4,10,10,25912,3735,2195,83,291,15927
B4D12_GRAIN,top,8992,0,2740761,2742182,158,2740735,16,0,1065101558,1194083328,2,4,10,10,229904,25612,32451,7035,314,24556
B4D12_GRAIN,top,8992,1,2740919,2742307,158,2740735,16,0,1065101558,1194083328,2,1,0,0,29310,4093,2904,1754,0,0
B4D12_GRAIN,top,10523,0,2838715,2840095,201,2839423,16,0,1065101558,1194083328,2,4,10,10,259434,25078,33076,7046,1433,27550
B4D12_GRAIN,top,10523,1,2838925,2840256,210,2839423,16,0,1065101558,1194083328,2,1,0,0,30628,6329,1264,1754,0,0
B4D12_GRAIN,top,10523,2,2838925,2840416,210,2839423,16,0,1065101558,1194083328,2,1,0,0,7200,3201,1173,202,0,0
B4D12_GRAIN,top,10806,0,2856764,2858175,187,2857471,16,0,1065101558,1194083328,2,4,10,10,241065,17263,28119,5484,6842,24724
B4D12_GRAIN,top,10806,1,2856952,2858323,188,2857471,16,0,1065101558,1194083328,2,1,0,0,36713,11989,1540,1782,0,0
B4D12_GRAIN,top,10806,2,2856952,2858472,188,2857471,16,0,1065101558,1194083328,2,1,0,0,7973,3624,1363,200,0,0
B4D12_GRAIN,top,707,0,2210444,2211855,200,2211199,16,0,1065101558,1194083328,2,4,10,10,245534,16880,34486,10858,1450,24741
B4D12_GRAIN,top,707,1,2210684,2212014,220,2211199,16,0,1065101558,1194083328,2,1,0,0,36012,11507,1289,1760,0,0
B4D12_GRAIN,top,707,2,2210684,2212173,220,2211199,16,0,1065101558,1194083328,2,1,0,0,10072,3154,1192,198,0,0
B4D12_GRAIN,top,11747,0,2917004,2918450,585,2916991,16,0,1065101558,1194083328,2,4,10,10,271029,24478,36363,7045,1806,24783
B4D12_GRAIN,top,11747,1,2917214,2918616,210,2917375,16,0,1065101558,1194083328,2,4,10,10,26226,2989,2028,99,285,16009
B4D12_GRAIN,top,11747,2,2917423,2918782,209,2917375,16,0,1065101558,1194083328,2,1,0,0,26370,2742,2052,1763,0,0
B4D12_GRAIN,top,12450,0,2962070,2963438,184,2962687,16,0,1065101558,1194083328,2,4,10,10,255498,22115,35835,8170,321,27440
B4D12_GRAIN,top,12450,1,2962251,2963581,181,2962687,16,0,1065101558,1194083328,2,1,0,0,27177,3145,1291,1748,0,0
B4D12_GRAIN,top,12450,2,2962251,2963724,181,2962687,16,0,1065101558,1194083328,2,1,0,0,9558,2801,1192,200,0,0
B4D12_GRAIN,top,8302,0,2696680,2698043,236,2697343,16,0,1065101558,1194083328,2,4,10,10,261444,24856,33213,9727,1450,24782
B4D12_GRAIN,top,8302,1,2696680,2698232,236,2697343,16,0,1065101558,1194083328,2,1,0,0,24171,3458,1285,1768,0,0
B4D12_GRAIN,top,13624,0,3037231,3038594,229,3037567,16,0,1065101558,1194083328,2,4,10,10,256682,23966,31257,7045,1405,27863
B4D12_GRAIN,top,13624,1,3037462,3038773,231,3037567,16,0,1065101558,1194083328,2,1,0,0,27087,2423,2000,1772,0,0
B4D12_GRAIN,top,8014,0,2678149,2679520,185,2678527,16,0,1065101558,1194083328,2,4,10,10,246669,25379,32408,7036,327,24624
B4D12_GRAIN,top,8014,1,2678149,2679665,185,2678527,16,0,1065101558,1194083328,2,1,0,0,28566,3756,1999,1780,0,0
B4D12_GRAIN,top,8014,2,2678149,2679810,185,2678527,16,0,1065101558,1194083328,2,1,0,0,8191,3492,1903,207,0,0
B4D12_GRAIN,top,7866,0,2668844,2670068,533,2668927,16,0,1065101558,1194083328,2,4,10,10,227878,25574,30086,9737,313,24645
B4D12_GRAIN,top,7866,1,2668844,2670153,533,2668927,16,0,1065101558,1194083328,2,1,0,0,35482,6786,2404,1774,0,0
B4D12_GRAIN,top,7866,2,2668844,2670239,533,2668927,16,0,1065101558,1194083328,2,1,0,0,12782,3738,2237,212,0,0
B4D12_GRAIN,top,6953,0,2610221,2611597,178,2610943,16,0,1065101558,1194083328,2,4,10,10,259322,19196,32564,9745,1439,27452
B4D12_GRAIN,top,6953,1,2610400,2611739,179,2610943,16,0,1065101558,1194083328,2,1,0,0,30012,5586,1279,1760,0,0
B4D12_GRAIN,top,6953,2,2610400,2611882,179,2610943,16,0,1065101558,1194083328,2,1,0,0,9346,2506,1212,214,0,0
B4D12_GRAIN,miss,187,0,2177301,2178663,213,2177791,16,0,1065101558,1194083328,2,4,10,10,261610,24781,34839,10863,1409,24670
B4D12_GRAIN,miss,187,1,2177510,2178831,209,2177791,16,0,1065101558,1194083328,2,1,0,0,26301,2825,1272,1767,0,0
B4D12_GRAIN,miss,707,0,2210444,2211855,200,2211199,16,0,1065101558,1194083328,2,4,10,10,245534,16880,34486,10858,1450,24741
B4D12_GRAIN,miss,707,1,2210684,2212014,220,2211199,16,0,1065101558,1194083328,2,1,0,0,36012,11507,1289,1760,0,0
B4D12_GRAIN,miss,707,2,2210684,2212173,220,2211199,16,0,1065101558,1194083328,2,1,0,0,10072,3154,1192,198,0,0
B4D12_GRAIN,miss,876,0,2221244,2222655,202,2221951,16,0,1065101558,1194083328,2,4,10,10,231752,21205,32447,5488,1433,24853
B4D12_GRAIN,miss,876,1,2221445,2222815,200,2221951,16,0,1065101558,1194083328,2,1,0,0,33507,11492,1530,1771,0,0
B4D12_GRAIN,miss,876,2,2221644,2222975,199,2221951,16,0,1065101558,1194083328,2,1,0,0,7456,3163,1385,210,0,0
B4D12_GRAIN,miss,1290,0,2247885,2249242,231,2248447,16,0,1065101558,1194083328,2,4,10,10,239518,25686,31224,8174,1422,27709
B4D12_GRAIN,miss,1290,1,2248105,2249428,220,2248447,16,0,1065101558,1194083328,2,1,0,0,27836,4129,1451,1768,0,0
B4D12_GRAIN,miss,3480,0,2387985,2389400,181,2387839,16,0,1065101558,1194083328,2,4,10,10,274272,23988,34850,12490,1427,29488
B4D12_GRAIN,miss,3480,1,2388165,2389543,180,2388223,16,0,1065101558,1194083328,2,4,10,10,30746,2411,2035,88,285,18685
B4D12_GRAIN,miss,6607,0,2588316,2589551,413,2588287,16,0,1065101558,1194083328,2,4,10,10,276932,24123,35614,12481,1454,24870
B4D12_GRAIN,miss,6607,1,2588316,2589879,413,2588287,16,0,1065101558,1194083328,2,1,0,0,26823,2339,1967,1750,0,0
B4D12_GRAIN,miss,6953,0,2610221,2611597,178,2610943,16,0,1065101558,1194083328,2,4,10,10,259322,19196,32564,9745,1439,27452
B4D12_GRAIN,miss,6953,1,2610400,2611739,179,2610943,16,0,1065101558,1194083328,2,1,0,0,30012,5586,1279,1760,0,0
B4D12_GRAIN,miss,6953,2,2610400,2611882,179,2610943,16,0,1065101558,1194083328,2,1,0,0,9346,2506,1212,214,0,0
B4D12_GRAIN,miss,7829,0,2666340,2667726,145,2666239,16,0,1065101558,1194083328,2,4,10,10,197594,25551,32447,7054,315,24514
B4D12_GRAIN,miss,7829,1,2666493,2667837,151,2666623,16,0,1065101558,1194083328,2,4,10,10,30218,7063,2326,98,276,15831
B4D12_GRAIN,miss,7829,2,2666493,2667948,151,2666623,16,0,1065101558,1194083328,2,1,0,0,25196,3996,2282,1777,0,0
B4D12_GRAIN,miss,7866,0,2668844,2670068,533,2668927,16,0,1065101558,1194083328,2,4,10,10,227878,25574,30086,9737,313,24645
B4D12_GRAIN,miss,7866,1,2668844,2670153,533,2668927,16,0,1065101558,1194083328,2,1,0,0,35482,6786,2404,1774,0,0
B4D12_GRAIN,miss,7866,2,2668844,2670239,533,2668927,16,0,1065101558,1194083328,2,1,0,0,12782,3738,2237,212,0,0
B4D12_GRAIN,miss,7897,0,2670764,2672067,524,2670847,16,0,1065101558,1194083328,2,4,10,10,177756,14812,30193,4348,310,24556
B4D12_GRAIN,miss,7897,1,2670764,2672151,524,2670847,16,0,1065101558,1194083328,2,1,0,0,27092,4011,2363,1763,0,0
B4D12_GRAIN,miss,7897,2,2670882,2672235,102,2670847,16,0,1065101558,1194083328,2,1,0,0,8848,3815,2227,202,0,0
B4D12_GRAIN,miss,8014,0,2678149,2679520,185,2678527,16,0,1065101558,1194083328,2,4,10,10,246669,25379,32408,7036,327,24624
B4D12_GRAIN,miss,8014,1,2678149,2679665,185,2678527,16,0,1065101558,1194083328,2,1,0,0,28566,3756,1999,1780,0,0
B4D12_GRAIN,miss,8014,2,2678149,2679810,185,2678527,16,0,1065101558,1194083328,2,1,0,0,8191,3492,1903,207,0,0
B4D12_GRAIN,miss,8302,0,2696680,2698043,236,2697343,16,0,1065101558,1194083328,2,4,10,10,261444,24856,33213,9727,1450,24782
B4D12_GRAIN,miss,8302,1,2696680,2698232,236,2697343,16,0,1065101558,1194083328,2,1,0,0,24171,3458,1285,1768,0,0
B4D12_GRAIN,miss,8992,0,2740761,2742182,158,2740735,16,0,1065101558,1194083328,2,4,10,10,229904,25612,32451,7035,314,24556
B4D12_GRAIN,miss,8992,1,2740919,2742307,158,2740735,16,0,1065101558,1194083328,2,1,0,0,29310,4093,2904,1754,0,0
B4D12_GRAIN,miss,9706,0,2786543,2787878,184,2786815,16,0,1065101558,1194083328,2,4,10,10,266312,23872,36454,9745,1821,25015
B4D12_GRAIN,miss,9706,1,2786543,2788010,184,2786815,16,0,1065101558,1194083328,2,1,0,0,26819,2464,2001,1754,0,0
B4D12_GRAIN,miss,9977,0,2803552,2805064,302,2803711,16,0,1065101558,1194083328,2,4,10,10,233280,22948,32473,5484,326,24698
B4D12_GRAIN,miss,9977,1,2803847,2805268,261,2803711,16,0,1065101558,1194083328,2,1,0,0,28265,4141,3012,1761,0,0
B4D12_GRAIN,miss,9977,2,2804073,2805472,226,2804095,16,0,1065101558,1194083328,2,4,10,10,25912,3735,2195,83,291,15927
B4D12_GRAIN,miss,10523,0,2838715,2840095,201,2839423,16,0,1065101558,1194083328,2,4,10,10,259434,25078,33076,7046,1433,27550
B4D12_GRAIN,miss,10523,1,2838925,2840256,210,2839423,16,0,1065101558,1194083328,2,1,0,0,30628,6329,1264,1754,0,0
B4D12_GRAIN,miss,10523,2,2838925,2840416,210,2839423,16,0,1065101558,1194083328,2,1,0,0,7200,3201,1173,202,0,0
B4D12_GRAIN,miss,10806,0,2856764,2858175,187,2857471,16,0,1065101558,1194083328,2,4,10,10,241065,17263,28119,5484,6842,24724
B4D12_GRAIN,miss,10806,1,2856952,2858323,188,2857471,16,0,1065101558,1194083328,2,1,0,0,36713,11989,1540,1782,0,0
B4D12_GRAIN,miss,10806,2,2856952,2858472,188,2857471,16,0,1065101558,1194083328,2,1,0,0,7973,3624,1363,200,0,0
B4D12_GRAIN,miss,11327,0,2890149,2891509,265,2890495,16,0,1065101558,1194083328,2,4,10,10,257842,28138,32946,8178,315,24887
B4D12_GRAIN,miss,11327,1,2890413,2891722,264,2890495,16,0,1065101558,1194083328,2,1,0,0,41224,13267,1978,1773,0,0
B4D12_GRAIN,miss,11327,2,2890413,2891936,264,2890495,16,0,1065101558,1194083328,2,1,0,0,7846,3119,1875,210,0,0
B4D12_GRAIN,miss,11747,0,2917004,2918450,585,2916991,16,0,1065101558,1194083328,2,4,10,10,271029,24478,36363,7045,1806,24783
B4D12_GRAIN,miss,11747,1,2917214,2918616,210,2917375,16,0,1065101558,1194083328,2,4,10,10,26226,2989,2028,99,285,16009
B4D12_GRAIN,miss,11747,2,2917423,2918782,209,2917375,16,0,1065101558,1194083328,2,1,0,0,26370,2742,2052,1763,0,0
B4D12_GRAIN,miss,12450,0,2962070,2963438,184,2962687,16,0,1065101558,1194083328,2,4,10,10,255498,22115,35835,8170,321,27440
B4D12_GRAIN,miss,12450,1,2962251,2963581,181,2962687,16,0,1065101558,1194083328,2,1,0,0,27177,3145,1291,1748,0,0
B4D12_GRAIN,miss,12450,2,2962251,2963724,181,2962687,16,0,1065101558,1194083328,2,1,0,0,9558,2801,1192,200,0,0
B4D12_GRAIN,miss,13624,0,3037231,3038594,229,3037567,16,0,1065101558,1194083328,2,4,10,10,256682,23966,31257,7045,1405,27863
B4D12_GRAIN,miss,13624,1,3037462,3038773,231,3037567,16,0,1065101558,1194083328,2,1,0,0,27087,2423,2000,1772,0,0
B4D12_GRAIN_CLASS class=1 ordinal=0 count=1177 add_mean_cycles=72775.4 add_p50_bound=70656 add_p95_bound=101376 add_p99_bound=121856 add_max_cycles=168306 select_mean_cycles=6076.7 near_mean_cycles=6587.4 lookup_mean_cycles=1082.9 poly_mean_cycles=535.1 gain_mean_cycles=25472.5
B4D12_GRAIN_CACHE class=1 ordinal=0 no_lpc=0 local=0 shared=0 neutral=0 miss=1177 empty=0 timestamp=1177 order=0 coefficients=1177 lambda=0 gamma=0 rate=0 strategy=0
B4D12_GRAIN_CACHE class=1 ordinal=1 no_lpc=0 local=0 shared=0 neutral=0 miss=0 empty=0 timestamp=0 order=0 coefficients=0 lambda=0 gamma=0 rate=0 strategy=0
B4D12_GRAIN_CACHE class=1 ordinal=2 no_lpc=0 local=0 shared=0 neutral=0 miss=0 empty=0 timestamp=0 order=0 coefficients=0 lambda=0 gamma=0 rate=0 strategy=0
B4D12_GRAIN_CACHE class=1 ordinal=3 no_lpc=0 local=0 shared=0 neutral=0 miss=0 empty=0 timestamp=0 order=0 coefficients=0 lambda=0 gamma=0 rate=0 strategy=0
B4D12_GRAIN_CLASS class=2 ordinal=0 count=8 add_mean_cycles=258334.2 add_p50_bound=262144 add_p95_bound=277504 add_p99_bound=277504 add_max_cycles=276932 select_mean_cycles=24610.5 near_mean_cycles=33737.8 lookup_mean_cycles=9695.0 poly_mean_cycles=1337.8 gain_mean_cycles=26119.1
B4D12_GRAIN_CACHE class=2 ordinal=0 no_lpc=0 local=0 shared=0 neutral=0 miss=8 empty=0 timestamp=8 order=0 coefficients=8 lambda=0 gamma=0 rate=0 strategy=0
B4D12_GRAIN_CLASS class=2 ordinal=1 count=8 add_mean_cycles=27386.6 add_p50_bound=27648 add_p95_bound=31744 add_p99_bound=31744 add_max_cycles=30746 select_mean_cycles=3017.8 near_mean_cycles=1864.4 lookup_mean_cycles=1552.6 poly_mean_cycles=35.6 gain_mean_cycles=2335.6
B4D12_GRAIN_CACHE class=2 ordinal=1 no_lpc=0 local=7 shared=0 neutral=0 miss=1 empty=0 timestamp=1 order=0 coefficients=1 lambda=0 gamma=0 rate=0 strategy=0
B4D12_GRAIN_CACHE class=2 ordinal=2 no_lpc=0 local=0 shared=0 neutral=0 miss=0 empty=0 timestamp=0 order=0 coefficients=0 lambda=0 gamma=0 rate=0 strategy=0
B4D12_GRAIN_CACHE class=2 ordinal=3 no_lpc=0 local=0 shared=0 neutral=0 miss=0 empty=0 timestamp=0 order=0 coefficients=0 lambda=0 gamma=0 rate=0 strategy=0
B4D12_GRAIN_CLASS class=3 ordinal=0 count=13 add_mean_cycles=238819.5 add_p50_bound=245760 add_p95_bound=271360 add_p99_bound=271360 add_max_cycles=271029 select_mean_cycles=22201.3 near_mean_cycles=32572.5 lookup_mean_cycles=7359.5 poly_mean_cycles=1279.2 gain_mean_cycles=25343.6
B4D12_GRAIN_CACHE class=3 ordinal=0 no_lpc=0 local=0 shared=0 neutral=0 miss=13 empty=0 timestamp=13 order=0 coefficients=13 lambda=0 gamma=0 rate=0 strategy=0
B4D12_GRAIN_CLASS class=3 ordinal=1 count=13 add_mean_cycles=31624.8 add_p50_bound=30720 add_p95_bound=41984 add_p99_bound=41984 add_max_cycles=41224 select_mean_cycles=7081.6 near_mean_cycles=1869.5 lookup_mean_cycles=1509.5 poly_mean_cycles=43.2 gain_mean_cycles=2449.2
B4D12_GRAIN_CACHE class=3 ordinal=1 no_lpc=0 local=11 shared=0 neutral=0 miss=2 empty=0 timestamp=2 order=0 coefficients=2 lambda=0 gamma=0 rate=0 strategy=0
B4D12_GRAIN_CLASS class=3 ordinal=2 count=13 add_mean_cycles=12826.9 add_p50_bound=10240 add_p95_bound=26624 add_p99_bound=26624 add_max_cycles=26370 select_mean_cycles=3314.3 near_mean_cycles=1714.5 lookup_mean_cycles=436.8 poly_mean_cycles=22.4 gain_mean_cycles=1225.2
B4D12_GRAIN_CACHE class=3 ordinal=2 no_lpc=0 local=12 shared=0 neutral=0 miss=1 empty=0 timestamp=1 order=0 coefficients=1 lambda=0 gamma=0 rate=0 strategy=0
B4D12_GRAIN_CACHE class=3 ordinal=3 no_lpc=0 local=0 shared=0 neutral=0 miss=0 empty=0 timestamp=0 order=0 coefficients=0 lambda=0 gamma=0 rate=0 strategy=0
B4D12_CASE name=mat_c_chorus category=matrix seconds=20 voices=1 comp=1 delay=1 reverb=1 interval=4.0 control=none kind=19 f0=220.0 vocal=1 wall_s=20.008241 blocks=13790
B4D12_PHYSICAL name=mat_c_chorus rx_blocks=13790 tx_blocks=13791 dsp_blocks=13791 rx_frames=882560 tx_frames=882624 effective_fs=44109.825 err_pct=0.0223
B4D12_TRANSPORT name=mat_c_chorus rx_overruns=0 tx_underruns=0 dma_errors=0 actual_rx_dma_errors=0 actual_tx_dma_errors=0 read_failures=0 write_failures=0 rx_dropped_frames=0 tx_dropped_frames=0 rx_seq_gaps=0 tx_seq_gaps=0 nan_inf=0 rx_diag_ovf=2014 tx_diag_ovf=2013
B4D12_DSP name=mat_c_chorus blocks=13790 avg_us=702.785 p50=730 p90=1029 p95=1097 p99=1206 p999=2378 p9999=2531 max=2536 misses=21 miss_per_block=0.00152284 miss_per_s=1.0496 miss_per_min=62.974 miss_per_hour=3778.44
B4D12_LATE name=mat_c_chorus threshold_1200_blocks=154 max_consecutive_late=1 max_lateness_us=1085 cumulative_lateness_us=19716 late_events=21 late_events_dropped=0 recovery_pending=0
B4D12_LATENESS_HIST name=mat_c_chorus le100=0 b100_250=0 b250_500=1 b500_1000=10 b1000_1500=10 gt1500=0
B4D12_CLASS name=mat_c_chorus miss_nmc=0 miss_mc0=0 miss_mc1=0 miss_mc2=8 miss_mc3=13 blocks_nmc=12592 blocks_mc0=0 blocks_mc1=1177 blocks_mc2=8 blocks_mc3=13
B4D12_CLASS_DIST name=mat_c_chorus class=nmc blocks=12592 mean_us=665.25 p50=631 p95=1013 p99=1125 p999=1262 max=1392
B4D12_CLASS_DIST name=mat_c_chorus class=mc1 blocks=1177 mean_us=1074.40 p50=1077 p95=1224 p99=1327 p999=1391 max=1444
B4D12_CLASS_DIST name=mat_c_chorus class=mc2 blocks=8 mean_us=2436.62 p50=2403 p95=2536 p99=2536 p999=2536 max=2536
B4D12_CLASS_DIST name=mat_c_chorus class=mc3 blocks=13 mean_us=2344.62 p50=2437 p95=2513 p99=2513 p999=2513 max=2513
B4D12_CLASS_DIST name=mat_c_chorus class=mc0 blocks=0 mean_us=0.00 p50=0 p95=0 p99=0 p999=0 max=0
B4D12_RECOVERY name=mat_c_chorus pending=0 r0=0 r1=21 r2=0 r3=0 r4=0 r5=0 r6=0 r7=0
B4D12_BACKLOG name=mat_c_chorus current_ms=2.925 avg_ms=1.946 p95_ms=5.442 p99_ms=5.442 max_ms=5.918
B4D12_FIFO name=mat_c_chorus pushes=762336 pops=762304 drops=0 overflow_attempts=0 max_occ=93 avg_occ=8.711 current_occ=32
B4D12_LATE_EVENT name=mat_c_chorus blk=187 dsp_us=2367 lateness_us=916 klass=2 mc=1 ng=2 ad=2 sl=2 prev_miss=0 next1=834 next2=883 next3=1015 recov=1 bl_before_ds=14 bl_after_ds=0
B4D12_LATE_EVENT name=mat_c_chorus blk=707 dsp_us=2490 lateness_us=1039 klass=3 mc=1 ng=3 ad=3 sl=3 prev_miss=0 next1=986 next2=956 next3=876 recov=1 bl_before_ds=0 bl_after_ds=0
B4D12_LATE_EVENT name=mat_c_chorus blk=876 dsp_us=2289 lateness_us=838 klass=3 mc=1 ng=3 ad=3 sl=3 prev_miss=0 next1=1114 next2=894 next3=787 recov=1 bl_before_ds=0 bl_after_ds=14
B4D12_LATE_EVENT name=mat_c_chorus blk=1290 dsp_us=2402 lateness_us=951 klass=2 mc=1 ng=2 ad=2 sl=2 prev_miss=0 next1=985 next2=932 next3=855 recov=1 bl_before_ds=0 bl_after_ds=14
B4D12_LATE_EVENT name=mat_c_chorus blk=3480 dsp_us=2461 lateness_us=1010 klass=2 mc=1 ng=2 ad=2 sl=2 prev_miss=0 next1=1179 next2=927 next3=979 recov=1 bl_before_ds=0 bl_after_ds=14
B4D12_LATE_EVENT name=mat_c_chorus blk=6607 dsp_us=2499 lateness_us=1048 klass=2 mc=1 ng=2 ad=2 sl=2 prev_miss=0 next1=871 next2=699 next3=891 recov=1 bl_before_ds=14 bl_after_ds=0
B4D12_LATE_EVENT name=mat_c_chorus blk=6953 dsp_us=2476 lateness_us=1025 klass=3 mc=1 ng=3 ad=3 sl=3 prev_miss=0 next1=890 next2=1190 next3=1055 recov=1 bl_before_ds=0 bl_after_ds=8
B4D12_LATE_EVENT name=mat_c_chorus blk=7829 dsp_us=2100 lateness_us=649 klass=3 mc=1 ng=3 ad=3 sl=3 prev_miss=0 next1=780 next2=882 next3=759 recov=1 bl_before_ds=0 bl_after_ds=14
B4D12_LATE_EVENT name=mat_c_chorus blk=7866 dsp_us=2289 lateness_us=838 klass=3 mc=1 ng=3 ad=3 sl=3 prev_miss=0 next1=971 next2=836 next3=817 recov=1 bl_before_ds=0 bl_after_ds=14
B4D12_LATE_EVENT name=mat_c_chorus blk=7897 dsp_us=1768 lateness_us=317 klass=3 mc=1 ng=3 ad=3 sl=3 prev_miss=0 next1=959 next2=796 next3=935 recov=1 bl_before_ds=14 bl_after_ds=0
B4D12_LATE_EVENT name=mat_c_chorus blk=8014 dsp_us=2458 lateness_us=1007 klass=3 mc=1 ng=3 ad=3 sl=3 prev_miss=0 next1=996 next2=1116 next3=858 recov=1 bl_before_ds=0 bl_after_ds=4
B4D12_LATE_EVENT name=mat_c_chorus blk=8302 dsp_us=2536 lateness_us=1085 klass=2 mc=1 ng=2 ad=2 sl=2 prev_miss=0 next1=927 next2=906 next3=976 recov=1 bl_before_ds=0 bl_after_ds=14
B4D12_LATE_EVENT name=mat_c_chorus blk=8992 dsp_us=2294 lateness_us=843 klass=2 mc=1 ng=2 ad=2 sl=2 prev_miss=0 next1=1123 next2=899 next3=958 recov=1 bl_before_ds=0 bl_after_ds=0
B4D12_LATE_EVENT name=mat_c_chorus blk=9706 dsp_us=2531 lateness_us=1080 klass=2 mc=1 ng=2 ad=2 sl=2 prev_miss=0 next1=1102 next2=930 next3=883 recov=1 bl_before_ds=0 bl_after_ds=0
B4D12_LATE_EVENT name=mat_c_chorus blk=9977 dsp_us=2457 lateness_us=1006 klass=3 mc=1 ng=3 ad=3 sl=3 prev_miss=0 next1=1054 next2=1051 next3=1000 recov=1 bl_before_ds=0 bl_after_ds=0
B4D12_LATE_EVENT name=mat_c_chorus blk=10523 dsp_us=2457 lateness_us=1006 klass=3 mc=1 ng=3 ad=3 sl=3 prev_miss=0 next1=964 next2=1089 next3=992 recov=1 bl_before_ds=0 bl_after_ds=8
B4D12_LATE_EVENT name=mat_c_chorus blk=10806 dsp_us=2378 lateness_us=927 klass=3 mc=1 ng=3 ad=3 sl=3 prev_miss=0 next1=979 next2=940 next3=835 recov=1 bl_before_ds=0 bl_after_ds=14
B4D12_LATE_EVENT name=mat_c_chorus blk=11327 dsp_us=2368 lateness_us=917 klass=3 mc=1 ng=3 ad=3 sl=3 prev_miss=0 next1=1057 next2=702 next3=853 recov=1 bl_before_ds=0 bl_after_ds=0
B4D12_LATE_EVENT name=mat_c_chorus blk=11747 dsp_us=2513 lateness_us=1062 klass=3 mc=1 ng=3 ad=3 sl=3 prev_miss=0 next1=929 next2=805 next3=935 recov=1 bl_before_ds=0 bl_after_ds=0
B4D12_LATE_EVENT name=mat_c_chorus blk=12450 dsp_us=2437 lateness_us=986 klass=3 mc=1 ng=3 ad=3 sl=3 prev_miss=0 next1=997 next2=910 next3=890 recov=1 bl_before_ds=0 bl_after_ds=14
B4D12_LATE_EVENT name=mat_c_chorus blk=13624 dsp_us=2403 lateness_us=952 klass=2 mc=1 ng=2 ad=2 sl=2 prev_miss=0 next1=1030 next2=1047 next3=929 recov=1 bl_before_ds=0 bl_after_ds=4
B4D12_WINDOW name=mat_c_chorus idx=0 partial=1 blocks=13790 avg_us=702.785 p99_us=1300 p999_us=2400 max_us=2536 misses=21 mc2=8 mc3=13 max_consecutive_late=1 backlog_max_ms=4.4 transport_errors=0 cumulative_lateness_us=19716
B4D12_QUALIFY name=mat_c_chorus gate_a_transport=PASS gate_b_physical=PASS fs_ok=1 max_consecutive_late=1 backlog_max_ms=5.918 dsp_miss_independent=1 result=PASS
B4D1_MEMORY tag=b4d12_mat_c_chorus internal_free=93211 internal_largest=31744 spiram_free=17612652 spiram_largest=17301504
B4D1_PRESTAGE name=b4d12_mat_d_ensemble kind=19 f0=220.0 frames=2866500 fnv=7485cb01 rms=0.068750
[0;31mE (152427) esp_clk_tree: esp_clk_tree_src_get_freq_hz(82): freq shouldn't be 0, calibration failed[0m
[0;31mE (152429) i2s_std: i2s_std_calculate_clock(57): sample rate is too large for the current clock source[0m
[0;31mE (152437) i2s_std: i2s_std_set_clock(74): clock calculate failed[0m
[0;31mE (152444) i2s_std: i2s_channel_init_std_mode(225): initialize channel failed while setting clock[0m
[0;33mW (152453) audio_i2s: AUDIO CLOCK WARNING: APLL unavailable, using XTAL fractional clock[0m
AUDIO CLOCK: EXPECTED_FALLBACK (APLL unavailable, using XTAL fractional clock)

=======================================================
            AUDIO HARDWARE CONFIGURATION               
=======================================================
Target Board:                   Wireless-Tag WT9932P4-TINY (ESP32-P4)
requested Fs:                   44100 Hz
actual/configured clock source: SOC_MOD_CLK_XTAL (XTAL fractional clock)
source clock Hz:                40000000 Hz
MCLK Hz:                        11289600 Hz
BCLK Hz:                        2822400 Hz
LRCK/Fs:                        44100 Hz
MCLK/Fs ratio:                  256
BCLK/Fs ratio:                  64
I2S Controller:                 I2S_NUM_0 (Full-Duplex Standard Philips)
MCLK GPIO:                      GPIO_19 (Header Pin 4 -> PCM1808 SCKI)
BCLK GPIO:                      GPIO_20 (Header Pin 5 -> PCM1808/PCM5102 BCK)
WS GPIO:                        GPIO_21 (Header Pin 6 -> PCM1808/PCM5102 LRCK)
DOUT GPIO:                      GPIO_22 (Header Pin 7 -> PCM5102 DIN)
DIN GPIO:                       GPIO_23 (Header Pin 8 <- PCM1808 DOUT)
Data Width:                     32-bit slot, 24-bit audio MSB-aligned in bits [31:8]
Slot Width:                     32 bits per slot (2 slots/frame = 64 BCLK/frame)
Channels:                       Stereo (L/R interleaved)
DMA Descriptors:                6 descriptors
DMA Frame Count:                64 frames/desc (512 bytes/desc)
DMA buffering capacity:         8.00 ms (384 frames total)
physical/effective latency:     PENDING_HARDWARE_MEASUREMENT
=======================================================

B4D1_STACK audio_hwm_bytes=15824 pitch_hwm_bytes=8700
B4D12_FORENSIC_HEADER set,block,dsp_us,cycle_us,input_cycles,comp_cycles,harmony_cycles,drive_cycles,chorus_cycles,delay_cycles,reverb_cycles,master_cycles,new_grains,active_grains,source_grains,grain_samples,model_lookups,model_expensive,model_warp_us,formant_changed,pitch_changed,track_state,fallback,recovery,fir_computed,fir_reused,deferred_slices,psola_sched_cycles,psola_addgrain_cycles,psola_deferred_cycles,psola_mark_cycles,psola_desc_cycles,psola_near_cycles,psola_poly_cycles,psola_gn_cycles
B4D12_FORENSIC_COUNT top=100 misses=32 miss_dropped=0
B4D12_FORENSIC,top,1971,1355,1553,0,0,0,0,0,0,0,0,0,0,0,0,0,0,0.00,0,0,0,1,0,0,0,2,0,0,33553,0,0,0,0,0
B4D12_FORENSIC,top,187,2444,2526,0,0,0,0,0,0,0,0,3,3,0,1287,3,1,460.00,1,0,2,1,0,0,0,3,331174,283413,124182,27183,11492,30417,1415,24786
B4D12_FORENSIC,top,1808,1371,1487,0,0,0,0,0,0,0,0,1,1,0,433,1,1,223.02,1,0,2,0,0,0,0,3,118368,108096,33132,6876,5662,13283,302,35150
B4D12_FORENSIC,top,9882,2064,2205,0,0,0,0,0,0,0,0,3,3,0,981,3,1,410.34,1,0,2,1,0,0,0,3,268159,231295,68182,25243,11476,30208,1449,24745
B4D12_FORENSIC,top,13756,1355,1480,0,0,0,0,0,0,0,0,1,1,0,425,1,1,157.50,1,0,2,0,0,0,0,3,109894,81218,35055,6233,2982,5179,331,30422
B4D12_FORENSIC,top,9708,1431,1512,0,0,0,0,0,0,0,0,0,0,0,0,0,0,0.00,0,0,2,1,0,0,0,3,2147,0,104720,0,0,0,0,0
B4D12_FORENSIC,top,10533,1474,1556,0,0,0,0,0,0,0,0,1,1,0,431,1,1,278.91,1,0,2,1,0,0,0,3,151389,138434,43404,3498,3386,26151,327,24794
B4D12_FORENSIC,top,1336,1370,1487,0,0,0,0,0,0,0,0,1,1,0,475,1,0,157.28,0,0,2,0,0,0,0,3,115875,103036,25590,9485,5698,37004,0,0
B4D12_FORENSIC,top,6648,1416,1543,0,0,0,0,0,0,0,0,1,1,0,863,1,0,116.06,0,0,2,0,0,0,0,3,127369,101592,51997,29466,5702,28663,0,0
B4D12_FORENSIC,top,1960,1368,1502,0,0,0,0,0,0,0,0,1,1,0,425,1,1,193.26,1,0,2,0,0,0,0,3,120597,100034,25102,4141,284,2614,330,35599
B4D12_FORENSIC,top,522,1391,1474,0,0,0,0,0,0,0,0,1,1,0,423,1,1,163.86,1,0,2,0,0,0,0,3,107606,86772,36435,6889,5692,10624,322,24596
B4D12_FORENSIC,top,10258,1387,1512,0,0,0,0,0,0,0,0,1,1,0,423,1,1,209.75,1,0,2,0,0,0,0,3,119054,108544,29860,14897,10954,11185,328,32428
B4D12_FORENSIC,top,933,1352,1492,0,0,0,0,0,0,0,0,1,1,0,407,1,0,120.81,0,0,2,0,0,0,0,3,57212,49542,26865,3980,285,15858,0,0
B4D12_FORENSIC,top,7246,1351,1484,0,0,0,0,0,0,0,0,1,1,0,319,1,1,170.76,1,0,2,0,0,0,0,3,109565,102016,24100,4108,8182,12669,331,35758
B4D12_FORENSIC,top,8522,1361,1488,0,0,0,0,0,0,0,0,1,1,0,425,1,1,141.01,1,0,2,0,0,0,0,3,77990,67858,25810,4212,2982,10367,323,22010
B4D12_FORENSIC,top,1507,1468,1591,0,0,0,0,0,0,0,0,1,1,0,427,1,0,113.31,0,0,2,0,0,0,0,3,97029,86834,25335,9466,5700,10381,0,0
B4D12_FORENSIC,top,1484,1392,1468,0,0,0,0,0,0,0,0,1,1,0,427,1,1,208.73,1,0,2,0,0,0,0,3,110438,94780,37164,9467,3020,23959,328,24734
B4D12_FORENSIC,top,1290,2687,2827,0,0,0,0,0,0,0,0,2,2,0,942,2,1,429.14,1,0,2,1,0,0,0,2,323402,270148,108002,37448,11232,32346,318,24830
B4D12_FORENSIC,top,1354,1394,1574,0,0,0,0,0,0,0,0,1,1,0,459,1,0,90.31,0,0,2,0,0,0,0,3,67511,54778,30322,4090,3000,20791,0,0
B4D12_FORENSIC,top,11146,1368,1500,0,0,0,0,0,0,0,0,1,1,0,471,1,1,214.82,1,0,2,0,0,0,0,3,101792,91654,28626,4117,2978,26092,320,24739
B4D12_FORENSIC,top,6672,1396,1587,0,0,0,0,0,0,0,0,1,1,0,807,1,1,216.71,1,0,2,0,0,0,0,3,127970,107114,27992,13572,2972,7918,325,24905
B4D12_FORENSIC,top,8823,1367,1480,0,0,0,0,0,0,0,0,1,1,0,401,1,1,200.03,1,0,2,0,0,0,0,3,115502,107998,35965,7072,10964,15849,327,32490
B4D12_FORENSIC,top,946,1423,1550,0,0,0,0,0,0,0,0,1,1,0,405,1,1,248.59,1,0,2,0,0,0,0,3,132786,125270,43923,6789,3008,26110,325,39818
B4D12_FORENSIC,top,8097,1351,1468,0,0,0,0,0,0,0,0,1,1,0,323,1,1,201.33,1,0,2,1,0,0,0,2,125710,104796,20966,6002,2990,10595,328,27338
B4D12_FORENSIC,top,3750,1455,1579,0,0,0,0,0,0,0,0,1,1,0,321,1,0,23.06,0,0,2,0,0,0,0,3,56966,46610,35298,6866,5690,7256,0,0
B4D12_FORENSIC,top,1513,1389,1520,0,0,0,0,0,0,0,0,1,1,0,427,1,1,230.58,1,0,2,0,0,0,0,3,126334,110740,30362,9529,2980,18388,327,35404
B4D12_FORENSIC,top,9974,2646,2757,0,0,0,0,0,0,0,0,3,3,0,1611,3,2,570.63,1,1,2,1,0,0,0,3,384291,328563,108037,44733,11538,35425,604,59828
B4D12_FORENSIC,top,10047,1353,1483,0,0,0,0,0,0,0,0,1,1,0,479,1,1,239.16,1,0,2,0,0,0,0,2,129524,119242,21511,4201,5618,18732,328,24846
B4D12_FORENSIC,top,10524,2640,2779,0,0,0,0,0,0,0,0,3,3,0,1245,3,1,492.22,1,0,2,1,0,0,0,3,337124,289513,130444,31540,11568,34021,1436,24979
B4D12_FORENSIC,top,11850,1383,1542,0,0,0,0,0,0,0,0,1,1,0,429,1,1,111.69,1,0,2,0,0,0,0,3,58328,50965,28243,3364,5530,2517,321,22019
B4D12_FORENSIC,top,1510,1380,1529,0,0,0,0,0,0,0,0,1,1,0,429,1,0,62.66,0,0,2,0,0,0,0,3,92306,58306,43881,14913,2972,5011,0,0
B4D12_FORENSIC,top,12106,1401,1539,0,0,0,0,0,0,0,0,1,1,0,429,1,0,60.62,0,0,2,0,0,0,0,3,46214,33434,47638,4181,2958,10149,0,0
B4D12_FORENSIC,top,12109,1354,1501,0,0,0,0,0,0,0,0,1,1,0,429,1,1,156.91,1,0,2,0,0,0,0,3,108076,97894,34749,9524,2990,7900,1433,24866
B4D12_FORENSIC,top,1902,1446,1581,0,0,0,0,0,0,0,0,1,1,0,427,1,0,92.56,0,0,2,0,0,0,0,3,106863,99242,46450,23982,5672,24338,0,0
B4D12_FORENSIC,top,10606,1368,1507,0,0,0,0,0,0,0,0,1,1,0,429,1,1,205.03,1,0,2,0,0,0,0,3,119244,109032,38695,3609,8346,13351,2925,39506
B4D12_FORENSIC,top,7660,1384,1531,0,0,0,0,0,0,0,0,1,1,0,401,1,1,172.34,1,0,2,0,0,0,0,3,110804,100516,32850,6825,19099,2539,1447,27670
B4D12_FORENSIC,top,8978,2365,2508,0,0,0,0,0,0,0,0,3,3,0,1015,3,1,394.98,1,0,2,1,0,0,0,3,297025,243483,115193,33480,11597,32536,318,24724
B4D12_FORENSIC,top,10698,1361,1454,0,0,0,0,0,0,0,0,1,1,0,467,1,1,111.66,1,0,2,0,0,0,0,3,59176,54356,23504,6640,296,2542,318,24669
B4D12_FORENSIC,top,10531,1392,1481,0,0,0,0,0,0,0,0,1,1,0,405,1,0,17.85,0,0,2,1,0,0,0,3,52074,44365,34011,6236,2990,3910,0,0
B4D12_FORENSIC,top,11914,1351,1508,0,0,0,0,0,0,0,0,1,1,0,427,1,0,69.31,0,0,2,0,0,0,0,3,54410,47060,33571,3904,5664,5293,0,0
B4D12_FORENSIC,top,254,1358,1472,0,0,0,0,0,0,0,0,1,1,0,433,1,1,141.67,1,0,2,0,0,0,0,3,101176,88200,26903,13804,8182,2551,328,24708
B4D12_FORENSIC,top,3528,1361,1514,0,0,0,0,0,0,0,0,1,1,0,353,1,0,107.22,0,0,2,0,0,0,0,3,69792,51709,24501,3012,5656,13619,0,0
B4D12_FORENSIC,top,1454,1444,1562,0,0,0,0,0,0,0,0,1,1,0,429,1,1,268.56,1,0,2,0,0,0,0,3,115558,110726,51499,3866,2993,34432,324,27602
B4D12_FORENSIC,top,12234,1402,1496,0,0,0,0,0,0,0,0,1,1,0,423,1,1,125.86,1,0,2,0,0,0,0,3,75216,67742,31222,4162,2964,10236,322,22071
B4D12_FORENSIC,top,3566,1387,1483,0,0,0,0,0,0,0,0,1,1,0,365,1,1,251.73,1,0,2,0,0,0,0,3,125608,120800,31955,8902,8696,18677,331,37838
B4D12_FORENSIC,top,10808,2534,2666,0,0,0,0,0,0,0,0,3,3,0,989,3,1,464.43,1,0,2,1,0,0,0,2,336998,292007,109635,35877,8869,38065,1451,24729
B4D12_FORENSIC,top,1826,1358,1482,0,0,0,0,0,0,0,0,1,1,0,419,1,1,195.72,1,0,2,0,0,0,0,2,119378,109158,26318,6942,13790,2639,351,27885
B4D12_FORENSIC,top,1385,1377,1510,0,0,0,0,0,0,0,0,1,1,0,429,1,1,170.82,1,1,2,1,0,0,0,3,96546,80998,46311,9368,2972,2524,330,35128
B4D12_FORENSIC,top,1555,1381,1520,0,0,0,0,0,0,0,0,1,1,0,419,1,1,156.73,1,0,2,0,0,0,0,3,117858,101918,29216,24606,2990,10663,329,24634
B4D12_FORENSIC,top,7754,1367,1499,0,0,0,0,0,0,0,0,1,1,0,399,1,1,117.57,1,0,2,0,0,0,0,3,69494,64786,39956,6883,2970,2492,320,26804
B4D12_FORENSIC,top,10937,1377,1524,0,0,0,0,0,0,0,0,1,1,0,433,1,1,197.00,1,0,2,0,0,0,0,3,103385,85258,33477,6813,323,8615,327,33110
B4D12_FORENSIC,top,878,2450,2596,0,0,0,0,0,0,0,0,3,3,0,1193,3,1,458.34,1,0,2,1,0,0,0,3,328023,280346,110337,31947,11495,34043,315,24820
B4D12_FORENSIC,top,8918,1379,1511,0,0,0,0,0,0,0,0,1,1,0,443,1,1,246.80,1,0,2,0,0,0,0,3,134834,127314,31214,9571,2862,15809,330,30456
B4D12_FORENSIC,top,908,1355,1471,0,0,0,0,0,0,0,0,1,1,0,403,1,1,238.93,1,0,2,0,0,0,0,3,115604,105326,21448,3770,5690,15930,1450,24822
B4D12_FORENSIC,top,9987,1384,1512,0,0,0,0,0,0,0,0,1,1,0,459,1,1,252.64,1,0,2,1,0,0,0,2,142091,121205,19024,6845,8174,23668,333,27394
B4D12_FORENSIC,top,1505,1368,1521,0,0,0,0,0,0,0,0,1,1,0,427,1,1,152.96,1,0,2,0,0,0,0,3,95456,90628,46359,12171,8187,4597,324,34756
B4D12_FORENSIC,top,10945,1434,1590,0,0,0,0,0,0,0,0,1,1,0,433,1,1,171.35,1,0,2,0,0,0,0,3,118777,97492,30628,9609,5528,14748,1417,24764
B4D12_FORENSIC,top,1098,1511,1599,0,0,0,0,0,0,0,0,1,1,0,401,1,1,201.36,1,0,2,0,0,0,0,3,102310,92188,27797,6844,295,10559,1441,24719
B4D12_FORENSIC,top,386,1443,1553,0,0,0,0,0,0,0,0,1,1,0,423,1,1,268.01,1,0,2,0,0,0,0,2,158466,137518,20818,6819,8210,18232,327,30214
B4D12_FORENSIC,top,1610,1528,1648,0,0,0,0,0,0,0,0,1,1,0,431,1,1,149.44,1,0,2,0,0,0,0,3,91686,73492,26600,6801,294,5136,318,24849
B4D12_FORENSIC,top,7050,1462,1645,0,0,0,0,0,0,0,0,1,1,0,353,1,1,97.51,1,0,2,0,0,0,0,3,61628,56880,29707,3463,5672,5133,319,24849
B4D12_FORENSIC,top,8820,1415,1526,0,0,0,0,0,0,0,0,1,1,0,403,1,0,98.72,0,0,2,0,0,0,0,3,107704,76396,37791,25556,2968,34491,0,0
B4D12_FORENSIC,top,8343,1551,1682,0,0,0,0,0,0,0,0,1,1,0,477,1,1,355.00,1,0,2,0,0,0,0,3,162298,146766,40558,3409,5672,23767,6757,45405
B4D12_FORENSIC,top,6954,2546,2686,0,0,0,0,0,0,0,0,2,2,0,722,2,1,474.11,1,0,2,1,0,0,0,2,329672,279774,106506,24840,11221,35843,1452,24957
B4D12_FORENSIC,top,7603,1356,1488,0,0,0,0,0,0,0,0,1,1,0,409,1,1,192.86,1,0,2,1,0,0,0,3,103984,86378,40710,9488,2978,10390,329,29882
B4D12_FORENSIC,top,7248,1470,1574,0,0,0,0,0,0,0,0,1,1,0,319,1,0,48.70,0,0,2,0,0,0,0,3,52506,45068,39610,4165,8189,5881,0,0
B4D12_FORENSIC,top,9705,2703,2817,0,0,0,0,0,0,0,0,3,3,0,999,3,1,497.98,1,0,2,1,0,0,0,3,343297,290344,155206,28416,11507,37070,312,27406
B4D12_FORENSIC,top,12445,2617,2745,0,0,0,0,0,0,0,0,3,3,0,1131,3,1,471.92,1,0,2,1,0,0,0,3,335566,285279,121706,28130,11508,34676,710,24915
B4D12_FORENSIC,top,13706,1360,1490,0,0,0,0,0,0,0,0,1,1,0,425,1,1,147.18,1,0,2,0,0,0,0,3,81698,71538,26152,5843,316,2551,321,32009
B4D12_FORENSIC,top,302,1372,1504,0,0,0,0,0,0,0,0,1,1,0,419,1,1,195.27,1,0,2,0,0,0,0,3,104854,97408,26602,6130,3008,7971,330,33097
B4D12_FORENSIC,top,1878,1397,1480,0,0,0,0,0,0,0,0,1,1,0,429,1,1,103.40,1,0,2,0,0,0,0,3,99432,89182,21395,9568,2990,7745,327,16455
B4D12_FORENSIC,top,12035,1388,1528,0,0,0,0,0,0,0,0,1,1,0,427,1,1,191.57,1,0,2,0,0,0,0,3,120042,107549,30716,12270,5682,4843,329,45791
B4D12_FORENSIC,top,1034,1431,1564,0,0,0,0,0,0,0,0,1,1,0,401,1,1,179.81,1,0,2,0,0,0,0,3,97252,79068,26396,4121,312,10677,322,19501
B4D12_FORENSIC,top,1415,1360,1494,0,0,0,0,0,0,0,0,1,1,0,425,1,1,149.12,1,0,2,0,0,0,0,3,107647,91986,27217,12007,2988,2555,330,29884
B4D12_FORENSIC,top,709,2611,2722,0,0,0,0,0,0,0,0,2,2,0,878,2,1,492.06,1,0,2,1,0,0,0,2,346949,293595,107182,28263,11220,34534,1453,24659
B4D12_FORENSIC,top,714,1416,1491,0,0,0,0,0,0,0,0,0,0,0,0,0,0,0.00,0,0,2,1,0,0,0,3,2111,0,44992,0,0,0,0,0
B4D12_FORENSIC,top,7147,1380,1509,0,0,0,0,0,0,0,0,1,1,0,321,1,0,26.47,0,0,2,0,0,0,0,4,62176,36986,49120,6811,8215,5813,0,0
B4D12_FORENSIC,top,8014,2653,2793,0,0,0,0,0,0,0,0,3,3,0,1113,3,1,460.70,1,0,2,1,0,0,0,3,331232,283422,120021,29350,11498,35787,1430,24954
B4D12_FORENSIC,top,1802,1509,1642,0,0,0,0,0,0,0,0,1,1,0,431,1,1,163.90,1,0,2,0,0,0,0,3,83539,76164,30894,4210,3037,12930,696,24875
B4D12_FORENSIC,top,10160,1369,1514,0,0,0,0,0,0,0,0,1,1,0,423,1,1,161.62,1,0,2,0,0,0,0,3,98694,85750,33140,12170,8225,15861,329,29294
B4D12_FORENSIC,top,10250,1424,1561,0,0,0,0,0,0,0,0,1,1,0,429,1,1,163.55,1,0,2,0,0,0,0,3,99700,81841,29763,4680,8290,5248,322,24509
B4D12_FORENSIC,top,13130,1489,1630,0,0,0,0,0,0,0,0,1,1,0,423,1,1,173.18,1,0,2,1,0,0,0,3,113628,98148,31031,6903,5721,2578,323,25139
B4D12_FORENSIC,top,6603,2686,2824,0,0,0,0,0,0,0,0,3,3,0,2445,3,1,564.13,1,0,2,1,0,0,0,3,381913,328972,121786,28469,11525,39479,3069,24802
B4D12_FORENSIC,top,13623,2672,2757,0,0,0,0,0,0,0,0,3,3,0,1351,3,1,520.65,1,0,2,1,0,0,0,3,362915,306781,124421,30963,11873,38293,1453,24470
B4D12_FORENSIC,top,10655,1389,1522,0,0,0,0,0,0,0,0,1,1,0,477,1,1,239.25,1,0,2,1,0,0,0,3,117876,113054,35219,3505,5500,5868,334,51086
B4D12_FORENSIC,top,328,1452,1555,0,0,0,0,0,0,0,0,1,1,0,425,1,1,240.63,1,0,2,0,0,0,0,2,137402,121878,22879,6312,5654,13967,1447,24706
B4D12_FORENSIC,top,11328,2335,2482,0,0,0,0,0,0,0,0,3,3,0,1581,3,1,431.82,1,0,2,1,0,0,0,3,326206,272852,108220,31454,11460,38027,4113,24831
B4D12_FORENSIC,top,7053,1399,1537,0,0,0,0,0,0,0,0,1,1,0,353,1,0,61.88,0,0,2,0,0,0,0,3,54051,41200,35174,6131,2962,5303,0,0
B4D12_FORENSIC,top,8403,1616,1754,0,0,0,0,0,0,0,0,1,1,0,419,1,1,375.84,1,0,2,1,0,0,0,2,201673,175380,30774,5932,10964,29138,1455,61066
B4D12_FORENSIC,top,3526,1374,1505,0,0,0,0,0,0,0,0,1,1,0,353,1,1,195.68,1,0,2,0,0,0,0,3,96476,83574,61868,2988,2972,2451,1455,44259
B4D12_FORENSIC,top,12496,1373,1512,0,0,0,0,0,0,0,0,1,1,0,357,1,1,216.50,1,0,2,0,0,0,0,3,107016,102203,49569,3337,2990,15862,338,32880
B4D12_FORENSIC,top,1676,1429,1569,0,0,0,0,0,0,0,0,1,1,0,419,1,1,254.91,1,0,2,0,0,0,0,3,132378,119520,33942,4154,5672,18744,709,24888
B4D12_FORENSIC,top,11748,2720,2853,0,0,0,0,0,0,0,0,3,3,0,2013,3,2,557.85,1,0,2,1,0,0,0,3,376021,319824,120412,27302,11540,36518,1738,43693
B4D12_FORENSIC,top,1839,1361,1494,0,0,0,0,0,0,0,0,1,1,0,419,1,1,259.72,1,0,2,0,0,0,0,3,131502,121282,31527,6854,5672,21052,324,40580
B4D12_FORENSIC,top,10096,1477,1625,0,0,0,0,0,0,0,0,1,1,0,421,1,1,286.08,1,0,2,1,0,0,0,3,148802,135934,24381,6816,8210,13365,2938,47246
B4D12_FORENSIC,top,11774,1355,1481,0,0,0,0,0,0,0,0,1,1,0,427,1,1,199.88,1,0,2,0,0,0,0,3,92598,85052,38698,2937,2972,15623,4140,32630
B4D12_FORENSIC,top,3475,2700,2852,0,0,0,0,0,0,0,0,3,3,0,1873,3,2,580.55,1,0,2,1,0,0,0,3,387370,331690,123179,29033,11511,39233,594,40949
B4D12_FORENSIC,top,8305,2609,2738,0,0,0,0,0,0,0,0,3,3,0,1429,3,1,468.56,1,0,2,1,0,0,0,3,342622,289396,131886,28970,11864,32510,315,24724
B4D12_FORENSIC,top,6652,1385,1517,0,0,0,0,0,0,0,0,1,1,0,773,1,1,268.32,1,0,2,0,0,0,0,2,159956,149628,21999,18746,5686,7861,3028,40804
B4D12_FORENSIC,top,1842,1412,1546,0,0,0,0,0,0,0,0,1,1,0,419,1,0,101.09,0,0,2,0,0,0,0,3,79082,58056,33962,11400,2968,27021,0,0
B4D12_FORENSIC,miss,187,2444,2526,0,0,0,0,0,0,0,0,3,3,0,1287,3,1,460.00,1,0,2,1,0,0,0,3,331174,283413,124182,27183,11492,30417,1415,24786
B4D12_FORENSIC,miss,328,1452,1555,0,0,0,0,0,0,0,0,1,1,0,425,1,1,240.63,1,0,2,0,0,0,0,2,137402,121878,22879,6312,5654,13967,1447,24706
B4D12_FORENSIC,miss,709,2611,2722,0,0,0,0,0,0,0,0,2,2,0,878,2,1,492.06,1,0,2,1,0,0,0,2,346949,293595,107182,28263,11220,34534,1453,24659
B4D12_FORENSIC,miss,878,2450,2596,0,0,0,0,0,0,0,0,3,3,0,1193,3,1,458.34,1,0,2,1,0,0,0,3,328023,280346,110337,31947,11495,34043,315,24820
B4D12_FORENSIC,miss,1098,1511,1599,0,0,0,0,0,0,0,0,1,1,0,401,1,1,201.36,1,0,2,0,0,0,0,3,102310,92188,27797,6844,295,10559,1441,24719
B4D12_FORENSIC,miss,1290,2687,2827,0,0,0,0,0,0,0,0,2,2,0,942,2,1,429.14,1,0,2,1,0,0,0,2,323402,270148,108002,37448,11232,32346,318,24830
B4D12_FORENSIC,miss,1507,1468,1591,0,0,0,0,0,0,0,0,1,1,0,427,1,0,113.31,0,0,2,0,0,0,0,3,97029,86834,25335,9466,5700,10381,0,0
B4D12_FORENSIC,miss,1610,1528,1648,0,0,0,0,0,0,0,0,1,1,0,431,1,1,149.44,1,0,2,0,0,0,0,3,91686,73492,26600,6801,294,5136,318,24849
B4D12_FORENSIC,miss,1802,1509,1642,0,0,0,0,0,0,0,0,1,1,0,431,1,1,163.90,1,0,2,0,0,0,0,3,83539,76164,30894,4210,3037,12930,696,24875
B4D12_FORENSIC,miss,3475,2700,2852,0,0,0,0,0,0,0,0,3,3,0,1873,3,2,580.55,1,0,2,1,0,0,0,3,387370,331690,123179,29033,11511,39233,594,40949
B4D12_FORENSIC,miss,3750,1455,1579,0,0,0,0,0,0,0,0,1,1,0,321,1,0,23.06,0,0,2,0,0,0,0,3,56966,46610,35298,6866,5690,7256,0,0
B4D12_FORENSIC,miss,6603,2686,2824,0,0,0,0,0,0,0,0,3,3,0,2445,3,1,564.13,1,0,2,1,0,0,0,3,381913,328972,121786,28469,11525,39479,3069,24802
B4D12_FORENSIC,miss,6954,2546,2686,0,0,0,0,0,0,0,0,2,2,0,722,2,1,474.11,1,0,2,1,0,0,0,2,329672,279774,106506,24840,11221,35843,1452,24957
B4D12_FORENSIC,miss,7050,1462,1645,0,0,0,0,0,0,0,0,1,1,0,353,1,1,97.51,1,0,2,0,0,0,0,3,61628,56880,29707,3463,5672,5133,319,24849
B4D12_FORENSIC,miss,7248,1470,1574,0,0,0,0,0,0,0,0,1,1,0,319,1,0,48.70,0,0,2,0,0,0,0,3,52506,45068,39610,4165,8189,5881,0,0
B4D12_FORENSIC,miss,8014,2653,2793,0,0,0,0,0,0,0,0,3,3,0,1113,3,1,460.70,1,0,2,1,0,0,0,3,331232,283422,120021,29350,11498,35787,1430,24954
B4D12_FORENSIC,miss,8305,2609,2738,0,0,0,0,0,0,0,0,3,3,0,1429,3,1,468.56,1,0,2,1,0,0,0,3,342622,289396,131886,28970,11864,32510,315,24724
B4D12_FORENSIC,miss,8343,1551,1682,0,0,0,0,0,0,0,0,1,1,0,477,1,1,355.00,1,0,2,0,0,0,0,3,162298,146766,40558,3409,5672,23767,6757,45405
B4D12_FORENSIC,miss,8403,1616,1754,0,0,0,0,0,0,0,0,1,1,0,419,1,1,375.84,1,0,2,1,0,0,0,2,201673,175380,30774,5932,10964,29138,1455,61066
B4D12_FORENSIC,miss,8978,2365,2508,0,0,0,0,0,0,0,0,3,3,0,1015,3,1,394.98,1,0,2,1,0,0,0,3,297025,243483,115193,33480,11597,32536,318,24724
B4D12_FORENSIC,miss,9705,2703,2817,0,0,0,0,0,0,0,0,3,3,0,999,3,1,497.98,1,0,2,1,0,0,0,3,343297,290344,155206,28416,11507,37070,312,27406
B4D12_FORENSIC,miss,9882,2064,2205,0,0,0,0,0,0,0,0,3,3,0,981,3,1,410.34,1,0,2,1,0,0,0,3,268159,231295,68182,25243,11476,30208,1449,24745
B4D12_FORENSIC,miss,9974,2646,2757,0,0,0,0,0,0,0,0,3,3,0,1611,3,2,570.63,1,1,2,1,0,0,0,3,384291,328563,108037,44733,11538,35425,604,59828
B4D12_FORENSIC,miss,10096,1477,1625,0,0,0,0,0,0,0,0,1,1,0,421,1,1,286.08,1,0,2,1,0,0,0,3,148802,135934,24381,6816,8210,13365,2938,47246
B4D12_FORENSIC,miss,10524,2640,2779,0,0,0,0,0,0,0,0,3,3,0,1245,3,1,492.22,1,0,2,1,0,0,0,3,337124,289513,130444,31540,11568,34021,1436,24979
B4D12_FORENSIC,miss,10533,1474,1556,0,0,0,0,0,0,0,0,1,1,0,431,1,1,278.91,1,0,2,1,0,0,0,3,151389,138434,43404,3498,3386,26151,327,24794
B4D12_FORENSIC,miss,10808,2534,2666,0,0,0,0,0,0,0,0,3,3,0,989,3,1,464.43,1,0,2,1,0,0,0,2,336998,292007,109635,35877,8869,38065,1451,24729
B4D12_FORENSIC,miss,11328,2335,2482,0,0,0,0,0,0,0,0,3,3,0,1581,3,1,431.82,1,0,2,1,0,0,0,3,326206,272852,108220,31454,11460,38027,4113,24831
B4D12_FORENSIC,miss,11748,2720,2853,0,0,0,0,0,0,0,0,3,3,0,2013,3,2,557.85,1,0,2,1,0,0,0,3,376021,319824,120412,27302,11540,36518,1738,43693
B4D12_FORENSIC,miss,12445,2617,2745,0,0,0,0,0,0,0,0,3,3,0,1131,3,1,471.92,1,0,2,1,0,0,0,3,335566,285279,121706,28130,11508,34676,710,24915
B4D12_FORENSIC,miss,13130,1489,1630,0,0,0,0,0,0,0,0,1,1,0,423,1,1,173.18,1,0,2,1,0,0,0,3,113628,98148,31031,6903,5721,2578,323,25139
B4D12_FORENSIC,miss,13623,2672,2757,0,0,0,0,0,0,0,0,3,3,0,1351,3,1,520.65,1,0,2,1,0,0,0,3,362915,306781,124421,30963,11873,38293,1453,24470
B4D12_GRAIN_HEADER set,block,ordinal,source_center,destination_center,half,model_timestamp,model_order,lambda_bits,gamma_bits,sample_rate_bits,norm_strategy,cache_path,local_difference,shared_difference,addgrain_cycles,select_cycles,model_near_cycles,cache_lookup_cycles,polynomial_cycles,gain_cycles
B4D12_GRAIN,top,187,0,3192284,3193695,212,3193087,16,0,1065101558,1194083328,2,4,10,10,243256,16199,27924,10920,1415,24786
B4D12_GRAIN,top,187,1,3192499,3193863,215,3193087,16,0,1065101558,1194083328,2,1,0,0,33133,8305,1302,1770,0,0
B4D12_GRAIN,top,187,2,3192499,3194031,215,3193087,16,0,1065101558,1194083328,2,1,0,0,7024,2637,1191,208,0,0
B4D12_GRAIN,top,9882,0,3812847,3814298,163,3812863,16,0,1065101558,1194083328,2,4,10,10,192754,17485,24443,7053,1449,24745
B4D12_GRAIN,top,9882,1,3812847,3814429,163,3812863,16,0,1065101558,1194083328,2,1,0,0,29177,4011,2931,1753,0,0
B4D12_GRAIN,top,9882,2,3812847,3814560,163,3812863,16,0,1065101558,1194083328,2,1,0,0,9364,3708,2834,217,0,0
B4D12_GRAIN,top,1290,0,3262844,3264442,235,3263743,16,0,1065101558,1194083328,2,4,10,10,242623,33461,30908,8196,318,24830
B4D12_GRAIN,top,1290,1,3262844,3264628,235,3263743,16,0,1065101558,1194083328,2,1,0,0,27525,3959,1438,1781,0,0
B4D12_GRAIN,top,9974,0,3818776,3820068,284,3818623,16,0,1065101558,1194083328,2,4,10,10,258948,26697,30231,9755,325,43741
B4D12_GRAIN,top,9974,1,3818776,3820281,284,3818623,16,0,1065101558,1194083328,2,1,0,0,40930,14285,2969,1753,0,0
B4D12_GRAIN,top,9974,2,3819012,3820494,236,3819007,16,0,1065101558,1194083328,2,4,10,10,28685,3712,2225,2798,279,16087
B4D12_GRAIN,top,10524,0,3853915,3855295,201,3854335,16,0,1065101558,1194083328,2,4,10,10,252956,24954,30185,10878,1436,24979
B4D12_GRAIN,top,10524,1,3854125,3855456,210,3854335,16,0,1065101558,1194083328,2,1,0,0,28637,3480,1975,1749,0,0
B4D12_GRAIN,top,10524,2,3854125,3855616,210,3854335,16,0,1065101558,1194083328,2,1,0,0,7920,3064,1861,203,0,0
B4D12_GRAIN,top,8978,0,3755033,3756380,174,3755647,16,0,1065101558,1194083328,2,4,10,10,204082,23040,29423,9745,318,24724
B4D12_GRAIN,top,8978,1,3755033,3756505,174,3755647,16,0,1065101558,1194083328,2,1,0,0,26141,4233,1628,2826,0,0
B4D12_GRAIN,top,8978,2,3755191,3756630,158,3755647,16,0,1065101558,1194083328,2,1,0,0,13260,6165,1485,212,0,0
B4D12_GRAIN,top,10808,0,3872170,3873524,181,3872767,16,0,1065101558,1194083328,2,4,10,10,256462,28253,35229,8190,1451,24729
B4D12_GRAIN,top,10808,1,3872326,3873674,156,3872767,16,0,1065101558,1194083328,2,1,0,0,27787,4000,1474,1764,0,0
B4D12_GRAIN,top,10808,2,3872326,3873823,156,3872767,16,0,1065101558,1194083328,2,1,0,0,7758,3582,1362,196,0,0
B4D12_GRAIN,top,878,0,3236643,3238015,199,3237247,16,0,1065101558,1194083328,2,4,10,10,245504,25326,31139,5537,315,24820
B4D12_GRAIN,top,878,1,3236841,3238176,198,3237247,16,0,1065101558,1194083328,2,1,0,0,27550,3465,1517,1755,0,0
B4D12_GRAIN,top,878,2,3236841,3238336,198,3237247,16,0,1065101558,1194083328,2,1,0,0,7292,3112,1387,206,0,0
B4D12_GRAIN,top,6954,0,3625601,3626939,180,3625855,16,0,1065101558,1194083328,2,4,10,10,252982,21975,33885,7063,1452,24957
B4D12_GRAIN,top,6954,1,3625601,3627082,180,3625855,16,0,1065101558,1194083328,2,1,0,0,26792,2837,1958,1754,0,0
B4D12_GRAIN,top,9705,0,3801559,3802947,162,3802111,16,0,1065101558,1194083328,2,4,10,10,258130,23981,34562,10935,312,27406
B4D12_GRAIN,top,9705,1,3801727,3803079,168,3802111,16,0,1065101558,1194083328,2,1,0,0,26150,2352,1318,1750,0,0
B4D12_GRAIN,top,9705,2,3801727,3803211,168,3802111,16,0,1065101558,1194083328,2,1,0,0,6064,2041,1190,208,0,0
B4D12_GRAIN,top,12445,0,3976844,3978255,180,3977599,16,0,1065101558,1194083328,2,4,10,10,245200,16577,32223,9749,710,24915
B4D12_GRAIN,top,12445,1,3977021,3978398,187,3977599,16,0,1065101558,1194083328,2,1,0,0,32964,8616,1276,1778,0,0
B4D12_GRAIN,top,12445,2,3977218,3978541,197,3977599,16,0,1065101558,1194083328,2,1,0,0,7115,2895,1177,204,0,0
B4D12_GRAIN,top,709,0,3225883,3227214,219,3226495,16,0,1065101558,1194083328,2,4,10,10,266320,24859,33257,10909,1453,24659
B4D12_GRAIN,top,709,1,3225883,3227373,219,3226495,16,0,1065101558,1194083328,2,1,0,0,27275,3376,1277,1779,0,0
B4D12_GRAIN,top,8014,0,3693349,3694720,185,3693823,16,0,1065101558,1194083328,2,4,10,10,253376,24329,33338,7071,1430,24954
B4D12_GRAIN,top,8014,1,3693534,3694866,185,3693823,16,0,1065101558,1194083328,2,1,0,0,23750,2686,1262,1757,0,0
B4D12_GRAIN,top,8014,2,3693534,3695011,185,3693823,16,0,1065101558,1194083328,2,1,0,0,6296,2293,1187,199,0,0
B4D12_GRAIN,top,6603,0,3602851,3604185,407,3603199,16,0,1065101558,1194083328,2,4,10,10,292428,24004,35613,16367,3069,24802
B4D12_GRAIN,top,6603,1,3602851,3604514,407,3603199,16,0,1065101558,1194083328,2,1,0,0,29392,2415,1986,1761,0,0
B4D12_GRAIN,top,6603,2,3602851,3604844,407,3603199,16,0,1065101558,1194083328,2,1,0,0,7152,2011,1880,207,0,0
B4D12_GRAIN,top,13623,0,4052204,4053615,222,4052863,16,0,1065101558,1194083328,2,4,10,10,262644,18268,35813,12445,1453,24470
B4D12_GRAIN,top,13623,1,4052426,4053795,225,4052863,16,0,1065101558,1194083328,2,1,0,0,37650,10350,1278,1754,0,0
B4D12_GRAIN,top,13623,2,4052653,4053974,227,4052863,16,0,1065101558,1194083328,2,1,0,0,6487,2303,1202,203,0,0
B4D12_GRAIN,top,11328,0,3905346,3906709,263,3905791,16,0,1065101558,1194083328,2,4,10,10,236022,24968,34159,8198,4113,24831
B4D12_GRAIN,top,11328,1,3905609,3906923,263,3905791,16,0,1065101558,1194083328,2,1,0,0,29070,3426,1977,1768,0,0
B4D12_GRAIN,top,11328,2,3905609,3907137,263,3905791,16,0,1065101558,1194083328,2,1,0,0,7760,3021,1891,218,0,0
B4D12_GRAIN,top,11748,0,3932204,3933650,585,3932287,16,0,1065101558,1194083328,2,4,10,10,260982,21862,31938,9763,1445,24582
B4D12_GRAIN,top,11748,1,3932414,3933816,210,3932287,16,0,1065101558,1194083328,2,1,0,0,28470,2840,2652,1769,0,0
B4D12_GRAIN,top,11748,2,3932624,3933982,210,3932671,16,0,1065101558,1194083328,2,4,10,10,30372,2558,1928,2800,293,19111
B4D12_GRAIN,top,3475,0,3402764,3404217,571,3402751,16,0,1065101558,1194083328,2,4,10,10,277092,24047,35158,12481,325,24765
B4D12_GRAIN,top,3475,1,3402945,3404360,182,3403135,16,0,1065101558,1194083328,2,4,10,10,28698,2613,2059,2807,269,16184
B4D12_GRAIN,top,3475,2,3403127,3404504,182,3403135,16,0,1065101558,1194083328,2,1,0,0,25900,2331,2016,1777,0,0
B4D12_GRAIN,top,8305,0,3711882,3713244,237,3712255,16,0,1065101558,1194083328,2,4,10,10,252284,22376,28666,7055,315,24724
B4D12_GRAIN,top,8305,1,3712118,3713433,238,3712255,16,0,1065101558,1194083328,2,1,0,0,29046,3459,1968,1759,0,0
B4D12_GRAIN,top,8305,2,3712118,3713622,238,3712255,16,0,1065101558,1194083328,2,1,0,0,8066,3093,1876,201,0,0
B4D12_GRAIN,miss,187,0,3192284,3193695,212,3193087,16,0,1065101558,1194083328,2,4,10,10,243256,16199,27924,10920,1415,24786
B4D12_GRAIN,miss,187,1,3192499,3193863,215,3193087,16,0,1065101558,1194083328,2,1,0,0,33133,8305,1302,1770,0,0
B4D12_GRAIN,miss,187,2,3192499,3194031,215,3193087,16,0,1065101558,1194083328,2,1,0,0,7024,2637,1191,208,0,0
B4D12_GRAIN,miss,709,0,3225883,3227214,219,3226495,16,0,1065101558,1194083328,2,4,10,10,266320,24859,33257,10909,1453,24659
B4D12_GRAIN,miss,709,1,3225883,3227373,219,3226495,16,0,1065101558,1194083328,2,1,0,0,27275,3376,1277,1779,0,0
B4D12_GRAIN,miss,878,0,3236643,3238015,199,3237247,16,0,1065101558,1194083328,2,4,10,10,245504,25326,31139,5537,315,24820
B4D12_GRAIN,miss,878,1,3236841,3238176,198,3237247,16,0,1065101558,1194083328,2,1,0,0,27550,3465,1517,1755,0,0
B4D12_GRAIN,miss,878,2,3236841,3238336,198,3237247,16,0,1065101558,1194083328,2,1,0,0,7292,3112,1387,206,0,0
B4D12_GRAIN,miss,1290,0,3262844,3264442,235,3263743,16,0,1065101558,1194083328,2,4,10,10,242623,33461,30908,8196,318,24830
B4D12_GRAIN,miss,1290,1,3262844,3264628,235,3263743,16,0,1065101558,1194083328,2,1,0,0,27525,3959,1438,1781,0,0
B4D12_GRAIN,miss,3475,0,3402764,3404217,571,3402751,16,0,1065101558,1194083328,2,4,10,10,277092,24047,35158,12481,325,24765
B4D12_GRAIN,miss,3475,1,3402945,3404360,182,3403135,16,0,1065101558,1194083328,2,4,10,10,28698,2613,2059,2807,269,16184
B4D12_GRAIN,miss,3475,2,3403127,3404504,182,3403135,16,0,1065101558,1194083328,2,1,0,0,25900,2331,2016,1777,0,0
B4D12_GRAIN,miss,6603,0,3602851,3604185,407,3603199,16,0,1065101558,1194083328,2,4,10,10,292428,24004,35613,16367,3069,24802
B4D12_GRAIN,miss,6603,1,3602851,3604514,407,3603199,16,0,1065101558,1194083328,2,1,0,0,29392,2415,1986,1761,0,0
B4D12_GRAIN,miss,6603,2,3602851,3604844,407,3603199,16,0,1065101558,1194083328,2,1,0,0,7152,2011,1880,207,0,0
B4D12_GRAIN,miss,6954,0,3625601,3626939,180,3625855,16,0,1065101558,1194083328,2,4,10,10,252982,21975,33885,7063,1452,24957
B4D12_GRAIN,miss,6954,1,3625601,3627082,180,3625855,16,0,1065101558,1194083328,2,1,0,0,26792,2837,1958,1754,0,0
B4D12_GRAIN,miss,8014,0,3693349,3694720,185,3693823,16,0,1065101558,1194083328,2,4,10,10,253376,24329,33338,7071,1430,24954
B4D12_GRAIN,miss,8014,1,3693534,3694866,185,3693823,16,0,1065101558,1194083328,2,1,0,0,23750,2686,1262,1757,0,0
B4D12_GRAIN,miss,8014,2,3693534,3695011,185,3693823,16,0,1065101558,1194083328,2,1,0,0,6296,2293,1187,199,0,0
B4D12_GRAIN,miss,8305,0,3711882,3713244,237,3712255,16,0,1065101558,1194083328,2,4,10,10,252284,22376,28666,7055,315,24724
B4D12_GRAIN,miss,8305,1,3712118,3713433,238,3712255,16,0,1065101558,1194083328,2,1,0,0,29046,3459,1968,1759,0,0
B4D12_GRAIN,miss,8305,2,3712118,3713622,238,3712255,16,0,1065101558,1194083328,2,1,0,0,8066,3093,1876,201,0,0
B4D12_GRAIN,miss,8978,0,3755033,3756380,174,3755647,16,0,1065101558,1194083328,2,4,10,10,204082,23040,29423,9745,318,24724
B4D12_GRAIN,miss,8978,1,3755033,3756505,174,3755647,16,0,1065101558,1194083328,2,1,0,0,26141,4233,1628,2826,0,0
B4D12_GRAIN,miss,8978,2,3755191,3756630,158,3755647,16,0,1065101558,1194083328,2,1,0,0,13260,6165,1485,212,0,0
B4D12_GRAIN,miss,9705,0,3801559,3802947,162,3802111,16,0,1065101558,1194083328,2,4,10,10,258130,23981,34562,10935,312,27406
B4D12_GRAIN,miss,9705,1,3801727,3803079,168,3802111,16,0,1065101558,1194083328,2,1,0,0,26150,2352,1318,1750,0,0
B4D12_GRAIN,miss,9705,2,3801727,3803211,168,3802111,16,0,1065101558,1194083328,2,1,0,0,6064,2041,1190,208,0,0
B4D12_GRAIN,miss,9882,0,3812847,3814298,163,3812863,16,0,1065101558,1194083328,2,4,10,10,192754,17485,24443,7053,1449,24745
B4D12_GRAIN,miss,9882,1,3812847,3814429,163,3812863,16,0,1065101558,1194083328,2,1,0,0,29177,4011,2931,1753,0,0
B4D12_GRAIN,miss,9882,2,3812847,3814560,163,3812863,16,0,1065101558,1194083328,2,1,0,0,9364,3708,2834,217,0,0
B4D12_GRAIN,miss,9974,0,3818776,3820068,284,3818623,16,0,1065101558,1194083328,2,4,10,10,258948,26697,30231,9755,325,43741
B4D12_GRAIN,miss,9974,1,3818776,3820281,284,3818623,16,0,1065101558,1194083328,2,1,0,0,40930,14285,2969,1753,0,0
B4D12_GRAIN,miss,9974,2,3819012,3820494,236,3819007,16,0,1065101558,1194083328,2,4,10,10,28685,3712,2225,2798,279,16087
B4D12_GRAIN,miss,10524,0,3853915,3855295,201,3854335,16,0,1065101558,1194083328,2,4,10,10,252956,24954,30185,10878,1436,24979
B4D12_GRAIN,miss,10524,1,3854125,3855456,210,3854335,16,0,1065101558,1194083328,2,1,0,0,28637,3480,1975,1749,0,0
B4D12_GRAIN,miss,10524,2,3854125,3855616,210,3854335,16,0,1065101558,1194083328,2,1,0,0,7920,3064,1861,203,0,0
B4D12_GRAIN,miss,10808,0,3872170,3873524,181,3872767,16,0,1065101558,1194083328,2,4,10,10,256462,28253,35229,8190,1451,24729
B4D12_GRAIN,miss,10808,1,3872326,3873674,156,3872767,16,0,1065101558,1194083328,2,1,0,0,27787,4000,1474,1764,0,0
B4D12_GRAIN,miss,10808,2,3872326,3873823,156,3872767,16,0,1065101558,1194083328,2,1,0,0,7758,3582,1362,196,0,0
B4D12_GRAIN,miss,11328,0,3905346,3906709,263,3905791,16,0,1065101558,1194083328,2,4,10,10,236022,24968,34159,8198,4113,24831
B4D12_GRAIN,miss,11328,1,3905609,3906923,263,3905791,16,0,1065101558,1194083328,2,1,0,0,29070,3426,1977,1768,0,0
B4D12_GRAIN,miss,11328,2,3905609,3907137,263,3905791,16,0,1065101558,1194083328,2,1,0,0,7760,3021,1891,218,0,0
B4D12_GRAIN,miss,11748,0,3932204,3933650,585,3932287,16,0,1065101558,1194083328,2,4,10,10,260982,21862,31938,9763,1445,24582
B4D12_GRAIN,miss,11748,1,3932414,3933816,210,3932287,16,0,1065101558,1194083328,2,1,0,0,28470,2840,2652,1769,0,0
B4D12_GRAIN,miss,11748,2,3932624,3933982,210,3932671,16,0,1065101558,1194083328,2,4,10,10,30372,2558,1928,2800,293,19111
B4D12_GRAIN,miss,12445,0,3976844,3978255,180,3977599,16,0,1065101558,1194083328,2,4,10,10,245200,16577,32223,9749,710,24915
B4D12_GRAIN,miss,12445,1,3977021,3978398,187,3977599,16,0,1065101558,1194083328,2,1,0,0,32964,8616,1276,1778,0,0
B4D12_GRAIN,miss,12445,2,3977218,3978541,197,3977599,16,0,1065101558,1194083328,2,1,0,0,7115,2895,1177,204,0,0
B4D12_GRAIN,miss,13623,0,4052204,4053615,222,4052863,16,0,1065101558,1194083328,2,4,10,10,262644,18268,35813,12445,1453,24470
B4D12_GRAIN,miss,13623,1,4052426,4053795,225,4052863,16,0,1065101558,1194083328,2,1,0,0,37650,10350,1278,1754,0,0
B4D12_GRAIN,miss,13623,2,4052653,4053974,227,4052863,16,0,1065101558,1194083328,2,1,0,0,6487,2303,1202,203,0,0
B4D12_GRAIN_CLASS class=1 ordinal=0 count=1153 add_mean_cycles=73648.1 add_p50_bound=71680 add_p95_bound=105472 add_p99_bound=121856 add_max_cycles=175380 select_mean_cycles=6184.3 near_mean_cycles=6674.5 lookup_mean_cycles=1066.8 poly_mean_cycles=590.6 gain_mean_cycles=25784.9
B4D12_GRAIN_CACHE class=1 ordinal=0 no_lpc=0 local=0 shared=0 neutral=0 miss=1153 empty=0 timestamp=1153 order=0 coefficients=1153 lambda=0 gamma=0 rate=0 strategy=0
B4D12_GRAIN_CACHE class=1 ordinal=1 no_lpc=0 local=0 shared=0 neutral=0 miss=0 empty=0 timestamp=0 order=0 coefficients=0 lambda=0 gamma=0 rate=0 strategy=0
B4D12_GRAIN_CACHE class=1 ordinal=2 no_lpc=0 local=0 shared=0 neutral=0 miss=0 empty=0 timestamp=0 order=0 coefficients=0 lambda=0 gamma=0 rate=0 strategy=0
B4D12_GRAIN_CACHE class=1 ordinal=3 no_lpc=0 local=0 shared=0 neutral=0 miss=0 empty=0 timestamp=0 order=0 coefficients=0 lambda=0 gamma=0 rate=0 strategy=0
B4D12_GRAIN_CLASS class=2 ordinal=0 count=3 add_mean_cycles=253975.0 add_p50_bound=253952 add_p95_bound=267264 add_p99_bound=267264 add_max_cycles=266320 select_mean_cycles=26765.0 near_mean_cycles=32683.3 lookup_mean_cycles=8722.7 poly_mean_cycles=1074.3 gain_mean_cycles=24815.3
B4D12_GRAIN_CACHE class=2 ordinal=0 no_lpc=0 local=0 shared=0 neutral=0 miss=3 empty=0 timestamp=3 order=0 coefficients=3 lambda=0 gamma=0 rate=0 strategy=0
B4D12_GRAIN_CLASS class=2 ordinal=1 count=3 add_mean_cycles=27197.3 add_p50_bound=27648 add_p95_bound=27648 add_p99_bound=27648 add_max_cycles=27525 select_mean_cycles=3390.7 near_mean_cycles=1557.7 lookup_mean_cycles=1771.3 poly_mean_cycles=0.0 gain_mean_cycles=0.0
B4D12_GRAIN_CACHE class=2 ordinal=1 no_lpc=0 local=3 shared=0 neutral=0 miss=0 empty=0 timestamp=0 order=0 coefficients=0 lambda=0 gamma=0 rate=0 strategy=0
B4D12_GRAIN_CACHE class=2 ordinal=2 no_lpc=0 local=0 shared=0 neutral=0 miss=0 empty=0 timestamp=0 order=0 coefficients=0 lambda=0 gamma=0 rate=0 strategy=0
B4D12_GRAIN_CACHE class=2 ordinal=3 no_lpc=0 local=0 shared=0 neutral=0 miss=0 empty=0 timestamp=0 order=0 coefficients=0 lambda=0 gamma=0 rate=0 strategy=0
B4D12_GRAIN_CLASS class=3 ordinal=0 count=16 add_mean_cycles=249507.5 add_p50_bound=253952 add_p95_bound=292864 add_p99_bound=292864 add_max_cycles=292428 select_mean_cycles=22647.9 near_mean_cycles=31877.8 lookup_mean_cycles=9758.9 poly_mean_cycles=1242.6 gain_mean_cycles=26123.3
B4D12_GRAIN_CACHE class=3 ordinal=0 no_lpc=0 local=0 shared=0 neutral=0 miss=16 empty=0 timestamp=16 order=0 coefficients=16 lambda=0 gamma=0 rate=0 strategy=0
B4D12_GRAIN_CLASS class=3 ordinal=1 count=16 add_mean_cycles=29909.1 add_p50_bound=29696 add_p95_bound=40960 add_p99_bound=40960 add_max_cycles=40930 select_mean_cycles=5033.5 near_mean_cycles=1848.2 lookup_mean_cycles=1892.1 poly_mean_cycles=16.8 gain_mean_cycles=1011.5
B4D12_GRAIN_CACHE class=3 ordinal=1 no_lpc=0 local=15 shared=0 neutral=0 miss=1 empty=0 timestamp=1 order=0 coefficients=1 lambda=0 gamma=0 rate=0 strategy=0
B4D12_GRAIN_CLASS class=3 ordinal=2 count=16 add_mean_cycles=11657.2 add_p50_bound=8192 add_p95_bound=30720 add_p99_bound=30720 add_max_cycles=30372 select_mean_cycles=3032.9 near_mean_cycles=1668.2 lookup_mean_cycles=628.6 poly_mean_cycles=35.8 gain_mean_cycles=2199.9
B4D12_GRAIN_CACHE class=3 ordinal=2 no_lpc=0 local=14 shared=0 neutral=0 miss=2 empty=0 timestamp=2 order=0 coefficients=2 lambda=0 gamma=0 rate=0 strategy=0
B4D12_GRAIN_CACHE class=3 ordinal=3 no_lpc=0 local=0 shared=0 neutral=0 miss=0 empty=0 timestamp=0 order=0 coefficients=0 lambda=0 gamma=0 rate=0 strategy=0
B4D12_CASE name=mat_d_ensemble category=matrix seconds=20 voices=1 comp=1 delay=1 reverb=1 interval=4.0 control=none kind=19 f0=220.0 vocal=1 wall_s=20.006715 blocks=13787
B4D12_PHYSICAL name=mat_d_ensemble rx_blocks=13787 tx_blocks=13788 dsp_blocks=13788 rx_frames=882368 tx_frames=882432 effective_fs=44103.592 err_pct=0.0081
B4D12_TRANSPORT name=mat_d_ensemble rx_overruns=0 tx_underruns=0 dma_errors=0 actual_rx_dma_errors=0 actual_tx_dma_errors=0 read_failures=0 write_failures=0 rx_dropped_frames=0 tx_dropped_frames=0 rx_seq_gaps=0 tx_seq_gaps=0 nan_inf=0 rx_diag_ovf=2082 tx_diag_ovf=2081
B4D12_DSP name=mat_d_ensemble blocks=13787 avg_us=824.115 p50=846 p90=1154 p95=1223 p99=1331 p999=2534 p9999=2703 max=2720 misses=32 miss_per_block=0.00232103 miss_per_s=1.5995 miss_per_min=95.968 miss_per_hour=5758.07
B4D12_LATE name=mat_d_ensemble threshold_1200_blocks=889 max_consecutive_late=1 max_lateness_us=1269 cumulative_lateness_us=21712 late_events=32 late_events_dropped=0 recovery_pending=0
B4D12_LATENESS_HIST name=mat_d_ensemble le100=12 b100_250=1 b250_500=0 b500_1000=5 b1000_1500=14 gt1500=0
B4D12_CLASS name=mat_d_ensemble miss_nmc=3 miss_mc0=0 miss_mc1=10 miss_mc2=3 miss_mc3=16 blocks_nmc=12615 blocks_mc0=0 blocks_mc1=1153 blocks_mc2=3 blocks_mc3=16
B4D12_CLASS_DIST name=mat_d_ensemble class=nmc blocks=12615 mean_us=786.97 p50=734 p95=1142 p99=1259 p999=1392 max=1470
B4D12_CLASS_DIST name=mat_d_ensemble class=mc1 blocks=1153 mean_us=1201.89 p50=1201 p95=1354 p99=1443 p999=1551 max=1616
B4D12_CLASS_DIST name=mat_d_ensemble class=mc2 blocks=3 mean_us=2614.67 p50=2611 p95=2687 p99=2687 p999=2687 max=2687
B4D12_CLASS_DIST name=mat_d_ensemble class=mc3 blocks=16 mean_us=2552.38 p50=2617 p95=2720 p99=2720 p999=2720 max=2720
B4D12_CLASS_DIST name=mat_d_ensemble class=mc0 blocks=0 mean_us=0.00 p50=0 p95=0 p99=0 p999=0 max=0
B4D12_RECOVERY name=mat_d_ensemble pending=0 r0=0 r1=32 r2=0 r3=0 r4=0 r5=0 r6=0 r7=0
B4D12_BACKLOG name=mat_d_ensemble current_ms=1.474 avg_ms=1.938 p95_ms=5.442 p99_ms=5.442 max_ms=5.918
B4D12_FIFO name=mat_d_ensemble pushes=1016080 pops=1016064 drops=0 overflow_attempts=0 max_occ=93 avg_occ=8.710 current_occ=16
B4D12_LATE_EVENT name=mat_d_ensemble blk=187 dsp_us=2444 lateness_us=993 klass=3 mc=1 ng=3 ad=3 sl=3 prev_miss=0 next1=946 next2=1103 next3=976 recov=1 bl_before_ds=0 bl_after_ds=0
B4D12_LATE_EVENT name=mat_d_ensemble blk=328 dsp_us=1452 lateness_us=1 klass=1 mc=1 ng=1 ad=2 sl=2 prev_miss=0 next1=1124 next2=1305 next3=942 recov=1 bl_before_ds=4 bl_after_ds=0
B4D12_LATE_EVENT name=mat_d_ensemble blk=709 dsp_us=2611 lateness_us=1160 klass=2 mc=1 ng=2 ad=2 sl=2 prev_miss=0 next1=1169 next2=969 next3=1120 recov=1 bl_before_ds=0 bl_after_ds=0
B4D12_LATE_EVENT name=mat_d_ensemble blk=878 dsp_us=2450 lateness_us=999 klass=3 mc=1 ng=3 ad=3 sl=3 prev_miss=0 next1=1228 next2=1097 next3=1138 recov=1 bl_before_ds=0 bl_after_ds=1
B4D12_LATE_EVENT name=mat_d_ensemble blk=1098 dsp_us=1511 lateness_us=60 klass=1 mc=1 ng=1 ad=3 sl=3 prev_miss=0 next1=978 next2=934 next3=1121 recov=1 bl_before_ds=0 bl_after_ds=0
B4D12_LATE_EVENT name=mat_d_ensemble blk=1290 dsp_us=2687 lateness_us=1236 klass=2 mc=1 ng=2 ad=2 sl=2 prev_miss=0 next1=1030 next2=1077 next3=1162 recov=1 bl_before_ds=0 bl_after_ds=0
B4D12_LATE_EVENT name=mat_d_ensemble blk=1507 dsp_us=1468 lateness_us=17 klass=0 mc=0 ng=1 ad=3 sl=3 prev_miss=0 next1=1070 next2=968 next3=1380 recov=1 bl_before_ds=0 bl_after_ds=0
B4D12_LATE_EVENT name=mat_d_ensemble blk=1610 dsp_us=1528 lateness_us=77 klass=1 mc=1 ng=1 ad=3 sl=3 prev_miss=0 next1=1025 next2=1197 next3=994 recov=1 bl_before_ds=0 bl_after_ds=14
B4D12_LATE_EVENT name=mat_d_ensemble blk=1802 dsp_us=1509 lateness_us=58 klass=1 mc=1 ng=1 ad=3 sl=3 prev_miss=0 next1=1012 next2=1045 next3=1201 recov=1 bl_before_ds=0 bl_after_ds=14
B4D12_LATE_EVENT name=mat_d_ensemble blk=3475 dsp_us=2700 lateness_us=1249 klass=3 mc=1 ng=3 ad=3 sl=3 prev_miss=0 next1=1025 next2=1061 next3=960 recov=1 bl_before_ds=0 bl_after_ds=0
B4D12_LATE_EVENT name=mat_d_ensemble blk=3750 dsp_us=1455 lateness_us=4 klass=0 mc=0 ng=1 ad=3 sl=3 prev_miss=0 next1=1051 next2=1303 next3=1069 recov=1 bl_before_ds=0 bl_after_ds=0
B4D12_LATE_EVENT name=mat_d_ensemble blk=6603 dsp_us=2686 lateness_us=1235 klass=3 mc=1 ng=3 ad=3 sl=3 prev_miss=0 next1=1133 next2=830 next3=864 recov=1 bl_before_ds=0 bl_after_ds=14
B4D12_LATE_EVENT name=mat_d_ensemble blk=6954 dsp_us=2546 lateness_us=1095 klass=2 mc=1 ng=2 ad=2 sl=2 prev_miss=0 next1=1260 next2=962 next3=1063 recov=1 bl_before_ds=0 bl_after_ds=0
B4D12_LATE_EVENT name=mat_d_ensemble blk=7050 dsp_us=1462 lateness_us=11 klass=1 mc=1 ng=1 ad=3 sl=3 prev_miss=0 next1=1030 next2=931 next3=1399 recov=1 bl_before_ds=0 bl_after_ds=0
B4D12_LATE_EVENT name=mat_d_ensemble blk=7248 dsp_us=1470 lateness_us=19 klass=0 mc=0 ng=1 ad=3 sl=3 prev_miss=0 next1=1022 next2=1303 next3=977 recov=1 bl_before_ds=0 bl_after_ds=0
B4D12_LATE_EVENT name=mat_d_ensemble blk=8014 dsp_us=2653 lateness_us=1202 klass=3 mc=1 ng=3 ad=3 sl=3 prev_miss=0 next1=1052 next2=1067 next3=1123 recov=1 bl_before_ds=14 bl_after_ds=0
B4D12_LATE_EVENT name=mat_d_ensemble blk=8305 dsp_us=2609 lateness_us=1158 klass=3 mc=1 ng=3 ad=3 sl=3 prev_miss=0 next1=1086 next2=1070 next3=965 recov=1 bl_before_ds=0 bl_after_ds=0
B4D12_LATE_EVENT name=mat_d_ensemble blk=8343 dsp_us=1551 lateness_us=100 klass=1 mc=1 ng=1 ad=3 sl=3 prev_miss=0 next1=1097 next2=1066 next3=1136 recov=1 bl_before_ds=0 bl_after_ds=14
B4D12_LATE_EVENT name=mat_d_ensemble blk=8403 dsp_us=1616 lateness_us=165 klass=1 mc=1 ng=1 ad=2 sl=2 prev_miss=0 next1=974 next2=1059 next3=1079 recov=1 bl_before_ds=0 bl_after_ds=14
B4D12_LATE_EVENT name=mat_d_ensemble blk=8978 dsp_us=2365 lateness_us=914 klass=3 mc=1 ng=3 ad=3 sl=3 prev_miss=0 next1=1169 next2=1085 next3=1283 recov=1 bl_before_ds=0 bl_after_ds=14
B4D12_LATE_EVENT name=mat_d_ensemble blk=9705 dsp_us=2703 lateness_us=1252 klass=3 mc=1 ng=3 ad=3 sl=3 prev_miss=0 next1=1040 next2=1066 next3=1431 recov=1 bl_before_ds=5 bl_after_ds=0
B4D12_LATE_EVENT name=mat_d_ensemble blk=9882 dsp_us=2064 lateness_us=613 klass=3 mc=1 ng=3 ad=3 sl=3 prev_miss=0 next1=901 next2=1034 next3=873 recov=1 bl_before_ds=0 bl_after_ds=4
B4D12_LATE_EVENT name=mat_d_ensemble blk=9974 dsp_us=2646 lateness_us=1195 klass=3 mc=1 ng=3 ad=3 sl=3 prev_miss=0 next1=1165 next2=970 next3=1327 recov=1 bl_before_ds=0 bl_after_ds=14
B4D12_LATE_EVENT name=mat_d_ensemble blk=10096 dsp_us=1477 lateness_us=26 klass=1 mc=1 ng=1 ad=3 sl=3 prev_miss=0 next1=1022 next2=1069 next3=1146 recov=1 bl_before_ds=0 bl_after_ds=8
B4D12_LATE_EVENT name=mat_d_ensemble blk=10524 dsp_us=2640 lateness_us=1189 klass=3 mc=1 ng=3 ad=3 sl=3 prev_miss=0 next1=1161 next2=1134 next3=981 recov=1 bl_before_ds=0 bl_after_ds=0
B4D12_LATE_EVENT name=mat_d_ensemble blk=10533 dsp_us=1474 lateness_us=23 klass=1 mc=1 ng=1 ad=3 sl=3 prev_miss=0 next1=1015 next2=1110 next3=1073 recov=1 bl_before_ds=0 bl_after_ds=14
B4D12_LATE_EVENT name=mat_d_ensemble blk=10808 dsp_us=2534 lateness_us=1083 klass=3 mc=1 ng=3 ad=3 sl=2 prev_miss=0 next1=1119 next2=1255 next3=1040 recov=1 bl_before_ds=0 bl_after_ds=1
B4D12_LATE_EVENT name=mat_d_ensemble blk=11328 dsp_us=2335 lateness_us=884 klass=3 mc=1 ng=3 ad=3 sl=3 prev_miss=0 next1=891 next2=809 next3=982 recov=1 bl_before_ds=0 bl_after_ds=0
B4D12_LATE_EVENT name=mat_d_ensemble blk=11748 dsp_us=2720 lateness_us=1269 klass=3 mc=1 ng=3 ad=3 sl=3 prev_miss=0 next1=1164 next2=1238 next3=1021 recov=1 bl_before_ds=0 bl_after_ds=0
B4D12_LATE_EVENT name=mat_d_ensemble blk=12445 dsp_us=2617 lateness_us=1166 klass=3 mc=1 ng=3 ad=3 sl=3 prev_miss=0 next1=1112 next2=1098 next3=991 recov=1 bl_before_ds=0 bl_after_ds=0
B4D12_LATE_EVENT name=mat_d_ensemble blk=13130 dsp_us=1489 lateness_us=38 klass=1 mc=1 ng=1 ad=3 sl=3 prev_miss=0 next1=968 next2=1109 next3=1028 recov=1 bl_before_ds=0 bl_after_ds=14
B4D12_LATE_EVENT name=mat_d_ensemble blk=13623 dsp_us=2672 lateness_us=1221 klass=3 mc=1 ng=3 ad=3 sl=3 prev_miss=0 next1=1191 next2=1011 next3=1001 recov=1 bl_before_ds=0 bl_after_ds=14
B4D12_WINDOW name=mat_d_ensemble idx=0 partial=1 blocks=13787 avg_us=824.115 p99_us=1400 p999_us=2400 max_us=2720 misses=32 mc2=3 mc3=16 max_consecutive_late=1 backlog_max_ms=5.5 transport_errors=0 cumulative_lateness_us=21712
B4D12_QUALIFY name=mat_d_ensemble gate_a_transport=PASS gate_b_physical=PASS fs_ok=1 max_consecutive_late=1 backlog_max_ms=5.918 dsp_miss_independent=1 result=PASS
B4D1_MEMORY tag=b4d12_mat_d_ensemble internal_free=93211 internal_largest=31744 spiram_free=17612652 spiram_largest=17301504
B4D1_PRESTAGE name=b4d12_mat_e_dimension kind=19 f0=220.0 frames=2866500 fnv=7485cb01 rms=0.068750
[0;31mE (196487) esp_clk_tree: esp_clk_tree_src_get_freq_hz(82): freq shouldn't be 0, calibration failed[0m
[0;31mE (196488) i2s_std: i2s_std_calculate_clock(57): sample rate is too large for the current clock source[0m
[0;31mE (196496) i2s_std: i2s_std_set_clock(74): clock calculate failed[0m
[0;31mE (196503) i2s_std: i2s_channel_init_std_mode(225): initialize channel failed while setting clock[0m
[0;33mW (196512) audio_i2s: AUDIO CLOCK WARNING: APLL unavailable, using XTAL fractional clock[0m
AUDIO CLOCK: EXPECTED_FALLBACK (APLL unavailable, using XTAL fractional clock)

=======================================================
            AUDIO HARDWARE CONFIGURATION               
=======================================================
Target Board:                   Wireless-Tag WT9932P4-TINY (ESP32-P4)
requested Fs:                   44100 Hz
actual/configured clock source: SOC_MOD_CLK_XTAL (XTAL fractional clock)
source clock Hz:                40000000 Hz
MCLK Hz:                        11289600 Hz
BCLK Hz:                        2822400 Hz
LRCK/Fs:                        44100 Hz
MCLK/Fs ratio:                  256
BCLK/Fs ratio:                  64
I2S Controller:                 I2S_NUM_0 (Full-Duplex Standard Philips)
MCLK GPIO:                      GPIO_19 (Header Pin 4 -> PCM1808 SCKI)
BCLK GPIO:                      GPIO_20 (Header Pin 5 -> PCM1808/PCM5102 BCK)
WS GPIO:                        GPIO_21 (Header Pin 6 -> PCM1808/PCM5102 LRCK)
DOUT GPIO:                      GPIO_22 (Header Pin 7 -> PCM5102 DIN)
DIN GPIO:                       GPIO_23 (Header Pin 8 <- PCM1808 DOUT)
Data Width:                     32-bit slot, 24-bit audio MSB-aligned in bits [31:8]
Slot Width:                     32 bits per slot (2 slots/frame = 64 BCLK/frame)
Channels:                       Stereo (L/R interleaved)
DMA Descriptors:                6 descriptors
DMA Frame Count:                64 frames/desc (512 bytes/desc)
DMA buffering capacity:         8.00 ms (384 frames total)
physical/effective latency:     PENDING_HARDWARE_MEASUREMENT
=======================================================

B4D1_STACK audio_hwm_bytes=15824 pitch_hwm_bytes=8700
B4D12_FORENSIC_HEADER set,block,dsp_us,cycle_us,input_cycles,comp_cycles,harmony_cycles,drive_cycles,chorus_cycles,delay_cycles,reverb_cycles,master_cycles,new_grains,active_grains,source_grains,grain_samples,model_lookups,model_expensive,model_warp_us,formant_changed,pitch_changed,track_state,fallback,recovery,fir_computed,fir_reused,deferred_slices,psola_sched_cycles,psola_addgrain_cycles,psola_deferred_cycles,psola_mark_cycles,psola_desc_cycles,psola_near_cycles,psola_poly_cycles,psola_gn_cycles
B4D12_FORENSIC_COUNT top=100 misses=18 miss_dropped=0
B4D12_FORENSIC,top,186,2458,2622,0,0,0,0,0,0,0,0,3,3,0,1261,3,1,536.71,1,0,2,1,0,0,0,3,376837,315803,120643,30189,11518,40985,1455,25167
B4D12_FORENSIC,top,3479,2807,2954,0,0,0,0,0,0,0,0,3,3,0,1869,3,1,523.77,1,0,2,1,0,0,0,3,373214,315243,127626,31501,11502,40100,1404,27316
B4D12_FORENSIC,top,1115,1220,1426,0,0,0,0,0,0,0,0,1,1,0,391,1,0,19.18,0,0,2,0,0,0,0,3,50418,45326,25536,4182,2962,5891,0,0
B4D12_FORENSIC,top,13015,1308,1433,0,0,0,0,0,0,0,0,1,1,0,353,1,1,149.57,1,0,2,0,0,0,0,3,83630,70864,27532,6841,278,2551,324,27375
B4D12_FORENSIC,top,207,1302,1426,0,0,0,0,0,0,0,0,1,1,0,423,1,1,275.83,1,0,2,1,0,0,0,3,141750,120556,42162,5692,2980,2272,1458,41396
B4D12_FORENSIC,top,1303,1359,1498,0,0,0,0,0,0,0,0,1,1,0,481,1,1,222.91,1,0,2,1,0,0,0,3,107860,95022,27702,6863,682,7717,325,27489
B4D12_FORENSIC,top,10281,1276,1434,0,0,0,0,0,0,0,0,1,1,0,411,1,1,243.80,1,0,2,0,0,0,0,3,125624,118184,23077,4132,2997,3698,707,48068
B4D12_FORENSIC,top,8015,2447,2582,0,0,0,0,0,0,0,0,3,3,0,1113,3,1,518.20,1,0,2,1,0,0,0,3,354057,306110,121408,29409,11498,40455,1823,24823
B4D12_FORENSIC,top,9974,1253,1327,0,0,0,0,0,0,0,0,1,1,0,615,1,1,147.49,1,0,2,1,0,0,0,3,99654,84058,30974,6814,6040,5237,329,24102
B4D12_FORENSIC,top,1557,1272,1428,0,0,0,0,0,0,0,0,1,1,0,419,1,1,222.16,1,0,2,0,0,0,0,3,112583,94266,24403,4146,2972,10662,332,35240
B4D12_FORENSIC,top,10074,1234,1424,0,0,0,0,0,0,0,0,1,1,0,451,1,1,200.89,1,1,2,1,0,0,0,3,126434,113578,31722,14920,5672,5220,339,29900
B4D12_FORENSIC,top,6698,1259,1469,0,0,0,0,0,0,0,0,1,1,0,409,1,1,237.52,1,1,2,1,0,0,0,2,167792,144076,12710,13657,5538,12960,1450,27340
B4D12_FORENSIC,top,13677,1239,1419,0,0,0,0,0,0,0,0,1,1,0,435,1,1,193.34,1,0,2,0,0,0,0,3,98059,90536,45344,2844,8202,2460,325,30014
B4D12_FORENSIC,top,7511,1248,1419,0,0,0,0,0,0,0,0,1,1,0,363,1,1,118.40,1,0,2,0,0,0,0,3,61732,54252,23693,6807,280,5150,321,24444
B4D12_FORENSIC,top,3607,1252,1426,0,0,0,0,0,0,0,0,1,1,0,337,1,0,68.59,0,1,2,1,0,0,0,3,48899,33458,31008,3779,322,10437,0,0
B4D12_FORENSIC,top,9705,2681,2838,0,0,0,0,0,0,0,0,3,3,0,1013,3,1,514.99,1,0,2,1,0,0,0,3,353367,297410,154953,28560,11672,38310,312,30204
B4D12_FORENSIC,top,13077,1245,1428,0,0,0,0,0,0,0,0,1,1,0,369,1,1,181.37,1,0,2,0,0,0,0,3,95044,76882,29793,4137,276,3302,332,27346
B4D12_FORENSIC,top,3481,1251,1340,0,0,0,0,0,0,0,0,1,1,0,361,1,1,181.85,1,0,2,1,0,0,0,4,104442,88871,37971,2503,8328,12817,324,26178
B4D12_FORENSIC,top,10199,1338,1583,0,0,0,0,0,0,0,0,1,1,0,427,1,1,134.11,1,0,2,0,0,0,0,3,75414,62614,27924,6817,318,2422,318,24779
B4D12_FORENSIC,top,8339,1254,1426,0,0,0,0,0,0,0,0,1,1,0,479,1,0,81.50,0,0,2,0,0,0,0,3,99605,81344,35704,6168,16130,13494,0,0
B4D12_FORENSIC,top,9745,1227,1427,0,0,0,0,0,0,0,0,1,1,0,361,1,1,178.60,1,0,2,0,0,0,0,3,101100,93538,31089,5678,8300,3886,315,27470
B4D12_FORENSIC,top,8791,1311,1438,0,0,0,0,0,0,0,0,1,1,0,439,1,1,133.98,1,0,2,0,0,0,0,3,94068,78782,28553,15008,2980,4027,323,27424
B4D12_FORENSIC,top,7333,1259,1437,0,0,0,0,0,0,0,0,1,1,0,319,1,1,209.01,1,0,2,0,0,0,0,3,115567,100226,31666,14848,8326,16015,1425,27398
B4D12_FORENSIC,top,8310,1241,1411,0,0,0,0,0,0,0,0,1,1,0,479,1,0,82.26,0,0,2,1,0,0,0,3,87754,75030,54563,9078,2882,7363,0,0
B4D12_FORENSIC,top,10523,2497,2698,0,0,0,0,0,0,0,0,3,3,0,1245,3,1,498.55,1,0,2,1,0,0,0,3,355006,299127,118364,31632,11861,35227,1433,24714
B4D12_FORENSIC,top,8451,1259,1427,0,0,0,0,0,0,0,0,1,1,0,425,1,1,89.58,1,0,2,0,0,0,0,3,96222,80612,39090,6308,10827,2632,329,24694
B4D12_FORENSIC,top,1290,2327,2459,0,0,0,0,0,0,0,0,2,2,0,904,2,1,428.68,1,0,2,1,0,0,0,2,319301,263820,102187,30167,11215,29640,1414,24985
B4D12_FORENSIC,top,299,1346,1478,0,0,0,0,0,0,0,0,1,1,0,421,1,0,152.44,0,0,2,0,0,0,0,3,102247,79138,63327,8744,5662,16554,0,0
B4D12_FORENSIC,top,9755,1345,1477,0,0,0,0,0,0,0,0,0,0,0,0,0,0,0.00,0,0,2,0,0,0,0,2,118721,94400,49674,45572,0,0,0,0
B4D12_FORENSIC,top,6651,1398,1515,0,0,0,0,0,0,0,0,1,1,0,773,1,1,324.02,1,0,2,0,0,0,0,3,180222,170032,43355,18808,5852,28946,1425,63620
B4D12_FORENSIC,top,12071,1237,1426,0,0,0,0,0,0,0,0,1,1,0,433,1,0,19.74,0,0,2,0,0,0,0,3,34050,29211,39727,4122,8178,6094,0,0
B4D12_FORENSIC,top,11748,2637,2726,0,0,0,0,0,0,0,0,3,3,0,2011,3,2,543.12,1,0,2,1,0,0,0,3,368973,315577,126750,27405,11981,38341,1699,40944
B4D12_FORENSIC,top,1989,1233,1428,0,0,0,0,0,0,0,0,1,1,0,435,1,1,170.95,1,0,2,0,0,0,0,3,96640,89070,48242,12190,10864,10674,331,29780
B4D12_FORENSIC,top,1691,1263,1424,0,0,0,0,0,0,0,0,1,1,0,419,1,0,92.45,0,0,2,0,0,0,0,3,76462,52842,34386,4076,2982,29581,0,0
B4D12_FORENSIC,top,12074,1224,1404,0,0,0,0,0,0,0,0,1,1,0,427,1,1,142.27,1,0,2,0,0,0,0,3,107924,94918,35991,20123,5680,10707,329,24816
B4D12_FORENSIC,top,8313,1337,1461,0,0,0,0,0,0,0,0,1,1,0,477,1,1,186.04,1,0,2,1,0,0,0,3,120532,102216,37584,3587,2998,2266,1454,30224
B4D12_FORENSIC,top,1531,1244,1419,0,0,0,0,0,0,0,0,1,1,0,427,1,1,157.82,1,0,2,0,0,0,0,3,108550,92738,29335,6817,2991,5184,331,33214
B4D12_FORENSIC,top,11758,1223,1424,0,0,0,0,0,0,0,0,1,1,0,423,1,1,239.24,1,0,2,1,0,0,0,2,136288,120682,20612,2886,5685,13446,1435,24592
B4D12_FORENSIC,top,1071,1276,1420,0,0,0,0,0,0,0,0,1,1,0,401,1,1,238.78,1,0,2,0,0,0,0,3,129158,108202,29250,4166,5548,2594,1802,32710
B4D12_FORENSIC,top,11067,1330,1475,0,0,0,0,0,0,0,0,1,1,0,437,1,1,238.27,1,0,2,0,0,0,0,3,126596,119028,35298,12134,10888,24336,332,51130
B4D12_FORENSIC,top,338,1235,1425,0,0,0,0,0,0,0,0,1,1,0,427,1,1,260.98,1,0,2,0,0,0,0,3,134114,123816,30000,3731,5502,21494,1450,32620
B4D12_FORENSIC,top,8981,1417,1498,0,0,0,0,0,0,0,0,1,1,0,315,1,0,46.14,0,0,2,1,0,0,0,3,80368,49730,30017,20343,289,10331,0,0
B4D12_FORENSIC,top,6646,1367,1501,0,0,0,0,0,0,0,0,1,1,0,783,1,1,264.28,1,0,2,0,0,0,0,2,169115,140190,25209,16121,5683,7800,1428,60958
B4D12_FORENSIC,top,13620,2425,2565,0,0,0,0,0,0,0,0,2,2,0,908,2,1,492.36,1,0,2,1,0,0,0,2,348802,298402,110183,26468,11325,33612,1450,24913
B4D12_FORENSIC,top,9111,1304,1444,0,0,0,0,0,0,0,0,1,1,0,351,1,1,118.76,1,0,2,0,0,0,0,3,69590,59662,39342,4101,5516,2561,318,24513
B4D12_FORENSIC,top,6607,2474,2602,0,0,0,0,0,0,0,0,2,2,0,1654,2,1,511.08,1,0,2,1,0,0,0,2,374841,310736,111952,26297,11418,35906,337,27688
B4D12_FORENSIC,top,951,1246,1427,0,0,0,0,0,0,0,0,1,1,0,407,1,1,164.13,1,0,2,0,0,0,0,3,113278,97638,48217,6778,8470,2530,1433,22208
B4D12_FORENSIC,top,9846,1252,1340,0,0,0,0,0,0,0,0,1,1,0,331,1,1,163.73,1,0,2,0,0,0,0,4,107510,94638,34109,6680,3000,13102,332,27453
B4D12_FORENSIC,top,8023,1245,1439,0,0,0,0,0,0,0,0,1,1,0,367,1,1,133.05,1,0,2,1,0,0,0,3,76486,68948,27379,5481,2974,2138,320,24670
B4D12_FORENSIC,top,12521,1233,1433,0,0,0,0,0,0,0,0,1,1,0,343,1,0,76.06,0,0,2,0,0,0,0,3,85470,75176,24393,8612,2964,4843,0,0
B4D12_FORENSIC,top,6704,1219,1427,0,0,0,0,0,0,0,0,1,1,0,403,1,1,221.77,1,0,2,1,0,0,0,2,121832,106272,30157,2933,8238,5501,1453,39868
B4D12_FORENSIC,top,11754,1275,1415,0,0,0,0,0,0,0,0,0,0,0,0,0,0,0.00,0,0,2,1,0,0,0,4,28454,0,86053,0,0,0,0,0
B4D12_FORENSIC,top,12119,1253,1433,0,0,0,0,0,0,0,0,1,1,0,429,1,1,96.55,1,0,2,0,0,0,0,3,86184,73364,25836,6815,5654,2528,324,21867
B4D12_FORENSIC,top,1489,1223,1410,0,0,0,0,0,0,0,0,1,1,0,427,1,1,209.44,1,0,2,0,0,0,0,3,118459,108254,36516,9296,8300,16086,1436,35566
B4D12_FORENSIC,top,391,1267,1412,0,0,0,0,0,0,0,0,1,1,0,423,1,1,179.02,1,0,2,0,0,0,0,3,115590,99938,29662,4093,10884,5210,328,32788
B4D12_FORENSIC,top,6964,1254,1368,0,0,0,0,0,0,0,0,1,1,0,363,1,0,63.18,0,0,2,1,0,0,0,3,67445,49256,27596,5677,8333,10973,0,0
B4D12_FORENSIC,top,396,1366,1512,0,0,0,0,0,0,0,0,1,1,0,425,1,1,193.14,1,0,2,0,0,0,0,3,115344,102476,30418,6823,8184,13122,1450,24642
B4D12_FORENSIC,top,12037,1283,1417,0,0,0,0,0,0,0,0,1,1,0,425,1,1,252.44,1,0,2,0,0,0,0,2,131538,118672,29173,6892,8321,23696,1426,24600
B4D12_FORENSIC,top,10349,1262,1426,0,0,0,0,0,0,0,0,1,1,0,431,1,0,57.42,0,0,2,0,0,0,0,3,50085,32258,65163,4156,2982,14286,0,0
B4D12_FORENSIC,top,11328,2344,2492,0,0,0,0,0,0,0,0,3,3,0,1583,3,1,476.32,1,0,2,1,0,0,0,3,350624,294862,118972,34192,11648,37938,331,27344
B4D12_FORENSIC,top,10071,1228,1434,0,0,0,0,0,0,0,0,1,1,0,451,1,0,41.23,0,0,2,0,0,0,0,3,39436,29224,42733,6880,330,5920,0,0
B4D12_FORENSIC,top,1639,1243,1412,0,0,0,0,0,0,0,0,1,1,0,429,1,1,178.96,1,0,2,0,0,0,0,3,104740,94706,29124,4124,10882,13213,329,30174
B4D12_FORENSIC,top,1518,1252,1411,0,0,0,0,0,0,0,0,1,1,0,425,1,0,111.04,0,0,2,0,0,0,0,3,88210,72778,38309,6836,13436,28230,0,0
B4D12_FORENSIC,top,13079,1237,1424,0,0,0,0,0,0,0,0,1,1,0,369,1,0,33.85,0,0,2,0,0,0,0,3,53558,36056,33288,5790,2972,5904,0,0
B4D12_FORENSIC,top,1594,1243,1430,0,0,0,0,0,0,0,0,1,1,0,425,1,0,64.17,0,0,2,0,0,0,0,3,61028,48138,29446,9545,2964,8669,0,0
B4D12_FORENSIC,top,709,2460,2593,0,0,0,0,0,0,0,0,3,3,0,1283,3,1,475.49,1,0,2,1,0,0,0,3,344511,291473,118596,31555,11478,34557,328,24704
B4D12_FORENSIC,top,12087,1243,1419,0,0,0,0,0,0,0,0,1,1,0,429,1,1,229.34,1,0,2,0,0,0,0,3,139236,123664,23411,12210,8220,10574,701,40090
B4D12_FORENSIC,top,712,1227,1331,0,0,0,0,0,0,0,0,1,1,0,401,1,0,38.64,0,0,2,1,0,0,0,3,53844,38258,28814,8841,5666,4848,0,0
B4D12_FORENSIC,top,1799,1232,1412,0,0,0,0,0,0,0,0,1,1,0,429,1,0,71.87,0,0,2,0,0,0,0,3,85124,49102,55493,5243,8180,14273,0,0
B4D12_FORENSIC,top,8303,2400,2543,0,0,0,0,0,0,0,0,2,2,0,944,2,1,468.89,1,0,2,1,0,0,0,2,327113,276594,112462,28683,11309,35932,680,24826
B4D12_FORENSIC,top,727,1289,1407,0,0,0,0,0,0,0,0,1,1,0,403,1,1,163.59,1,0,2,1,0,0,0,3,101522,94166,26862,6284,8300,2208,1433,27559
B4D12_FORENSIC,top,6953,2496,2615,0,0,0,0,0,0,0,0,3,3,0,1081,3,1,491.84,1,0,2,1,0,0,0,3,347443,294282,118898,30187,11934,35566,1436,27490
B4D12_FORENSIC,top,11924,1345,1475,0,0,0,0,0,0,0,0,1,1,0,433,1,1,228.22,1,0,2,0,0,0,0,2,130280,112177,26862,3874,10866,2578,1433,34228
B4D12_FORENSIC,top,10276,1241,1428,0,0,0,0,0,0,0,0,1,1,0,413,1,1,206.71,1,0,2,0,0,0,0,3,109497,88676,27950,6806,2962,8668,330,42004
B4D12_FORENSIC,top,1068,1229,1425,0,0,0,0,0,0,0,0,1,1,0,401,1,0,40.94,0,0,2,0,0,0,0,3,73502,39380,35721,6802,8120,8341,0,0
B4D12_FORENSIC,top,8599,1325,1457,0,0,0,0,0,0,0,0,1,1,0,431,1,1,149.22,1,0,2,0,0,0,0,3,105090,84204,28778,12218,2990,2607,321,24665
B4D12_FORENSIC,top,9749,1253,1424,0,0,0,0,0,0,0,0,1,1,0,359,1,0,11.40,0,0,2,0,0,0,0,3,27336,14466,52470,2905,2990,3118,0,0
B4D12_FORENSIC,top,9971,2456,2568,0,0,0,0,0,0,0,0,3,3,0,1575,3,1,484.45,1,1,2,1,0,0,0,3,343592,290526,116205,33517,11483,39272,326,27244
B4D12_FORENSIC,top,11821,1231,1412,0,0,0,0,0,0,0,0,1,1,0,429,1,1,179.16,1,0,2,0,0,0,0,3,117088,109611,30952,5747,2978,10679,1424,27478
B4D12_FORENSIC,top,1098,1305,1380,0,0,0,0,0,0,0,0,1,1,0,401,1,1,164.21,1,0,2,0,0,0,0,3,113028,97528,29619,12153,5662,5326,1432,27345
B4D12_FORENSIC,top,767,1302,1429,0,0,0,0,0,0,0,0,1,1,0,401,1,1,180.28,1,0,2,0,0,0,0,3,99599,86616,30435,6191,5654,5835,330,24540
B4D12_FORENSIC,top,10666,1286,1427,0,0,0,0,0,0,0,0,1,1,0,473,1,1,232.40,1,0,2,0,0,0,0,3,134412,118458,27527,5855,2972,3268,1450,40548
B4D12_FORENSIC,top,948,1237,1410,0,0,0,0,0,0,0,0,1,1,0,407,1,0,94.17,0,0,2,0,0,0,0,3,86143,71322,49778,14134,5574,22331,0,0
B4D12_FORENSIC,top,2031,1318,1450,0,0,0,0,0,0,0,0,1,1,0,427,1,1,228.64,1,0,2,0,0,0,0,3,109487,96560,52861,9469,328,5299,330,42426
B4D12_FORENSIC,top,10807,2365,2498,0,0,0,0,0,0,0,0,2,2,0,724,2,1,450.23,1,0,2,1,0,0,0,2,334395,276136,102295,32144,11257,34911,4136,29633
B4D12_FORENSIC,top,8799,1232,1426,0,0,0,0,0,0,0,0,1,1,0,439,1,1,171.32,1,0,2,0,0,0,0,3,96856,86608,38852,6821,8246,2619,327,32487
B4D12_FORENSIC,top,12450,2465,2614,0,0,0,0,0,0,0,0,3,3,0,1093,3,1,497.69,1,0,2,1,0,0,0,3,354059,298356,115359,30684,11471,34636,1453,24893
B4D12_FORENSIC,top,10278,1295,1412,0,0,0,0,0,0,0,0,1,1,0,413,1,0,85.62,0,0,2,0,0,0,0,2,102136,76286,34415,8492,8344,11300,0,0
B4D12_FORENSIC,top,8977,2264,2403,0,0,0,0,0,0,0,0,3,3,0,1009,3,1,470.55,1,0,2,1,0,0,0,3,311926,266652,93751,33570,11498,34574,4161,24882
B4D12_FORENSIC,top,11845,1267,1427,0,0,0,0,0,0,0,0,1,1,0,427,1,1,172.10,1,0,2,0,0,0,0,3,109840,88822,43327,5966,8300,15602,331,30610
B4D12_FORENSIC,top,1623,1221,1433,0,0,0,0,0,0,0,0,1,1,0,431,1,0,54.03,0,0,2,0,0,0,0,3,46594,41902,39862,4208,298,3651,0,0
B4D12_FORENSIC,top,877,2309,2434,0,0,0,0,0,0,0,0,2,2,0,798,2,1,483.84,1,0,2,1,0,0,0,2,331884,278750,109918,22986,11226,29861,4166,33160
B4D12_FORENSIC,top,12058,1239,1442,0,0,0,0,0,0,0,0,1,1,0,429,1,1,143.37,1,0,2,0,0,0,0,3,89655,81744,24576,4161,8210,3281,1447,22036
B4D12_FORENSIC,top,1523,1266,1402,0,0,0,0,0,0,0,0,1,1,0,425,1,0,135.04,0,0,2,0,0,0,0,3,89196,73602,33566,6798,5672,28975,0,0
B4D12_FORENSIC,top,6670,1232,1413,0,0,0,0,0,0,0,0,1,1,0,825,1,1,277.26,1,0,2,0,0,0,0,2,160338,139518,14977,5468,8336,16287,330,35553
B4D12_FORENSIC,top,8746,1234,1435,0,0,0,0,0,0,0,0,1,1,0,429,1,1,208.42,1,0,2,0,0,0,0,3,118368,105410,28708,6817,5654,2621,8346,35316
B4D12_FORENSIC,top,12708,1258,1358,0,0,0,0,0,0,0,0,1,1,0,317,1,1,230.66,1,0,2,0,0,0,0,3,110224,100018,32562,4117,5690,23787,1450,27483
B4D12_FORENSIC,top,11069,1354,1477,0,0,0,0,0,0,0,0,1,1,0,437,1,0,147.29,0,0,2,0,0,0,0,3,115080,94358,52367,28732,286,33574,0,0
B4D12_FORENSIC,top,10827,1242,1427,0,0,0,0,0,0,0,0,1,1,0,399,1,1,198.26,1,0,2,1,0,0,0,3,111794,99062,28125,4035,8336,2440,333,42473
B4D12_FORENSIC,top,2005,1231,1426,0,0,0,0,0,0,0,0,1,1,0,425,1,1,257.73,1,0,2,0,0,0,0,3,114604,107080,41491,4135,288,30906,330,32834
B4D12_FORENSIC,miss,186,2458,2622,0,0,0,0,0,0,0,0,3,3,0,1261,3,1,536.71,1,0,2,1,0,0,0,3,376837,315803,120643,30189,11518,40985,1455,25167
B4D12_FORENSIC,miss,709,2460,2593,0,0,0,0,0,0,0,0,3,3,0,1283,3,1,475.49,1,0,2,1,0,0,0,3,344511,291473,118596,31555,11478,34557,328,24704
B4D12_FORENSIC,miss,877,2309,2434,0,0,0,0,0,0,0,0,2,2,0,798,2,1,483.84,1,0,2,1,0,0,0,2,331884,278750,109918,22986,11226,29861,4166,33160
B4D12_FORENSIC,miss,1290,2327,2459,0,0,0,0,0,0,0,0,2,2,0,904,2,1,428.68,1,0,2,1,0,0,0,2,319301,263820,102187,30167,11215,29640,1414,24985
B4D12_FORENSIC,miss,3479,2807,2954,0,0,0,0,0,0,0,0,3,3,0,1869,3,1,523.77,1,0,2,1,0,0,0,3,373214,315243,127626,31501,11502,40100,1404,27316
B4D12_FORENSIC,miss,6607,2474,2602,0,0,0,0,0,0,0,0,2,2,0,1654,2,1,511.08,1,0,2,1,0,0,0,2,374841,310736,111952,26297,11418,35906,337,27688
B4D12_FORENSIC,miss,6953,2496,2615,0,0,0,0,0,0,0,0,3,3,0,1081,3,1,491.84,1,0,2,1,0,0,0,3,347443,294282,118898,30187,11934,35566,1436,27490
B4D12_FORENSIC,miss,8015,2447,2582,0,0,0,0,0,0,0,0,3,3,0,1113,3,1,518.20,1,0,2,1,0,0,0,3,354057,306110,121408,29409,11498,40455,1823,24823
B4D12_FORENSIC,miss,8303,2400,2543,0,0,0,0,0,0,0,0,2,2,0,944,2,1,468.89,1,0,2,1,0,0,0,2,327113,276594,112462,28683,11309,35932,680,24826
B4D12_FORENSIC,miss,8977,2264,2403,0,0,0,0,0,0,0,0,3,3,0,1009,3,1,470.55,1,0,2,1,0,0,0,3,311926,266652,93751,33570,11498,34574,4161,24882
B4D12_FORENSIC,miss,9705,2681,2838,0,0,0,0,0,0,0,0,3,3,0,1013,3,1,514.99,1,0,2,1,0,0,0,3,353367,297410,154953,28560,11672,38310,312,30204
B4D12_FORENSIC,miss,9971,2456,2568,0,0,0,0,0,0,0,0,3,3,0,1575,3,1,484.45,1,1,2,1,0,0,0,3,343592,290526,116205,33517,11483,39272,326,27244
B4D12_FORENSIC,miss,10523,2497,2698,0,0,0,0,0,0,0,0,3,3,0,1245,3,1,498.55,1,0,2,1,0,0,0,3,355006,299127,118364,31632,11861,35227,1433,24714
B4D12_FORENSIC,miss,10807,2365,2498,0,0,0,0,0,0,0,0,2,2,0,724,2,1,450.23,1,0,2,1,0,0,0,2,334395,276136,102295,32144,11257,34911,4136,29633
B4D12_FORENSIC,miss,11328,2344,2492,0,0,0,0,0,0,0,0,3,3,0,1583,3,1,476.32,1,0,2,1,0,0,0,3,350624,294862,118972,34192,11648,37938,331,27344
B4D12_FORENSIC,miss,11748,2637,2726,0,0,0,0,0,0,0,0,3,3,0,2011,3,2,543.12,1,0,2,1,0,0,0,3,368973,315577,126750,27405,11981,38341,1699,40944
B4D12_FORENSIC,miss,12450,2465,2614,0,0,0,0,0,0,0,0,3,3,0,1093,3,1,497.69,1,0,2,1,0,0,0,3,354059,298356,115359,30684,11471,34636,1453,24893
B4D12_FORENSIC,miss,13620,2425,2565,0,0,0,0,0,0,0,0,2,2,0,908,2,1,492.36,1,0,2,1,0,0,0,2,348802,298402,110183,26468,11325,33612,1450,24913
B4D12_GRAIN_HEADER set,block,ordinal,source_center,destination_center,half,model_timestamp,model_order,lambda_bits,gamma_bits,sample_rate_bits,norm_strategy,cache_path,local_difference,shared_difference,addgrain_cycles,select_cycles,model_near_cycles,cache_lookup_cycles,polynomial_cycles,gain_cycles
B4D12_GRAIN,top,186,0,4207244,4208655,212,4207999,16,0,1065101558,1194083328,2,4,10,10,271000,16425,38535,12481,1455,25167
B4D12_GRAIN,top,186,1,4207459,4208823,211,4207999,16,0,1065101558,1194083328,2,1,0,0,35383,11079,1273,1776,0,0
B4D12_GRAIN,top,186,2,4207665,4208991,206,4207999,16,0,1065101558,1194083328,2,1,0,0,9420,2643,1177,220,0,0
B4D12_GRAIN,top,3479,0,4417964,4419417,571,4418047,16,0,1065101558,1194083328,2,4,10,10,279694,26919,34868,12481,1404,27316
B4D12_GRAIN,top,3479,1,4418145,4419560,181,4418047,16,0,1065101558,1194083328,2,1,0,0,28058,2447,2670,1770,0,0
B4D12_GRAIN,top,3479,2,4418145,4419704,181,4418047,16,0,1065101558,1194083328,2,1,0,0,7491,2091,2562,201,0,0
B4D12_GRAIN,top,8015,0,4708309,4709680,185,4708735,16,0,1065101558,1194083328,2,4,10,10,270694,24290,36627,12417,1823,24823
B4D12_GRAIN,top,8015,1,4708494,4709826,185,4708735,16,0,1065101558,1194083328,2,1,0,0,28052,2735,1970,1746,0,0
B4D12_GRAIN,top,8015,2,4708494,4709971,185,4708735,16,0,1065101558,1194083328,2,1,0,0,7364,2342,1858,194,0,0
B4D12_GRAIN,top,9705,0,4816518,4817907,163,4817023,16,0,1065101558,1194083328,2,4,10,10,262286,23934,35870,12427,312,30204
B4D12_GRAIN,top,9705,1,4816689,4818038,171,4817023,16,0,1065101558,1194083328,2,1,0,0,28932,2342,1266,1756,0,0
B4D12_GRAIN,top,9705,2,4816689,4818170,171,4817023,16,0,1065101558,1194083328,2,1,0,0,6192,2242,1174,201,0,0
B4D12_GRAIN,top,10523,0,4868875,4870255,201,4869247,16,0,1065101558,1194083328,2,4,10,10,262975,25001,31343,9970,1433,24714
B4D12_GRAIN,top,10523,1,4869085,4870416,210,4869247,16,0,1065101558,1194083328,2,1,0,0,28382,3493,2004,1753,0,0
B4D12_GRAIN,top,10523,2,4869085,4870576,210,4869247,16,0,1065101558,1194083328,2,1,0,0,7770,3096,1880,195,0,0
B4D12_GRAIN,top,1290,0,4278045,4279402,231,4278655,16,0,1065101558,1194083328,2,4,10,10,241620,26084,28222,12417,1414,24985
B4D12_GRAIN,top,1290,1,4278265,4279589,220,4278655,16,0,1065101558,1194083328,2,1,0,0,22200,4058,1418,1773,0,0
B4D12_GRAIN,top,11748,0,4947164,4948610,585,4947199,16,0,1065101558,1194083328,2,4,10,10,261603,21773,33658,9763,1412,24862
B4D12_GRAIN,top,11748,1,4947374,4948776,210,4947199,16,0,1065101558,1194083328,2,1,0,0,28982,2861,2709,1774,0,0
B4D12_GRAIN,top,11748,2,4947583,4948942,209,4947583,16,0,1065101558,1194083328,2,4,10,10,24992,2729,1974,104,287,16082
B4D12_GRAIN,top,13620,0,5067148,5068511,226,5067775,16,0,1065101558,1194083328,2,4,10,10,269514,23968,32326,12455,1450,24913
B4D12_GRAIN,top,13620,1,5067375,5068686,227,5067775,16,0,1065101558,1194083328,2,1,0,0,28888,2475,1286,1761,0,0
B4D12_GRAIN,top,6607,0,4618476,4619711,413,4618495,16,0,1065101558,1194083328,2,4,10,10,274226,23961,33926,12473,337,27688
B4D12_GRAIN,top,6607,1,4618476,4620038,413,4618495,16,0,1065101558,1194083328,2,1,0,0,36510,2308,1980,2816,0,0
B4D12_GRAIN,top,11328,0,4920308,4921669,264,4920703,16,0,1065101558,1194083328,2,4,10,10,257810,27647,34088,8188,331,27344
B4D12_GRAIN,top,11328,1,4920571,4921882,263,4920703,16,0,1065101558,1194083328,2,1,0,0,29166,3459,1976,1755,0,0
B4D12_GRAIN,top,11328,2,4920571,4922096,263,4920703,16,0,1065101558,1194083328,2,1,0,0,7886,3044,1874,208,0,0
B4D12_GRAIN,top,709,0,4240844,4242174,220,4241407,16,0,1065101558,1194083328,2,4,10,10,256862,24959,32106,12427,328,24704
B4D12_GRAIN,top,709,1,4240844,4242333,220,4241407,16,0,1065101558,1194083328,2,1,0,0,27526,3475,1274,1762,0,0
B4D12_GRAIN,top,709,2,4241044,4242492,200,4241407,16,0,1065101558,1194083328,2,1,0,0,7085,3079,1177,198,0,0
B4D12_GRAIN,top,8303,0,4726841,4728204,236,4727167,16,0,1065101558,1194083328,2,4,10,10,248572,25096,33969,12427,680,24826
B4D12_GRAIN,top,8303,1,4727076,4728392,235,4727167,16,0,1065101558,1194083328,2,1,0,0,28022,3559,1963,1758,0,0
B4D12_GRAIN,top,6953,0,4640381,4641757,179,4640767,16,0,1065101558,1194083328,2,4,10,10,256556,24735,31697,12481,1436,27490
B4D12_GRAIN,top,6953,1,4640561,4641899,180,4640767,16,0,1065101558,1194083328,2,1,0,0,30488,2879,1990,1768,0,0
B4D12_GRAIN,top,6953,2,4640561,4642042,180,4640767,16,0,1065101558,1194083328,2,1,0,0,7238,2537,1879,207,0,0
B4D12_GRAIN,top,9971,0,4833426,4834801,262,4833535,16,0,1065101558,1194083328,2,4,10,10,247266,25775,33488,12435,326,27244
B4D12_GRAIN,top,9971,1,4833426,4835026,262,4833535,16,0,1065101558,1194083328,2,1,0,0,33536,3893,2925,5334,0,0
B4D12_GRAIN,top,9971,2,4833426,4835252,262,4833535,16,0,1065101558,1194083328,2,1,0,0,9724,3807,2859,202,0,0
B4D12_GRAIN,top,10807,0,4887108,4888484,182,4887679,16,0,1065101558,1194083328,2,4,10,10,248388,25446,33445,10930,4136,29633
B4D12_GRAIN,top,10807,1,4887287,4888633,179,4887679,16,0,1065101558,1194083328,2,1,0,0,27748,6673,1466,218,0,0
B4D12_GRAIN,top,12450,0,4992228,4993598,183,4992895,16,0,1065101558,1194083328,2,4,10,10,264440,24665,32173,12427,1453,24893
B4D12_GRAIN,top,12450,1,4992409,4993741,181,4992895,16,0,1065101558,1194083328,2,1,0,0,27042,3194,1283,1758,0,0
B4D12_GRAIN,top,12450,2,4992409,4993884,181,4992895,16,0,1065101558,1194083328,2,1,0,0,6874,2783,1180,201,0,0
B4D12_GRAIN,top,8977,0,4769993,4771340,173,4770559,16,0,1065101558,1194083328,2,4,10,10,233016,25692,31458,10894,4161,24882
B4D12_GRAIN,top,8977,1,4769993,4771465,173,4770559,16,0,1065101558,1194083328,2,1,0,0,25630,4102,1634,1766,0,0
B4D12_GRAIN,top,8977,2,4770150,4771591,157,4770559,16,0,1065101558,1194083328,2,1,0,0,8006,3734,1482,200,0,0
B4D12_GRAIN,top,877,0,4251603,4252975,199,4252159,16,0,1065101558,1194083328,2,4,10,10,251596,19471,28359,8216,4166,33160
B4D12_GRAIN,top,877,1,4251802,4253135,199,4252159,16,0,1065101558,1194083328,2,1,0,0,27154,3487,1502,1767,0,0
B4D12_GRAIN,miss,186,0,4207244,4208655,212,4207999,16,0,1065101558,1194083328,2,4,10,10,271000,16425,38535,12481,1455,25167
B4D12_GRAIN,miss,186,1,4207459,4208823,211,4207999,16,0,1065101558,1194083328,2,1,0,0,35383,11079,1273,1776,0,0
B4D12_GRAIN,miss,186,2,4207665,4208991,206,4207999,16,0,1065101558,1194083328,2,1,0,0,9420,2643,1177,220,0,0
B4D12_GRAIN,miss,709,0,4240844,4242174,220,4241407,16,0,1065101558,1194083328,2,4,10,10,256862,24959,32106,12427,328,24704
B4D12_GRAIN,miss,709,1,4240844,4242333,220,4241407,16,0,1065101558,1194083328,2,1,0,0,27526,3475,1274,1762,0,0
B4D12_GRAIN,miss,709,2,4241044,4242492,200,4241407,16,0,1065101558,1194083328,2,1,0,0,7085,3079,1177,198,0,0
B4D12_GRAIN,miss,877,0,4251603,4252975,199,4252159,16,0,1065101558,1194083328,2,4,10,10,251596,19471,28359,8216,4166,33160
B4D12_GRAIN,miss,877,1,4251802,4253135,199,4252159,16,0,1065101558,1194083328,2,1,0,0,27154,3487,1502,1767,0,0
B4D12_GRAIN,miss,1290,0,4278045,4279402,231,4278655,16,0,1065101558,1194083328,2,4,10,10,241620,26084,28222,12417,1414,24985
B4D12_GRAIN,miss,1290,1,4278265,4279589,220,4278655,16,0,1065101558,1194083328,2,1,0,0,22200,4058,1418,1773,0,0
B4D12_GRAIN,miss,3479,0,4417964,4419417,571,4418047,16,0,1065101558,1194083328,2,4,10,10,279694,26919,34868,12481,1404,27316
B4D12_GRAIN,miss,3479,1,4418145,4419560,181,4418047,16,0,1065101558,1194083328,2,1,0,0,28058,2447,2670,1770,0,0
B4D12_GRAIN,miss,3479,2,4418145,4419704,181,4418047,16,0,1065101558,1194083328,2,1,0,0,7491,2091,2562,201,0,0
B4D12_GRAIN,miss,6607,0,4618476,4619711,413,4618495,16,0,1065101558,1194083328,2,4,10,10,274226,23961,33926,12473,337,27688
B4D12_GRAIN,miss,6607,1,4618476,4620038,413,4618495,16,0,1065101558,1194083328,2,1,0,0,36510,2308,1980,2816,0,0
B4D12_GRAIN,miss,6953,0,4640381,4641757,179,4640767,16,0,1065101558,1194083328,2,4,10,10,256556,24735,31697,12481,1436,27490
B4D12_GRAIN,miss,6953,1,4640561,4641899,180,4640767,16,0,1065101558,1194083328,2,1,0,0,30488,2879,1990,1768,0,0
B4D12_GRAIN,miss,6953,2,4640561,4642042,180,4640767,16,0,1065101558,1194083328,2,1,0,0,7238,2537,1879,207,0,0
B4D12_GRAIN,miss,8015,0,4708309,4709680,185,4708735,16,0,1065101558,1194083328,2,4,10,10,270694,24290,36627,12417,1823,24823
B4D12_GRAIN,miss,8015,1,4708494,4709826,185,4708735,16,0,1065101558,1194083328,2,1,0,0,28052,2735,1970,1746,0,0
B4D12_GRAIN,miss,8015,2,4708494,4709971,185,4708735,16,0,1065101558,1194083328,2,1,0,0,7364,2342,1858,194,0,0
B4D12_GRAIN,miss,8303,0,4726841,4728204,236,4727167,16,0,1065101558,1194083328,2,4,10,10,248572,25096,33969,12427,680,24826
B4D12_GRAIN,miss,8303,1,4727076,4728392,235,4727167,16,0,1065101558,1194083328,2,1,0,0,28022,3559,1963,1758,0,0
B4D12_GRAIN,miss,8977,0,4769993,4771340,173,4770559,16,0,1065101558,1194083328,2,4,10,10,233016,25692,31458,10894,4161,24882
B4D12_GRAIN,miss,8977,1,4769993,4771465,173,4770559,16,0,1065101558,1194083328,2,1,0,0,25630,4102,1634,1766,0,0
B4D12_GRAIN,miss,8977,2,4770150,4771591,157,4770559,16,0,1065101558,1194083328,2,1,0,0,8006,3734,1482,200,0,0
B4D12_GRAIN,miss,9705,0,4816518,4817907,163,4817023,16,0,1065101558,1194083328,2,4,10,10,262286,23934,35870,12427,312,30204
B4D12_GRAIN,miss,9705,1,4816689,4818038,171,4817023,16,0,1065101558,1194083328,2,1,0,0,28932,2342,1266,1756,0,0
B4D12_GRAIN,miss,9705,2,4816689,4818170,171,4817023,16,0,1065101558,1194083328,2,1,0,0,6192,2242,1174,201,0,0
B4D12_GRAIN,miss,9971,0,4833426,4834801,262,4833535,16,0,1065101558,1194083328,2,4,10,10,247266,25775,33488,12435,326,27244
B4D12_GRAIN,miss,9971,1,4833426,4835026,262,4833535,16,0,1065101558,1194083328,2,1,0,0,33536,3893,2925,5334,0,0
B4D12_GRAIN,miss,9971,2,4833426,4835252,262,4833535,16,0,1065101558,1194083328,2,1,0,0,9724,3807,2859,202,0,0
B4D12_GRAIN,miss,10523,0,4868875,4870255,201,4869247,16,0,1065101558,1194083328,2,4,10,10,262975,25001,31343,9970,1433,24714
B4D12_GRAIN,miss,10523,1,4869085,4870416,210,4869247,16,0,1065101558,1194083328,2,1,0,0,28382,3493,2004,1753,0,0
B4D12_GRAIN,miss,10523,2,4869085,4870576,210,4869247,16,0,1065101558,1194083328,2,1,0,0,7770,3096,1880,195,0,0
B4D12_GRAIN,miss,10807,0,4887108,4888484,182,4887679,16,0,1065101558,1194083328,2,4,10,10,248388,25446,33445,10930,4136,29633
B4D12_GRAIN,miss,10807,1,4887287,4888633,179,4887679,16,0,1065101558,1194083328,2,1,0,0,27748,6673,1466,218,0,0
B4D12_GRAIN,miss,11328,0,4920308,4921669,264,4920703,16,0,1065101558,1194083328,2,4,10,10,257810,27647,34088,8188,331,27344
B4D12_GRAIN,miss,11328,1,4920571,4921882,263,4920703,16,0,1065101558,1194083328,2,1,0,0,29166,3459,1976,1755,0,0
B4D12_GRAIN,miss,11328,2,4920571,4922096,263,4920703,16,0,1065101558,1194083328,2,1,0,0,7886,3044,1874,208,0,0
B4D12_GRAIN,miss,11748,0,4947164,4948610,585,4947199,16,0,1065101558,1194083328,2,4,10,10,261603,21773,33658,9763,1412,24862
B4D12_GRAIN,miss,11748,1,4947374,4948776,210,4947199,16,0,1065101558,1194083328,2,1,0,0,28982,2861,2709,1774,0,0
B4D12_GRAIN,miss,11748,2,4947583,4948942,209,4947583,16,0,1065101558,1194083328,2,4,10,10,24992,2729,1974,104,287,16082
B4D12_GRAIN,miss,12450,0,4992228,4993598,183,4992895,16,0,1065101558,1194083328,2,4,10,10,264440,24665,32173,12427,1453,24893
B4D12_GRAIN,miss,12450,1,4992409,4993741,181,4992895,16,0,1065101558,1194083328,2,1,0,0,27042,3194,1283,1758,0,0
B4D12_GRAIN,miss,12450,2,4992409,4993884,181,4992895,16,0,1065101558,1194083328,2,1,0,0,6874,2783,1180,201,0,0
B4D12_GRAIN,miss,13620,0,5067148,5068511,226,5067775,16,0,1065101558,1194083328,2,4,10,10,269514,23968,32326,12455,1450,24913
B4D12_GRAIN,miss,13620,1,5067375,5068686,227,5067775,16,0,1065101558,1194083328,2,1,0,0,28888,2475,1286,1761,0,0
B4D12_GRAIN_CLASS class=1 ordinal=0 count=1170 add_mean_cycles=72127.3 add_p50_bound=70656 add_p95_bound=102400 add_p99_bound=120832 add_max_cycles=170032 select_mean_cycles=6084.8 near_mean_cycles=6794.1 lookup_mean_cycles=1041.3 poly_mean_cycles=684.4 gain_mean_cycles=25179.8
B4D12_GRAIN_CACHE class=1 ordinal=0 no_lpc=0 local=0 shared=0 neutral=0 miss=1170 empty=0 timestamp=1170 order=0 coefficients=1170 lambda=0 gamma=0 rate=0 strategy=0
B4D12_GRAIN_CACHE class=1 ordinal=1 no_lpc=0 local=0 shared=0 neutral=0 miss=0 empty=0 timestamp=0 order=0 coefficients=0 lambda=0 gamma=0 rate=0 strategy=0
B4D12_GRAIN_CACHE class=1 ordinal=2 no_lpc=0 local=0 shared=0 neutral=0 miss=0 empty=0 timestamp=0 order=0 coefficients=0 lambda=0 gamma=0 rate=0 strategy=0
B4D12_GRAIN_CACHE class=1 ordinal=3 no_lpc=0 local=0 shared=0 neutral=0 miss=0 empty=0 timestamp=0 order=0 coefficients=0 lambda=0 gamma=0 rate=0 strategy=0
B4D12_GRAIN_CLASS class=2 ordinal=0 count=6 add_mean_cycles=255652.7 add_p50_bound=248832 add_p95_bound=274432 add_p99_bound=274432 add_max_cycles=274226 select_mean_cycles=24004.3 near_mean_cycles=31707.8 lookup_mean_cycles=11486.3 poly_mean_cycles=2030.5 gain_mean_cycles=27534.2
B4D12_GRAIN_CACHE class=2 ordinal=0 no_lpc=0 local=0 shared=0 neutral=0 miss=6 empty=0 timestamp=6 order=0 coefficients=6 lambda=0 gamma=0 rate=0 strategy=0
B4D12_GRAIN_CLASS class=2 ordinal=1 count=6 add_mean_cycles=28420.3 add_p50_bound=28672 add_p95_bound=36864 add_p99_bound=36864 add_max_cycles=36510 select_mean_cycles=3760.0 near_mean_cycles=1602.5 lookup_mean_cycles=1682.2 poly_mean_cycles=0.0 gain_mean_cycles=0.0
B4D12_GRAIN_CACHE class=2 ordinal=1 no_lpc=0 local=6 shared=0 neutral=0 miss=0 empty=0 timestamp=0 order=0 coefficients=0 lambda=0 gamma=0 rate=0 strategy=0
B4D12_GRAIN_CACHE class=2 ordinal=2 no_lpc=0 local=0 shared=0 neutral=0 miss=0 empty=0 timestamp=0 order=0 coefficients=0 lambda=0 gamma=0 rate=0 strategy=0
B4D12_GRAIN_CACHE class=2 ordinal=3 no_lpc=0 local=0 shared=0 neutral=0 miss=0 empty=0 timestamp=0 order=0 coefficients=0 lambda=0 gamma=0 rate=0 strategy=0
B4D12_GRAIN_CLASS class=3 ordinal=0 count=12 add_mean_cycles=260350.2 add_p50_bound=262144 add_p95_bound=280576 add_p99_bound=280576 add_max_cycles=279694 select_mean_cycles=24317.9 near_mean_cycles=33825.9 lookup_mean_cycles=11532.6 poly_mean_cycles=1322.8 gain_mean_cycles=26136.9
B4D12_GRAIN_CACHE class=3 ordinal=0 no_lpc=0 local=0 shared=0 neutral=0 miss=12 empty=0 timestamp=12 order=0 coefficients=12 lambda=0 gamma=0 rate=0 strategy=0
B4D12_GRAIN_CLASS class=3 ordinal=1 count=12 add_mean_cycles=29264.8 add_p50_bound=28672 add_p95_bound=35840 add_p99_bound=35840 add_max_cycles=35383 select_mean_cycles=3829.9 near_mean_cycles=1914.5 lookup_mean_cycles=2059.8 poly_mean_cycles=0.0 gain_mean_cycles=0.0
B4D12_GRAIN_CACHE class=3 ordinal=1 no_lpc=0 local=12 shared=0 neutral=0 miss=0 empty=0 timestamp=0 order=0 coefficients=0 lambda=0 gamma=0 rate=0 strategy=0
B4D12_GRAIN_CLASS class=3 ordinal=2 count=12 add_mean_cycles=9170.2 add_p50_bound=8192 add_p95_bound=25600 add_p99_bound=25600 add_max_cycles=24992 select_mean_cycles=2843.9 near_mean_cycles=1756.3 lookup_mean_cycles=194.2 poly_mean_cycles=23.9 gain_mean_cycles=1340.2
B4D12_GRAIN_CACHE class=3 ordinal=2 no_lpc=0 local=11 shared=0 neutral=0 miss=1 empty=0 timestamp=1 order=0 coefficients=1 lambda=0 gamma=0 rate=0 strategy=0
B4D12_GRAIN_CACHE class=3 ordinal=3 no_lpc=0 local=0 shared=0 neutral=0 miss=0 empty=0 timestamp=0 order=0 coefficients=0 lambda=0 gamma=0 rate=0 strategy=0
B4D12_CASE name=mat_e_dimension category=matrix seconds=20 voices=1 comp=1 delay=1 reverb=1 interval=4.0 control=none kind=19 f0=220.0 vocal=1 wall_s=20.009520 blocks=13789
B4D12_PHYSICAL name=mat_e_dimension rx_blocks=13789 tx_blocks=13790 dsp_blocks=13790 rx_frames=882496 tx_frames=882560 effective_fs=44103.807 err_pct=0.0086
B4D12_TRANSPORT name=mat_e_dimension rx_overruns=0 tx_underruns=0 dma_errors=0 actual_rx_dma_errors=0 actual_tx_dma_errors=0 read_failures=0 write_failures=0 rx_dropped_frames=0 tx_dropped_frames=0 rx_seq_gaps=0 tx_seq_gaps=0 nan_inf=0 rx_diag_ovf=1886 tx_diag_ovf=1885
B4D12_DSP name=mat_e_dimension blocks=13789 avg_us=691.462 p50=715 p90=1017 p95=1087 p99=1195 p999=2365 p9999=2681 max=2807 misses=18 miss_per_block=0.00130539 miss_per_s=0.8996 miss_per_min=53.974 miss_per_hour=3238.46
B4D12_LATE name=mat_e_dimension threshold_1200_blocks=126 max_consecutive_late=1 max_lateness_us=1356 cumulative_lateness_us=18194 late_events=18 late_events_dropped=0 recovery_pending=0
B4D12_LATENESS_HIST name=mat_e_dimension le100=0 b100_250=0 b250_500=0 b500_1000=8 b1000_1500=10 gt1500=0
B4D12_CLASS name=mat_e_dimension miss_nmc=0 miss_mc0=0 miss_mc1=0 miss_mc2=6 miss_mc3=12 blocks_nmc=12601 blocks_mc0=0 blocks_mc1=1170 blocks_mc2=6 blocks_mc3=12
B4D12_CLASS_DIST name=mat_e_dimension class=nmc blocks=12601 mean_us=654.31 p50=602 p95=1002 p99=1117 p999=1252 max=1417
B4D12_CLASS_DIST name=mat_e_dimension class=mc1 blocks=1170 mean_us=1064.33 p50=1069 p95=1214 p99=1308 p999=1367 max=1398
B4D12_CLASS_DIST name=mat_e_dimension class=mc2 blocks=6 mean_us=2383.33 p50=2365 p95=2474 p99=2474 p999=2474 max=2474
B4D12_CLASS_DIST name=mat_e_dimension class=mc3 blocks=12 mean_us=2501.00 p50=2460 p95=2807 p99=2807 p999=2807 max=2807
B4D12_CLASS_DIST name=mat_e_dimension class=mc0 blocks=0 mean_us=0.00 p50=0 p95=0 p99=0 p999=0 max=0
B4D12_RECOVERY name=mat_e_dimension pending=0 r0=0 r1=18 r2=0 r3=0 r4=0 r5=0 r6=0 r7=0
B4D12_BACKLOG name=mat_e_dimension current_ms=1.474 avg_ms=1.938 p95_ms=5.442 p99_ms=5.442 max_ms=7.007
B4D12_FIFO name=mat_e_dimension pushes=1269856 pops=1269840 drops=0 overflow_attempts=0 max_occ=93 avg_occ=8.711 current_occ=16
B4D12_LATE_EVENT name=mat_e_dimension blk=186 dsp_us=2458 lateness_us=1007 klass=3 mc=1 ng=3 ad=3 sl=3 prev_miss=0 next1=823 next2=874 next3=811 recov=1 bl_before_ds=0 bl_after_ds=0
B4D12_LATE_EVENT name=mat_e_dimension blk=709 dsp_us=2460 lateness_us=1009 klass=3 mc=1 ng=3 ad=3 sl=3 prev_miss=0 next1=936 next2=1010 next3=1227 recov=1 bl_before_ds=0 bl_after_ds=14
B4D12_LATE_EVENT name=mat_e_dimension blk=877 dsp_us=2309 lateness_us=858 klass=2 mc=1 ng=2 ad=2 sl=2 prev_miss=0 next1=884 next2=866 next3=863 recov=1 bl_before_ds=0 bl_after_ds=14
B4D12_LATE_EVENT name=mat_e_dimension blk=1290 dsp_us=2327 lateness_us=876 klass=2 mc=1 ng=2 ad=2 sl=2 prev_miss=0 next1=1092 next2=842 next3=920 recov=1 bl_before_ds=0 bl_after_ds=0
B4D12_LATE_EVENT name=mat_e_dimension blk=3479 dsp_us=2807 lateness_us=1356 klass=3 mc=1 ng=3 ad=3 sl=3 prev_miss=0 next1=1025 next2=1251 next3=863 recov=1 bl_before_ds=0 bl_after_ds=0
B4D12_LATE_EVENT name=mat_e_dimension blk=6607 dsp_us=2474 lateness_us=1023 klass=2 mc=1 ng=2 ad=2 sl=2 prev_miss=0 next1=796 next2=780 next3=826 recov=1 bl_before_ds=0 bl_after_ds=14
B4D12_LATE_EVENT name=mat_e_dimension blk=6953 dsp_us=2496 lateness_us=1045 klass=3 mc=1 ng=3 ad=3 sl=3 prev_miss=0 next1=905 next2=1044 next3=814 recov=1 bl_before_ds=0 bl_after_ds=4
B4D12_LATE_EVENT name=mat_e_dimension blk=8015 dsp_us=2447 lateness_us=996 klass=3 mc=1 ng=3 ad=3 sl=3 prev_miss=0 next1=1058 next2=937 next3=870 recov=1 bl_before_ds=0 bl_after_ds=0
B4D12_LATE_EVENT name=mat_e_dimension blk=8303 dsp_us=2400 lateness_us=949 klass=2 mc=1 ng=2 ad=2 sl=2 prev_miss=0 next1=1102 next2=1150 next3=824 recov=1 bl_before_ds=0 bl_after_ds=4
B4D12_LATE_EVENT name=mat_e_dimension blk=8977 dsp_us=2264 lateness_us=813 klass=3 mc=1 ng=3 ad=3 sl=3 prev_miss=0 next1=1069 next2=955 next3=907 recov=1 bl_before_ds=0 bl_after_ds=14
B4D12_LATE_EVENT name=mat_e_dimension blk=9705 dsp_us=2681 lateness_us=1230 klass=3 mc=1 ng=3 ad=3 sl=3 prev_miss=0 next1=927 next2=965 next3=1125 recov=1 bl_before_ds=0 bl_after_ds=0
B4D12_LATE_EVENT name=mat_e_dimension blk=9971 dsp_us=2456 lateness_us=1005 klass=3 mc=1 ng=3 ad=3 sl=3 prev_miss=0 next1=824 next2=732 next3=1253 recov=1 bl_before_ds=0 bl_after_ds=0
B4D12_LATE_EVENT name=mat_e_dimension blk=10523 dsp_us=2497 lateness_us=1046 klass=3 mc=1 ng=3 ad=3 sl=3 prev_miss=0 next1=931 next2=922 next3=979 recov=1 bl_before_ds=0 bl_after_ds=4
B4D12_LATE_EVENT name=mat_e_dimension blk=10807 dsp_us=2365 lateness_us=914 klass=2 mc=1 ng=2 ad=2 sl=2 prev_miss=0 next1=1031 next2=845 next3=929 recov=1 bl_before_ds=0 bl_after_ds=14
B4D12_LATE_EVENT name=mat_e_dimension blk=11328 dsp_us=2344 lateness_us=893 klass=3 mc=1 ng=3 ad=3 sl=3 prev_miss=0 next1=714 next2=823 next3=708 recov=1 bl_before_ds=0 bl_after_ds=0
B4D12_LATE_EVENT name=mat_e_dimension blk=11748 dsp_us=2637 lateness_us=1186 klass=3 mc=1 ng=3 ad=3 sl=3 prev_miss=0 next1=995 next2=1021 next3=837 recov=1 bl_before_ds=0 bl_after_ds=0
B4D12_LATE_EVENT name=mat_e_dimension blk=12450 dsp_us=2465 lateness_us=1014 klass=3 mc=1 ng=3 ad=3 sl=3 prev_miss=0 next1=986 next2=904 next3=853 recov=1 bl_before_ds=0 bl_after_ds=0
B4D12_LATE_EVENT name=mat_e_dimension blk=13620 dsp_us=2425 lateness_us=974 klass=2 mc=1 ng=2 ad=2 sl=2 prev_miss=0 next1=1056 next2=823 next3=771 recov=1 bl_before_ds=0 bl_after_ds=0
B4D12_WINDOW name=mat_e_dimension idx=0 partial=1 blocks=13789 avg_us=691.462 p99_us=1200 p999_us=2400 max_us=2807 misses=18 mc2=6 mc3=12 max_consecutive_late=1 backlog_max_ms=5.5 transport_errors=0 cumulative_lateness_us=18194
B4D12_QUALIFY name=mat_e_dimension gate_a_transport=PASS gate_b_physical=PASS fs_ok=1 max_consecutive_late=1 backlog_max_ms=7.007 dsp_miss_independent=1 result=PASS
B4D1_MEMORY tag=b4d12_mat_e_dimension internal_free=93211 internal_largest=31744 spiram_free=17612652 spiram_largest=17301504
B4D1_PRESTAGE name=b4d12_mat_f_drive_warm kind=19 f0=220.0 frames=2866500 fnv=7485cb01 rms=0.068750
[0;31mE (240051) esp_clk_tree: esp_clk_tree_src_get_freq_hz(82): freq shouldn't be 0, calibration failed[0m
[0;31mE (240052) i2s_std: i2s_std_calculate_clock(57): sample rate is too large for the current clock source[0m
[0;31mE (240060) i2s_std: i2s_std_set_clock(74): clock calculate failed[0m
[0;31mE (240067) i2s_std: i2s_channel_init_std_mode(225): initialize channel failed while setting clock[0m
[0;33mW (240076) audio_i2s: AUDIO CLOCK WARNING: APLL unavailable, using XTAL fractional clock[0m
AUDIO CLOCK: EXPECTED_FALLBACK (APLL unavailable, using XTAL fractional clock)

=======================================================
            AUDIO HARDWARE CONFIGURATION               
=======================================================
Target Board:                   Wireless-Tag WT9932P4-TINY (ESP32-P4)
requested Fs:                   44100 Hz
actual/configured clock source: SOC_MOD_CLK_XTAL (XTAL fractional clock)
source clock Hz:                40000000 Hz
MCLK Hz:                        11289600 Hz
BCLK Hz:                        2822400 Hz
LRCK/Fs:                        44100 Hz
MCLK/Fs ratio:                  256
BCLK/Fs ratio:                  64
I2S Controller:                 I2S_NUM_0 (Full-Duplex Standard Philips)
MCLK GPIO:                      GPIO_19 (Header Pin 4 -> PCM1808 SCKI)
BCLK GPIO:                      GPIO_20 (Header Pin 5 -> PCM1808/PCM5102 BCK)
WS GPIO:                        GPIO_21 (Header Pin 6 -> PCM1808/PCM5102 LRCK)
DOUT GPIO:                      GPIO_22 (Header Pin 7 -> PCM5102 DIN)
DIN GPIO:                       GPIO_23 (Header Pin 8 <- PCM1808 DOUT)
Data Width:                     32-bit slot, 24-bit audio MSB-aligned in bits [31:8]
Slot Width:                     32 bits per slot (2 slots/frame = 64 BCLK/frame)
Channels:                       Stereo (L/R interleaved)
DMA Descriptors:                6 descriptors
DMA Frame Count:                64 frames/desc (512 bytes/desc)
DMA buffering capacity:         8.00 ms (384 frames total)
physical/effective latency:     PENDING_HARDWARE_MEASUREMENT
=======================================================

B4D1_STACK audio_hwm_bytes=15824 pitch_hwm_bytes=8700
B4D12_FORENSIC_HEADER set,block,dsp_us,cycle_us,input_cycles,comp_cycles,harmony_cycles,drive_cycles,chorus_cycles,delay_cycles,reverb_cycles,master_cycles,new_grains,active_grains,source_grains,grain_samples,model_lookups,model_expensive,model_warp_us,formant_changed,pitch_changed,track_state,fallback,recovery,fir_computed,fir_reused,deferred_slices,psola_sched_cycles,psola_addgrain_cycles,psola_deferred_cycles,psola_mark_cycles,psola_desc_cycles,psola_near_cycles,psola_poly_cycles,psola_gn_cycles
B4D12_FORENSIC_COUNT top=100 misses=19 miss_dropped=0
B4D12_FORENSIC,top,10533,1214,1426,0,0,0,0,0,0,0,0,1,1,0,437,1,1,255.64,1,1,2,1,0,0,0,3,121508,114048,27213,6444,316,5648,699,27410
B4D12_FORENSIC,top,186,2421,2543,0,0,0,0,0,0,0,0,2,2,0,822,2,1,476.60,1,0,2,1,0,0,0,2,330566,282346,110072,27379,11238,35591,1457,24820
B4D12_FORENSIC,top,10632,1240,1407,0,0,0,0,0,0,0,0,1,1,0,465,1,1,141.18,1,0,2,0,0,0,0,3,104356,94196,26453,14416,284,5127,330,21953
B4D12_FORENSIC,top,10177,1197,1426,0,0,0,0,0,0,0,0,1,1,0,421,1,1,192.36,1,0,2,0,0,0,0,3,96440,83620,30018,4145,2990,15626,328,40646
B4D12_FORENSIC,top,10873,1192,1420,0,0,0,0,0,0,0,0,1,1,0,427,1,1,95.90,1,0,2,0,0,0,0,3,91046,75500,40227,12216,10882,5056,329,24515
B4D12_FORENSIC,top,1289,2286,2408,0,0,0,0,0,0,0,0,2,2,0,930,2,1,417.83,1,0,2,1,0,0,0,2,303936,261664,104350,29686,11215,32623,1450,24860
B4D12_FORENSIC,top,8733,1201,1412,0,0,0,0,0,0,0,0,1,1,0,425,1,1,202.89,1,0,2,0,0,0,0,3,108280,95418,33389,6822,2972,24627,327,24702
B4D12_FORENSIC,top,7044,1260,1411,0,0,0,0,0,0,0,0,1,1,0,355,1,0,104.16,0,0,2,0,0,0,0,3,107776,84412,36910,26343,5672,23253,0,0
B4D12_FORENSIC,top,10655,1399,1481,0,0,0,0,0,0,0,0,1,1,0,477,1,1,185.46,1,0,2,0,0,0,0,3,101536,85977,36377,6366,5664,13083,322,27234
B4D12_FORENSIC,top,1055,1251,1363,0,0,0,0,0,0,0,0,1,1,0,401,1,1,104.10,1,0,2,0,0,0,0,3,64634,57122,25971,6801,2977,7973,319,21887
B4D12_FORENSIC,top,12959,1263,1425,0,0,0,0,0,0,0,0,0,0,0,0,0,0,0.00,0,0,2,0,0,0,0,3,2084,0,34036,0,0,0,0,0
B4D12_FORENSIC,top,9975,1234,1324,0,0,0,0,0,0,0,0,1,1,0,635,1,1,97.72,1,0,2,1,0,0,0,4,81144,73543,50824,9416,10992,2529,328,19610
B4D12_FORENSIC,top,10049,1206,1432,0,0,0,0,0,0,0,0,1,1,0,479,1,0,56.28,0,0,2,0,0,0,0,3,82928,62616,42322,29484,5690,5865,0,0
B4D12_FORENSIC,top,1877,1242,1418,0,0,0,0,0,0,0,0,1,1,0,431,1,0,84.32,0,0,2,0,0,0,0,3,67934,55154,31940,4213,10846,21408,0,0
B4D12_FORENSIC,top,8095,1269,1404,0,0,0,0,0,0,0,0,1,1,0,323,1,1,164.31,1,0,2,1,0,0,0,3,96448,91816,20748,6296,5662,5175,708,24501
B4D12_FORENSIC,top,11323,2318,2427,0,0,0,0,0,0,0,0,3,3,0,1513,3,1,474.57,1,0,2,1,0,0,0,3,349803,293922,115650,36823,11526,29813,341,32854
B4D12_FORENSIC,top,1299,1293,1419,0,0,0,0,0,0,0,0,1,1,0,477,1,1,251.20,1,0,2,1,0,0,0,3,128412,118168,51209,4121,5692,5076,324,45508
B4D12_FORENSIC,top,1503,1301,1426,0,0,0,0,0,0,0,0,1,1,0,427,1,1,150.96,1,0,2,0,0,0,0,3,112796,100002,24663,22111,5648,3150,331,24709
B4D12_FORENSIC,top,10801,2261,2358,0,0,0,0,0,0,0,0,3,3,0,1129,3,1,420.75,1,0,2,1,0,0,0,3,314862,254208,110235,30233,11484,32653,332,30070
B4D12_FORENSIC,top,1964,1210,1416,0,0,0,0,0,0,0,0,1,1,0,429,1,1,246.00,1,0,2,0,0,0,0,2,134388,113348,19497,6722,8184,10640,330,29975
B4D12_FORENSIC,top,10805,1383,1484,0,0,0,0,0,0,0,0,1,1,0,375,1,0,119.37,0,0,2,1,0,0,0,3,91932,71022,42594,6849,8642,15604,0,0
B4D12_FORENSIC,top,11748,2354,2463,0,0,0,0,0,0,0,0,2,2,0,842,2,2,466.89,1,0,2,1,0,0,0,2,325522,283059,112340,27382,11865,36795,1713,41000
B4D12_FORENSIC,top,12952,1193,1429,0,0,0,0,0,0,0,0,1,1,0,333,1,1,169.73,1,0,2,0,0,0,0,3,106902,85996,28235,9518,8202,3223,333,36765
B4D12_FORENSIC,top,1527,1241,1426,0,0,0,0,0,0,0,0,1,1,0,425,1,1,262.10,1,0,2,0,0,0,0,3,126870,116676,35765,4190,5532,10317,329,54473
B4D12_FORENSIC,top,6641,1394,1511,0,0,0,0,0,0,0,0,1,1,0,799,1,0,62.39,0,0,2,0,0,0,0,3,78600,63090,69115,7991,10570,9136,0,0
B4D12_FORENSIC,top,7577,1200,1315,0,0,0,0,0,0,0,0,1,1,0,399,1,1,163.94,1,1,2,1,0,0,0,3,91563,83990,25472,12171,5648,2547,1455,24688
B4D12_FORENSIC,top,10518,2474,2588,0,0,0,0,0,0,0,0,3,3,0,1143,3,1,469.79,1,0,2,1,0,0,0,3,336885,283761,116048,31886,11875,31965,318,24682
B4D12_FORENSIC,top,1453,1207,1418,0,0,0,0,0,0,0,0,1,1,0,427,1,1,202.03,1,0,2,0,0,0,0,3,121306,105721,44885,6626,5664,15828,3046,30409
B4D12_FORENSIC,top,1524,1271,1423,0,0,0,0,0,0,0,0,1,1,0,425,1,0,105.22,0,0,2,0,0,0,0,3,83832,68248,28864,6825,16056,26096,0,0
B4D12_FORENSIC,top,11039,1226,1422,0,0,0,0,0,0,0,0,1,1,0,423,1,1,141.43,1,0,2,0,0,0,0,3,80616,67882,21686,6819,2972,2526,1446,24665
B4D12_FORENSIC,top,12162,1251,1417,0,0,0,0,0,0,0,0,1,1,0,413,1,1,208.86,1,0,2,0,0,0,0,3,124070,95358,28104,4605,5654,7921,328,24687
B4D12_FORENSIC,top,8591,1217,1426,0,0,0,0,0,0,0,0,1,1,0,429,1,0,49.64,0,0,2,0,0,0,0,3,78884,48092,47951,12254,10838,11462,0,0
B4D12_FORENSIC,top,8664,1217,1419,0,0,0,0,0,0,0,0,1,1,0,429,1,0,63.45,0,0,2,0,0,0,0,3,52763,42406,32912,6862,2966,5802,0,0
B4D12_FORENSIC,top,11833,1291,1408,0,0,0,0,0,0,0,0,1,1,0,425,1,1,194.20,1,0,2,0,0,0,0,2,141928,110302,21733,5970,5711,2642,334,29985
B4D12_FORENSIC,top,1935,1303,1423,0,0,0,0,0,0,0,0,1,1,0,423,1,1,193.65,1,0,2,0,0,0,0,3,137637,124694,35652,26358,8240,2655,326,29959
B4D12_FORENSIC,top,1885,1193,1419,0,0,0,0,0,0,0,0,1,1,0,429,1,1,187.79,1,0,2,0,0,0,0,3,113448,95364,29264,4141,5693,10554,325,27984
B4D12_FORENSIC,top,1349,1240,1426,0,0,0,0,0,0,0,0,1,1,0,467,1,0,96.57,0,0,2,0,0,0,0,3,84740,71630,32019,6798,5328,19982,0,0
B4D12_FORENSIC,top,12172,1201,1435,0,0,0,0,0,0,0,0,1,1,0,417,1,1,221.27,1,0,2,0,0,0,0,3,106795,93928,40239,6794,310,2631,1438,34472
B4D12_FORENSIC,top,7381,1272,1427,0,0,0,0,0,0,0,0,1,1,0,327,1,1,179.99,1,0,2,0,0,0,0,3,102684,84448,46480,6841,2975,2482,339,30369
B4D12_FORENSIC,top,3487,1225,1419,0,0,0,0,0,0,0,0,1,1,0,359,1,1,116.90,1,0,2,1,0,0,0,3,67800,63115,32159,5444,295,2303,330,34735
B4D12_FORENSIC,top,1001,1316,1437,0,0,0,0,0,0,0,0,1,1,0,401,1,0,27.01,0,0,2,0,0,0,0,3,75852,42532,42238,4130,13528,3312,0,0
B4D12_FORENSIC,top,8297,2317,2445,0,0,0,0,0,0,0,0,2,2,0,950,2,1,438.80,1,0,2,1,0,0,0,2,319918,267034,108372,28601,11235,33379,1447,24782
B4D12_FORENSIC,top,1132,1266,1420,0,0,0,0,0,0,0,0,1,1,0,355,1,1,201.12,1,0,2,1,0,0,0,3,118188,113376,27167,4185,5528,18393,695,22155
B4D12_FORENSIC,top,6602,2452,2554,0,0,0,0,0,0,0,0,2,2,0,1682,2,1,503.53,1,0,2,1,0,0,0,2,349018,295827,114772,26221,11403,36204,331,27454
B4D12_FORENSIC,top,13087,1251,1411,0,0,0,0,0,0,0,0,1,1,0,377,1,1,150.07,1,0,2,0,0,0,0,3,75766,65730,24495,4191,3000,2550,3027,27647
B4D12_FORENSIC,top,6665,1216,1426,0,0,0,0,0,0,0,0,1,1,0,793,1,0,95.51,0,0,2,0,0,0,0,3,110461,71340,25230,10741,5667,11956,0,0
B4D12_FORENSIC,top,8863,1352,1460,0,0,0,0,0,0,0,0,1,1,0,423,1,1,178.72,1,0,2,0,0,0,0,3,91662,81568,27734,4217,3128,15911,324,24698
B4D12_FORENSIC,top,1843,1221,1418,0,0,0,0,0,0,0,0,1,1,0,421,1,1,230.50,1,0,2,0,0,0,0,3,119960,112524,32514,8822,8182,15896,3031,43065
B4D12_FORENSIC,top,1083,1224,1412,0,0,0,0,0,0,0,0,1,1,0,395,1,1,231.64,1,0,2,0,0,0,0,3,129732,119178,25882,6845,2990,3232,5683,34918
B4D12_FORENSIC,top,7379,1274,1427,0,0,0,0,0,0,0,0,1,1,0,327,1,0,48.63,0,0,2,0,0,0,0,3,86822,39998,37292,4108,3384,3258,0,0
B4D12_FORENSIC,top,9703,2475,2591,0,0,0,0,0,0,0,0,3,3,0,1097,3,1,525.50,1,0,2,1,0,0,0,3,357634,304531,117268,25790,11525,35473,4547,32821
B4D12_FORENSIC,top,707,2418,2528,0,0,0,0,0,0,0,0,2,2,0,814,2,1,440.54,1,0,2,1,0,0,0,2,320521,270056,117964,28190,11219,34552,1454,24934
B4D12_FORENSIC,top,1075,1252,1360,0,0,0,0,0,0,0,0,1,1,0,401,1,1,238.57,1,0,2,0,0,0,0,3,126364,110730,26028,6791,8200,13136,332,40921
B4D12_FORENSIC,top,1977,1190,1419,0,0,0,0,0,0,0,0,1,1,0,431,1,1,249.71,1,0,2,0,0,0,0,3,116924,109392,37443,4125,5512,2525,329,61037
B4D12_FORENSIC,top,13123,1229,1402,0,0,0,0,0,0,0,0,1,1,0,427,1,1,171.73,1,0,2,1,0,0,0,3,136580,108056,25111,6790,8320,10735,328,27339
B4D12_FORENSIC,top,723,1234,1410,0,0,0,0,0,0,0,0,1,1,0,403,1,1,289.72,1,0,2,1,0,0,0,3,138682,131184,29068,6151,8210,10192,333,40768
B4D12_FORENSIC,top,3475,2492,2591,0,0,0,0,0,0,0,0,2,2,0,726,2,2,506.90,1,0,2,1,0,0,0,2,349980,298964,123635,29242,11272,37917,1732,41387
B4D12_FORENSIC,top,8990,2522,2642,0,0,0,0,0,0,0,0,3,3,0,1759,3,2,539.96,1,0,2,1,0,0,0,3,371978,307959,121459,36536,11515,44353,1747,49820
B4D12_FORENSIC,top,6670,1283,1421,0,0,0,0,0,0,0,0,1,1,0,801,1,1,220.09,1,0,2,0,0,0,0,3,123906,110722,26448,5459,2972,10778,1433,32824
B4D12_FORENSIC,top,1887,1204,1427,0,0,0,0,0,0,0,0,1,1,0,429,1,0,48.76,0,0,2,0,0,0,0,3,41922,29178,23967,4195,286,3184,0,0
B4D12_FORENSIC,top,7007,1319,1420,0,0,0,0,0,0,0,0,1,1,0,355,1,1,81.91,1,0,2,0,0,0,0,3,58018,50616,32543,3043,8192,5130,323,19350
B4D12_FORENSIC,top,10303,1223,1426,0,0,0,0,0,0,0,0,1,1,0,427,1,1,191.92,1,0,2,0,0,0,0,3,112478,91550,34712,6890,3004,21010,330,26994
B4D12_FORENSIC,top,6950,2331,2441,0,0,0,0,0,0,0,0,2,2,0,716,2,1,464.70,1,0,2,1,0,0,0,2,329029,275900,105313,27264,11232,34539,1449,27326
B4D12_FORENSIC,top,10111,1389,1504,0,0,0,0,0,0,0,0,1,1,0,423,1,1,220.33,1,0,2,0,0,0,0,3,125366,107106,44058,12232,5690,13035,5668,42596
B4D12_FORENSIC,top,13151,1236,1390,0,0,0,0,0,0,0,0,1,1,0,409,1,1,156.42,1,0,2,0,0,0,0,3,86116,73272,28553,4097,5664,2464,320,24728
B4D12_FORENSIC,top,1070,1245,1391,0,0,0,0,0,0,0,0,1,1,0,401,1,0,92.00,0,0,2,0,0,0,0,3,62978,55452,36919,9506,5664,15668,0,0
B4D12_FORENSIC,top,9707,1296,1385,0,0,0,0,0,0,0,0,1,1,0,371,1,0,52.01,0,0,2,1,0,0,0,4,38548,33754,91702,2425,298,12334,0,0
B4D12_FORENSIC,top,3635,1202,1382,0,0,0,0,0,0,0,0,1,1,0,319,1,1,163.31,1,0,2,1,0,0,0,3,83212,75686,33049,4174,8192,2504,329,24436
B4D12_FORENSIC,top,1651,1208,1418,0,0,0,0,0,0,0,0,1,1,0,421,1,1,149.55,1,0,2,0,0,0,0,3,89542,74160,36939,7378,2990,18480,330,22342
B4D12_FORENSIC,top,7519,1208,1426,0,0,0,0,0,0,0,0,1,1,0,361,1,1,140.91,1,0,2,0,0,0,0,3,78254,67940,33661,4272,5682,7828,321,27188
B4D12_FORENSIC,top,10040,1330,1429,0,0,0,0,0,0,0,0,1,1,0,479,1,1,201.72,1,0,2,0,0,0,0,3,121310,105710,36661,12275,5680,2529,1455,46255
B4D12_FORENSIC,top,9988,1215,1411,0,0,0,0,0,0,0,0,1,1,0,449,1,0,56.46,0,1,2,1,0,0,0,2,42235,37264,24634,4135,5672,14058,0,0
B4D12_FORENSIC,top,6646,1361,1479,0,0,0,0,0,0,0,0,1,1,0,821,1,1,205.12,1,0,2,0,0,0,0,3,164134,137918,32816,21486,8354,6460,329,30163
B4D12_FORENSIC,top,13126,1202,1433,0,0,0,0,0,0,0,0,1,1,0,427,1,0,56.91,0,0,2,1,0,0,0,3,44812,37334,30902,6742,2970,14067,0,0
B4D12_FORENSIC,top,7042,1221,1427,0,0,0,0,0,0,0,0,1,1,0,355,1,1,150.85,1,0,2,0,0,0,0,3,83280,75794,33324,6065,5528,2580,333,44109
B4D12_FORENSIC,top,871,2316,2421,0,0,0,0,0,0,0,0,3,3,0,1209,3,1,435.58,1,0,2,1,0,0,0,3,323530,267600,119998,36768,11773,35580,325,24714
B4D12_FORENSIC,top,6676,1220,1425,0,0,0,0,0,0,0,0,1,1,0,811,1,1,137.32,1,0,2,0,0,0,0,3,118224,105316,44205,13630,10874,11360,329,19662
B4D12_FORENSIC,top,883,1233,1410,0,0,0,0,0,0,0,0,1,1,0,409,1,1,252.93,1,0,2,1,0,0,0,3,139217,120960,32645,3611,2994,7673,331,30148
B4D12_FORENSIC,top,13619,2393,2534,0,0,0,0,0,0,0,0,2,2,0,930,2,1,465.98,1,0,2,1,0,0,0,2,331351,281106,118162,26439,11235,33272,1449,24804
B4D12_FORENSIC,top,8325,1283,1427,0,0,0,0,0,0,0,0,1,1,0,481,1,1,247.01,1,0,2,0,0,0,0,2,153146,140288,19967,3562,8354,9470,329,24657
B4D12_FORENSIC,top,9823,1227,1411,0,0,0,0,0,0,0,0,1,1,0,329,1,1,134.32,1,0,2,0,0,0,0,3,88090,67716,28310,6521,294,5183,318,24733
B4D12_FORENSIC,top,7541,1202,1388,0,0,0,0,0,0,0,0,1,1,0,361,1,0,26.73,0,0,2,0,0,0,0,3,42124,29316,31011,4186,5662,5923,0,0
B4D12_FORENSIC,top,1927,1194,1419,0,0,0,0,0,0,0,0,1,1,0,419,1,1,155.63,1,0,2,0,0,0,0,3,112786,91884,27960,6880,5685,5142,331,29769
B4D12_FORENSIC,top,10564,1196,1450,0,0,0,0,0,0,0,0,1,1,0,421,1,1,188.26,1,0,2,0,0,0,0,3,94522,78952,30491,3667,308,11194,330,38183
B4D12_FORENSIC,top,2014,1230,1431,0,0,0,0,0,0,0,0,1,1,0,421,1,1,194.88,1,0,2,0,0,0,0,3,113853,100932,33998,6833,3340,5855,328,32855
B4D12_FORENSIC,top,8009,2464,2544,0,0,0,0,0,0,0,0,3,3,0,1113,3,1,473.18,1,0,2,1,0,0,0,3,340242,289687,116004,30252,11494,37828,1439,24787
B4D12_FORENSIC,top,8422,1202,1420,0,0,0,0,0,0,0,0,1,1,0,431,1,1,222.56,1,0,2,0,0,0,0,3,114755,101892,27068,11613,299,7036,330,52023
B4D12_FORENSIC,top,12445,2380,2495,0,0,0,0,0,0,0,0,3,3,0,1099,3,1,482.06,1,0,2,1,0,0,0,3,340908,287933,119526,33630,11499,34743,1433,24683
B4D12_FORENSIC,top,1930,1237,1456,0,0,0,0,0,0,0,0,1,1,0,419,1,0,49.06,0,0,2,0,0,0,0,3,60878,47938,28363,4183,8184,8664,0,0
B4D12_FORENSIC,top,9972,2393,2533,0,0,0,0,0,0,0,0,3,3,0,1983,3,1,431.61,1,1,2,1,0,0,0,3,327213,273833,109971,30493,11491,38206,1452,24618
B4D12_FORENSIC,top,8991,1470,1609,0,0,0,0,0,0,0,0,1,1,0,319,1,1,72.53,1,0,2,1,0,0,0,4,77370,67286,41385,6835,3016,1810,318,16571
B4D12_FORENSIC,top,8667,1260,1405,0,0,0,0,0,0,0,0,1,1,0,425,1,1,195.10,1,0,2,0,0,0,0,3,105492,89964,37061,6867,3004,7934,330,33166
B4D12_FORENSIC,top,1375,1205,1403,0,0,0,0,0,0,0,0,1,1,0,443,1,1,150.00,1,0,2,1,0,0,0,3,70534,65746,23567,4099,310,16003,326,22229
B4D12_FORENSIC,top,3745,1193,1383,0,0,0,0,0,0,0,0,1,1,0,321,1,1,194.91,1,0,2,0,0,0,0,3,115407,108514,31468,9447,8228,21172,330,24844
B4D12_FORENSIC,top,1801,1209,1420,0,0,0,0,0,0,0,0,1,1,0,433,1,1,135.44,1,0,2,0,0,0,0,3,99986,87088,35803,12012,8354,2592,329,27735
B4D12_FORENSIC,top,12954,1243,1403,0,0,0,0,0,0,0,0,1,1,0,333,1,0,63.26,0,0,2,0,0,0,0,3,70746,63254,69884,14442,10874,5886,0,0
B4D12_FORENSIC,top,1296,1306,1421,0,0,0,0,0,0,0,0,1,1,0,479,1,0,150.54,0,0,2,1,0,0,0,3,97748,87428,30086,6850,11170,42132,0,0
B4D12_FORENSIC,top,13121,1234,1420,0,0,0,0,0,0,0,0,1,1,0,423,1,0,26.52,0,1,2,1,0,0,0,3,65806,40188,28949,7084,2962,5953,0,0
B4D12_FORENSIC,top,12853,1215,1420,0,0,0,0,0,0,0,0,1,1,0,319,1,1,217.29,1,0,2,0,0,0,0,2,132018,113892,20823,9499,8228,2648,354,35564
B4D12_FORENSIC,top,1993,1324,1448,0,0,0,0,0,0,0,0,1,1,0,427,1,1,156.35,1,0,2,0,0,0,0,3,115610,105408,45459,9638,10882,10640,327,24575
B4D12_FORENSIC,miss,186,2421,2543,0,0,0,0,0,0,0,0,2,2,0,822,2,1,476.60,1,0,2,1,0,0,0,2,330566,282346,110072,27379,11238,35591,1457,24820
B4D12_FORENSIC,miss,707,2418,2528,0,0,0,0,0,0,0,0,2,2,0,814,2,1,440.54,1,0,2,1,0,0,0,2,320521,270056,117964,28190,11219,34552,1454,24934
B4D12_FORENSIC,miss,871,2316,2421,0,0,0,0,0,0,0,0,3,3,0,1209,3,1,435.58,1,0,2,1,0,0,0,3,323530,267600,119998,36768,11773,35580,325,24714
B4D12_FORENSIC,miss,1289,2286,2408,0,0,0,0,0,0,0,0,2,2,0,930,2,1,417.83,1,0,2,1,0,0,0,2,303936,261664,104350,29686,11215,32623,1450,24860
B4D12_FORENSIC,miss,3475,2492,2591,0,0,0,0,0,0,0,0,2,2,0,726,2,2,506.90,1,0,2,1,0,0,0,2,349980,298964,123635,29242,11272,37917,1732,41387
B4D12_FORENSIC,miss,6602,2452,2554,0,0,0,0,0,0,0,0,2,2,0,1682,2,1,503.53,1,0,2,1,0,0,0,2,349018,295827,114772,26221,11403,36204,331,27454
B4D12_FORENSIC,miss,6950,2331,2441,0,0,0,0,0,0,0,0,2,2,0,716,2,1,464.70,1,0,2,1,0,0,0,2,329029,275900,105313,27264,11232,34539,1449,27326
B4D12_FORENSIC,miss,8009,2464,2544,0,0,0,0,0,0,0,0,3,3,0,1113,3,1,473.18,1,0,2,1,0,0,0,3,340242,289687,116004,30252,11494,37828,1439,24787
B4D12_FORENSIC,miss,8297,2317,2445,0,0,0,0,0,0,0,0,2,2,0,950,2,1,438.80,1,0,2,1,0,0,0,2,319918,267034,108372,28601,11235,33379,1447,24782
B4D12_FORENSIC,miss,8990,2522,2642,0,0,0,0,0,0,0,0,3,3,0,1759,3,2,539.96,1,0,2,1,0,0,0,3,371978,307959,121459,36536,11515,44353,1747,49820
B4D12_FORENSIC,miss,8991,1470,1609,0,0,0,0,0,0,0,0,1,1,0,319,1,1,72.53,1,0,2,1,0,0,0,4,77370,67286,41385,6835,3016,1810,318,16571
B4D12_FORENSIC,miss,9703,2475,2591,0,0,0,0,0,0,0,0,3,3,0,1097,3,1,525.50,1,0,2,1,0,0,0,3,357634,304531,117268,25790,11525,35473,4547,32821
B4D12_FORENSIC,miss,9972,2393,2533,0,0,0,0,0,0,0,0,3,3,0,1983,3,1,431.61,1,1,2,1,0,0,0,3,327213,273833,109971,30493,11491,38206,1452,24618
B4D12_FORENSIC,miss,10518,2474,2588,0,0,0,0,0,0,0,0,3,3,0,1143,3,1,469.79,1,0,2,1,0,0,0,3,336885,283761,116048,31886,11875,31965,318,24682
B4D12_FORENSIC,miss,10801,2261,2358,0,0,0,0,0,0,0,0,3,3,0,1129,3,1,420.75,1,0,2,1,0,0,0,3,314862,254208,110235,30233,11484,32653,332,30070
B4D12_FORENSIC,miss,11323,2318,2427,0,0,0,0,0,0,0,0,3,3,0,1513,3,1,474.57,1,0,2,1,0,0,0,3,349803,293922,115650,36823,11526,29813,341,32854
B4D12_FORENSIC,miss,11748,2354,2463,0,0,0,0,0,0,0,0,2,2,0,842,2,2,466.89,1,0,2,1,0,0,0,2,325522,283059,112340,27382,11865,36795,1713,41000
B4D12_FORENSIC,miss,12445,2380,2495,0,0,0,0,0,0,0,0,3,3,0,1099,3,1,482.06,1,0,2,1,0,0,0,3,340908,287933,119526,33630,11499,34743,1433,24683
B4D12_FORENSIC,miss,13619,2393,2534,0,0,0,0,0,0,0,0,2,2,0,930,2,1,465.98,1,0,2,1,0,0,0,2,331351,281106,118162,26439,11235,33272,1449,24804
B4D12_GRAIN_HEADER set,block,ordinal,source_center,destination_center,half,model_timestamp,model_order,lambda_bits,gamma_bits,sample_rate_bits,norm_strategy,cache_path,local_difference,shared_difference,addgrain_cycles,select_cycles,model_near_cycles,cache_lookup_cycles,polynomial_cycles,gain_cycles
B4D12_GRAIN,top,186,0,5222658,5224023,208,5223295,16,0,1065101558,1194083328,2,4,10,10,255784,24484,34303,7053,1457,24820
B4D12_GRAIN,top,186,1,5222860,5224191,202,5223295,16,0,1065101558,1194083328,2,1,0,0,26562,2867,1288,1762,0,0
B4D12_GRAIN,top,1289,0,5293226,5294603,229,5293567,16,0,1065101558,1194083328,2,4,10,10,235630,25559,30476,7053,1450,24860
B4D12_GRAIN,top,1289,1,5293461,5294792,235,5293567,16,0,1065101558,1194083328,2,1,0,0,26034,4099,2147,1770,0,0
B4D12_GRAIN,top,11323,0,5935274,5936626,259,5935615,16,0,1065101558,1194083328,2,4,10,10,251318,24936,25940,3062,341,32854
B4D12_GRAIN,top,11323,1,5935522,5936837,248,5935615,16,0,1065101558,1194083328,2,1,0,0,34611,8810,1978,1773,0,0
B4D12_GRAIN,top,11323,2,5935522,5937049,248,5935615,16,0,1065101558,1194083328,2,1,0,0,7993,3035,1895,199,0,0
B4D12_GRAIN,top,10801,0,5901884,5903295,184,5902591,16,0,1065101558,1194083328,2,4,10,10,214749,14620,29756,4363,332,30070
B4D12_GRAIN,top,10801,1,5902080,5903441,192,5902591,16,0,1065101558,1194083328,2,1,0,0,31435,11949,1518,222,0,0
B4D12_GRAIN,top,10801,2,5902267,5903588,187,5902591,16,0,1065101558,1194083328,2,1,0,0,8024,3622,1379,195,0,0
B4D12_GRAIN,top,11748,0,5962573,5963976,210,5962495,16,0,1065101558,1194083328,2,4,10,10,256752,24398,34764,4356,1435,24857
B4D12_GRAIN,top,11748,1,5962783,5964142,210,5962879,16,0,1065101558,1194083328,2,4,10,10,26307,2956,2031,102,278,16143
B4D12_GRAIN,top,10518,0,5883824,5885215,186,5884543,16,0,1065101558,1194083328,2,4,10,10,248792,25072,29501,7045,318,24682
B4D12_GRAIN,top,10518,1,5884016,5885375,192,5884543,16,0,1065101558,1194083328,2,1,0,0,27851,3613,1276,1764,0,0
B4D12_GRAIN,top,10518,2,5884016,5885535,192,5884543,16,0,1065101558,1194083328,2,1,0,0,7118,3159,1188,196,0,0
B4D12_GRAIN,top,8297,0,5741801,5743163,237,5742463,16,0,1065101558,1194083328,2,4,10,10,240182,25166,32077,4345,1447,24782
B4D12_GRAIN,top,8297,1,5741801,5743351,237,5742463,16,0,1065101558,1194083328,2,1,0,0,26852,3407,1302,1774,0,0
B4D12_GRAIN,top,6602,0,5633430,5634671,420,5633407,16,0,1065101558,1194083328,2,4,10,10,266248,23903,34211,5506,331,27454
B4D12_GRAIN,top,6602,1,5633430,5635000,420,5633407,16,0,1065101558,1194083328,2,1,0,0,29579,2290,1993,1778,0,0
B4D12_GRAIN,top,9703,0,5831733,5833107,177,5832319,16,0,1065101558,1194083328,2,4,10,10,272224,21210,33015,8210,4547,32821
B4D12_GRAIN,top,9703,1,5831918,5833240,185,5832319,16,0,1065101558,1194083328,2,1,0,0,26264,2478,1282,1765,0,0
B4D12_GRAIN,top,9703,2,5831918,5833372,185,5832319,16,0,1065101558,1194083328,2,1,0,0,6043,2060,1176,196,0,0
B4D12_GRAIN,top,707,0,5256016,5257374,206,5256703,16,0,1065101558,1194083328,2,4,10,10,240328,24880,33245,5517,1454,24934
B4D12_GRAIN,top,707,1,5256216,5257533,200,5256703,16,0,1065101558,1194083328,2,1,0,0,29728,3282,1307,1765,0,0
B4D12_GRAIN,top,3475,0,5433104,5434520,181,5432959,16,0,1065101558,1194083328,2,4,10,10,270704,24058,35869,12481,1438,25272
B4D12_GRAIN,top,3475,1,5433285,5434663,181,5433343,16,0,1065101558,1194083328,2,4,10,10,28260,5156,2048,110,294,16115
B4D12_GRAIN,top,8990,0,5785964,5787416,560,5785855,16,0,1065101558,1194083328,2,4,10,10,252384,28624,39799,9709,1465,33750
B4D12_GRAIN,top,8990,1,5786123,5787541,159,5786239,16,0,1065101558,1194083328,2,4,10,10,27770,4009,2309,106,282,16070
B4D12_GRAIN,top,8990,2,5786123,5787666,159,5786239,16,0,1065101558,1194083328,2,1,0,0,27805,3859,2245,1763,0,0
B4D12_GRAIN,top,6950,0,5655581,5656957,178,5656063,16,0,1065101558,1194083328,2,4,10,10,252386,24376,33264,7045,1449,27326
B4D12_GRAIN,top,6950,1,5655760,5657100,179,5656063,16,0,1065101558,1194083328,2,1,0,0,23514,2860,1275,1756,0,0
B4D12_GRAIN,top,871,0,5266364,5267775,201,5267071,16,0,1065101558,1194083328,2,4,10,10,214470,16709,32587,4374,325,24714
B4D12_GRAIN,top,871,1,5266574,5267935,204,5267071,16,0,1065101558,1194083328,2,1,0,0,45710,16881,1591,2834,0,0
B4D12_GRAIN,top,871,2,5266772,5268094,198,5267071,16,0,1065101558,1194083328,2,1,0,0,7420,3139,1402,208,0,0
B4D12_GRAIN,top,13619,0,6082349,6083713,230,6082687,16,0,1065101558,1194083328,2,4,10,10,253996,23947,31307,2816,1449,24804
B4D12_GRAIN,top,13619,1,6082583,6083891,234,6082687,16,0,1065101558,1194083328,2,1,0,0,27110,2464,1965,1757,0,0
B4D12_GRAIN,top,8009,0,5723269,5724640,185,5723647,16,0,1065101558,1194083328,2,4,10,10,248898,24637,33904,4363,1439,24787
B4D12_GRAIN,top,8009,1,5723454,5724785,185,5723647,16,0,1065101558,1194083328,2,1,0,0,30513,2847,2005,1782,0,0
B4D12_GRAIN,top,8009,2,5723454,5724930,185,5723647,16,0,1065101558,1194083328,2,1,0,0,10276,2729,1919,204,0,0
B4D12_GRAIN,top,12445,0,6007195,6008558,186,6007807,16,0,1065101558,1194083328,2,4,10,10,253990,27631,32286,9745,1433,24683
B4D12_GRAIN,top,12445,1,6007376,6008701,181,6007807,16,0,1065101558,1194083328,2,1,0,0,27075,3085,1275,1759,0,0
B4D12_GRAIN,top,12445,2,6007376,6008845,181,6007807,16,0,1065101558,1194083328,2,1,0,0,6868,2870,1182,200,0,0
B4D12_GRAIN,top,9972,0,5848934,5850233,330,5848831,16,0,1065101558,1194083328,2,4,10,10,233600,22947,32397,4363,1452,24618
B4D12_GRAIN,top,9972,1,5848934,5850451,330,5848831,16,0,1065101558,1194083328,2,1,0,0,30712,3885,2979,1760,0,0
B4D12_GRAIN,top,9972,2,5848934,5850669,330,5848831,16,0,1065101558,1194083328,2,1,0,0,9521,3619,2830,202,0,0
B4D12_GRAIN,miss,186,0,5222658,5224023,208,5223295,16,0,1065101558,1194083328,2,4,10,10,255784,24484,34303,7053,1457,24820
B4D12_GRAIN,miss,186,1,5222860,5224191,202,5223295,16,0,1065101558,1194083328,2,1,0,0,26562,2867,1288,1762,0,0
B4D12_GRAIN,miss,707,0,5256016,5257374,206,5256703,16,0,1065101558,1194083328,2,4,10,10,240328,24880,33245,5517,1454,24934
B4D12_GRAIN,miss,707,1,5256216,5257533,200,5256703,16,0,1065101558,1194083328,2,1,0,0,29728,3282,1307,1765,0,0
B4D12_GRAIN,miss,871,0,5266364,5267775,201,5267071,16,0,1065101558,1194083328,2,4,10,10,214470,16709,32587,4374,325,24714
B4D12_GRAIN,miss,871,1,5266574,5267935,204,5267071,16,0,1065101558,1194083328,2,1,0,0,45710,16881,1591,2834,0,0
B4D12_GRAIN,miss,871,2,5266772,5268094,198,5267071,16,0,1065101558,1194083328,2,1,0,0,7420,3139,1402,208,0,0
B4D12_GRAIN,miss,1289,0,5293226,5294603,229,5293567,16,0,1065101558,1194083328,2,4,10,10,235630,25559,30476,7053,1450,24860
B4D12_GRAIN,miss,1289,1,5293461,5294792,235,5293567,16,0,1065101558,1194083328,2,1,0,0,26034,4099,2147,1770,0,0
B4D12_GRAIN,miss,3475,0,5433104,5434520,181,5432959,16,0,1065101558,1194083328,2,4,10,10,270704,24058,35869,12481,1438,25272
B4D12_GRAIN,miss,3475,1,5433285,5434663,181,5433343,16,0,1065101558,1194083328,2,4,10,10,28260,5156,2048,110,294,16115
B4D12_GRAIN,miss,6602,0,5633430,5634671,420,5633407,16,0,1065101558,1194083328,2,4,10,10,266248,23903,34211,5506,331,27454
B4D12_GRAIN,miss,6602,1,5633430,5635000,420,5633407,16,0,1065101558,1194083328,2,1,0,0,29579,2290,1993,1778,0,0
B4D12_GRAIN,miss,6950,0,5655581,5656957,178,5656063,16,0,1065101558,1194083328,2,4,10,10,252386,24376,33264,7045,1449,27326
B4D12_GRAIN,miss,6950,1,5655760,5657100,179,5656063,16,0,1065101558,1194083328,2,1,0,0,23514,2860,1275,1756,0,0
B4D12_GRAIN,miss,8009,0,5723269,5724640,185,5723647,16,0,1065101558,1194083328,2,4,10,10,248898,24637,33904,4363,1439,24787
B4D12_GRAIN,miss,8009,1,5723454,5724785,185,5723647,16,0,1065101558,1194083328,2,1,0,0,30513,2847,2005,1782,0,0
B4D12_GRAIN,miss,8009,2,5723454,5724930,185,5723647,16,0,1065101558,1194083328,2,1,0,0,10276,2729,1919,204,0,0
B4D12_GRAIN,miss,8297,0,5741801,5743163,237,5742463,16,0,1065101558,1194083328,2,4,10,10,240182,25166,32077,4345,1447,24782
B4D12_GRAIN,miss,8297,1,5741801,5743351,237,5742463,16,0,1065101558,1194083328,2,1,0,0,26852,3407,1302,1774,0,0
B4D12_GRAIN,miss,8990,0,5785964,5787416,560,5785855,16,0,1065101558,1194083328,2,4,10,10,252384,28624,39799,9709,1465,33750
B4D12_GRAIN,miss,8990,1,5786123,5787541,159,5786239,16,0,1065101558,1194083328,2,4,10,10,27770,4009,2309,106,282,16070
B4D12_GRAIN,miss,8990,2,5786123,5787666,159,5786239,16,0,1065101558,1194083328,2,1,0,0,27805,3859,2245,1763,0,0
B4D12_GRAIN,miss,9703,0,5831733,5833107,177,5832319,16,0,1065101558,1194083328,2,4,10,10,272224,21210,33015,8210,4547,32821
B4D12_GRAIN,miss,9703,1,5831918,5833240,185,5832319,16,0,1065101558,1194083328,2,1,0,0,26264,2478,1282,1765,0,0
B4D12_GRAIN,miss,9703,2,5831918,5833372,185,5832319,16,0,1065101558,1194083328,2,1,0,0,6043,2060,1176,196,0,0
B4D12_GRAIN,miss,9972,0,5848934,5850233,330,5848831,16,0,1065101558,1194083328,2,4,10,10,233600,22947,32397,4363,1452,24618
B4D12_GRAIN,miss,9972,1,5848934,5850451,330,5848831,16,0,1065101558,1194083328,2,1,0,0,30712,3885,2979,1760,0,0
B4D12_GRAIN,miss,9972,2,5848934,5850669,330,5848831,16,0,1065101558,1194083328,2,1,0,0,9521,3619,2830,202,0,0
B4D12_GRAIN,miss,10518,0,5883824,5885215,186,5884543,16,0,1065101558,1194083328,2,4,10,10,248792,25072,29501,7045,318,24682
B4D12_GRAIN,miss,10518,1,5884016,5885375,192,5884543,16,0,1065101558,1194083328,2,1,0,0,27851,3613,1276,1764,0,0
B4D12_GRAIN,miss,10518,2,5884016,5885535,192,5884543,16,0,1065101558,1194083328,2,1,0,0,7118,3159,1188,196,0,0
B4D12_GRAIN,miss,10801,0,5901884,5903295,184,5902591,16,0,1065101558,1194083328,2,4,10,10,214749,14620,29756,4363,332,30070
B4D12_GRAIN,miss,10801,1,5902080,5903441,192,5902591,16,0,1065101558,1194083328,2,1,0,0,31435,11949,1518,222,0,0
B4D12_GRAIN,miss,10801,2,5902267,5903588,187,5902591,16,0,1065101558,1194083328,2,1,0,0,8024,3622,1379,195,0,0
B4D12_GRAIN,miss,11323,0,5935274,5936626,259,5935615,16,0,1065101558,1194083328,2,4,10,10,251318,24936,25940,3062,341,32854
B4D12_GRAIN,miss,11323,1,5935522,5936837,248,5935615,16,0,1065101558,1194083328,2,1,0,0,34611,8810,1978,1773,0,0
B4D12_GRAIN,miss,11323,2,5935522,5937049,248,5935615,16,0,1065101558,1194083328,2,1,0,0,7993,3035,1895,199,0,0
B4D12_GRAIN,miss,11748,0,5962573,5963976,210,5962495,16,0,1065101558,1194083328,2,4,10,10,256752,24398,34764,4356,1435,24857
B4D12_GRAIN,miss,11748,1,5962783,5964142,210,5962879,16,0,1065101558,1194083328,2,4,10,10,26307,2956,2031,102,278,16143
B4D12_GRAIN,miss,12445,0,6007195,6008558,186,6007807,16,0,1065101558,1194083328,2,4,10,10,253990,27631,32286,9745,1433,24683
B4D12_GRAIN,miss,12445,1,6007376,6008701,181,6007807,16,0,1065101558,1194083328,2,1,0,0,27075,3085,1275,1759,0,0
B4D12_GRAIN,miss,12445,2,6007376,6008845,181,6007807,16,0,1065101558,1194083328,2,1,0,0,6868,2870,1182,200,0,0
B4D12_GRAIN,miss,13619,0,6082349,6083713,230,6082687,16,0,1065101558,1194083328,2,4,10,10,253996,23947,31307,2816,1449,24804
B4D12_GRAIN,miss,13619,1,6082583,6083891,234,6082687,16,0,1065101558,1194083328,2,1,0,0,27110,2464,1965,1757,0,0
B4D12_GRAIN_CLASS class=1 ordinal=0 count=1176 add_mean_cycles=72204.1 add_p50_bound=70656 add_p95_bound=101376 add_p99_bound=119808 add_max_cycles=148474 select_mean_cycles=6130.2 near_mean_cycles=6612.1 lookup_mean_cycles=1130.3 poly_mean_cycles=463.7 gain_mean_cycles=25145.1
B4D12_GRAIN_CACHE class=1 ordinal=0 no_lpc=0 local=0 shared=0 neutral=0 miss=1176 empty=0 timestamp=1176 order=0 coefficients=1176 lambda=0 gamma=0 rate=0 strategy=0
B4D12_GRAIN_CACHE class=1 ordinal=1 no_lpc=0 local=0 shared=0 neutral=0 miss=0 empty=0 timestamp=0 order=0 coefficients=0 lambda=0 gamma=0 rate=0 strategy=0
B4D12_GRAIN_CACHE class=1 ordinal=2 no_lpc=0 local=0 shared=0 neutral=0 miss=0 empty=0 timestamp=0 order=0 coefficients=0 lambda=0 gamma=0 rate=0 strategy=0
B4D12_GRAIN_CACHE class=1 ordinal=3 no_lpc=0 local=0 shared=0 neutral=0 miss=0 empty=0 timestamp=0 order=0 coefficients=0 lambda=0 gamma=0 rate=0 strategy=0
B4D12_GRAIN_CLASS class=2 ordinal=0 count=9 add_mean_cycles=252445.6 add_p50_bound=254976 add_p95_bound=271360 add_p99_bound=271360 add_max_cycles=270704 select_mean_cycles=24530.1 near_mean_cycles=33279.6 lookup_mean_cycles=6241.3 poly_mean_cycles=1323.3 gain_mean_cycles=25456.6
B4D12_GRAIN_CACHE class=2 ordinal=0 no_lpc=0 local=0 shared=0 neutral=0 miss=9 empty=0 timestamp=9 order=0 coefficients=9 lambda=0 gamma=0 rate=0 strategy=0
B4D12_GRAIN_CLASS class=2 ordinal=1 count=9 add_mean_cycles=27105.1 add_p50_bound=27648 add_p95_bound=30720 add_p99_bound=30720 add_max_cycles=29728 select_mean_cycles=3264.6 near_mean_cycles=1706.2 lookup_mean_cycles=1397.1 poly_mean_cycles=63.6 gain_mean_cycles=3584.2
B4D12_GRAIN_CACHE class=2 ordinal=1 no_lpc=0 local=7 shared=0 neutral=0 miss=2 empty=0 timestamp=2 order=0 coefficients=2 lambda=0 gamma=0 rate=0 strategy=0
B4D12_GRAIN_CACHE class=2 ordinal=2 no_lpc=0 local=0 shared=0 neutral=0 miss=0 empty=0 timestamp=0 order=0 coefficients=0 lambda=0 gamma=0 rate=0 strategy=0
B4D12_GRAIN_CACHE class=2 ordinal=3 no_lpc=0 local=0 shared=0 neutral=0 miss=0 empty=0 timestamp=0 order=0 coefficients=0 lambda=0 gamma=0 rate=0 strategy=0
B4D12_GRAIN_CLASS class=3 ordinal=0 count=9 add_mean_cycles=243380.6 add_p50_bound=249856 add_p95_bound=272384 add_p99_bound=272384 add_max_cycles=272224 select_mean_cycles=22931.8 near_mean_cycles=32131.7 lookup_mean_cycles=6137.1 poly_mean_cycles=1294.7 gain_mean_cycles=28108.8
B4D12_GRAIN_CACHE class=3 ordinal=0 no_lpc=0 local=0 shared=0 neutral=0 miss=9 empty=0 timestamp=9 order=0 coefficients=9 lambda=0 gamma=0 rate=0 strategy=0
B4D12_GRAIN_CLASS class=3 ordinal=1 count=9 add_mean_cycles=31326.8 add_p50_bound=30720 add_p95_bound=46080 add_p99_bound=46080 add_max_cycles=45710 select_mean_cycles=6395.2 near_mean_cycles=1801.4 lookup_mean_cycles=1529.4 poly_mean_cycles=31.3 gain_mean_cycles=1785.6
B4D12_GRAIN_CACHE class=3 ordinal=1 no_lpc=0 local=8 shared=0 neutral=0 miss=1 empty=0 timestamp=1 order=0 coefficients=1 lambda=0 gamma=0 rate=0 strategy=0
B4D12_GRAIN_CLASS class=3 ordinal=2 count=9 add_mean_cycles=10118.7 add_p50_bound=8192 add_p95_bound=28672 add_p99_bound=28672 add_max_cycles=27805 select_mean_cycles=3121.3 near_mean_cycles=1690.7 lookup_mean_cycles=373.7 poly_mean_cycles=0.0 gain_mean_cycles=0.0
B4D12_GRAIN_CACHE class=3 ordinal=2 no_lpc=0 local=9 shared=0 neutral=0 miss=0 empty=0 timestamp=0 order=0 coefficients=0 lambda=0 gamma=0 rate=0 strategy=0
B4D12_GRAIN_CACHE class=3 ordinal=3 no_lpc=0 local=0 shared=0 neutral=0 miss=0 empty=0 timestamp=0 order=0 coefficients=0 lambda=0 gamma=0 rate=0 strategy=0
B4D12_CASE name=mat_f_drive_warm category=matrix seconds=20 voices=1 comp=1 delay=1 reverb=1 interval=4.0 control=none kind=19 f0=220.0 vocal=1 wall_s=20.018643 blocks=13795
B4D12_PHYSICAL name=mat_f_drive_warm rx_blocks=13795 tx_blocks=13796 dsp_blocks=13796 rx_frames=882880 tx_frames=882944 effective_fs=44102.889 err_pct=0.0066
B4D12_TRANSPORT name=mat_f_drive_warm rx_overruns=0 tx_underruns=0 dma_errors=0 actual_rx_dma_errors=0 actual_tx_dma_errors=0 read_failures=0 write_failures=0 rx_dropped_frames=0 tx_dropped_frames=0 rx_seq_gaps=0 tx_seq_gaps=0 nan_inf=0 rx_diag_ovf=1856 tx_diag_ovf=1855
B4D12_DSP name=mat_f_drive_warm blocks=13795 avg_us=669.959 p50=693 p90=994 p95=1064 p99=1173 p999=2318 p9999=2492 max=2522 misses=19 miss_per_block=0.00137731 miss_per_s=0.9491 miss_per_min=56.947 miss_per_hour=3416.82
B4D12_LATE name=mat_f_drive_warm threshold_1200_blocks=91 max_consecutive_late=2 max_lateness_us=1071 cumulative_lateness_us=16968 late_events=19 late_events_dropped=0 recovery_pending=0
B4D12_LATENESS_HIST name=mat_f_drive_warm le100=1 b100_250=0 b250_500=0 b500_1000=12 b1000_1500=6 gt1500=0
B4D12_CLASS name=mat_f_drive_warm miss_nmc=0 miss_mc0=0 miss_mc1=1 miss_mc2=9 miss_mc3=9 blocks_nmc=12601 blocks_mc0=0 blocks_mc1=1176 blocks_mc2=9 blocks_mc3=9
B4D12_CLASS_DIST name=mat_f_drive_warm class=nmc blocks=12601 mean_us=632.78 p50=589 p95=976 p99=1088 p999=1240 max=1394
B4D12_CLASS_DIST name=mat_f_drive_warm class=mc1 blocks=1176 mean_us=1041.98 p50=1044 p95=1190 p99=1291 p999=1399 max=1470
B4D12_CLASS_DIST name=mat_f_drive_warm class=mc2 blocks=9 mean_us=2384.89 p50=2393 p95=2492 p99=2492 p999=2492 max=2492
B4D12_CLASS_DIST name=mat_f_drive_warm class=mc3 blocks=9 mean_us=2400.33 p50=2393 p95=2522 p99=2522 p999=2522 max=2522
B4D12_CLASS_DIST name=mat_f_drive_warm class=mc0 blocks=0 mean_us=0.00 p50=0 p95=0 p99=0 p999=0 max=0
B4D12_RECOVERY name=mat_f_drive_warm pending=0 r0=1 r1=18 r2=0 r3=0 r4=0 r5=0 r6=0 r7=0
B4D12_BACKLOG name=mat_f_drive_warm current_ms=1.474 avg_ms=1.935 p95_ms=5.442 p99_ms=5.442 max_ms=5.918
B4D12_FIFO name=mat_f_drive_warm pushes=1523776 pops=1523760 drops=0 overflow_attempts=0 max_occ=93 avg_occ=8.706 current_occ=16
B4D12_LATE_EVENT name=mat_f_drive_warm blk=186 dsp_us=2421 lateness_us=970 klass=2 mc=1 ng=2 ad=2 sl=2 prev_miss=0 next1=929 next2=798 next3=850 recov=1 bl_before_ds=0 bl_after_ds=0
B4D12_LATE_EVENT name=mat_f_drive_warm blk=707 dsp_us=2418 lateness_us=967 klass=2 mc=1 ng=2 ad=2 sl=2 prev_miss=0 next1=865 next2=819 next3=932 recov=1 bl_before_ds=0 bl_after_ds=0
B4D12_LATE_EVENT name=mat_f_drive_warm blk=871 dsp_us=2316 lateness_us=865 klass=3 mc=1 ng=3 ad=3 sl=3 prev_miss=0 next1=753 next2=870 next3=820 recov=1 bl_before_ds=0 bl_after_ds=14
B4D12_LATE_EVENT name=mat_f_drive_warm blk=1289 dsp_us=2286 lateness_us=835 klass=2 mc=1 ng=2 ad=2 sl=2 prev_miss=0 next1=1055 next2=1139 next3=827 recov=1 bl_before_ds=0 bl_after_ds=4
B4D12_LATE_EVENT name=mat_f_drive_warm blk=3475 dsp_us=2492 lateness_us=1041 klass=2 mc=1 ng=2 ad=2 sl=2 prev_miss=0 next1=1182 next2=780 next3=904 recov=1 bl_before_ds=0 bl_after_ds=14
B4D12_LATE_EVENT name=mat_f_drive_warm blk=6602 dsp_us=2452 lateness_us=1001 klass=2 mc=1 ng=2 ad=2 sl=2 prev_miss=0 next1=781 next2=664 next3=835 recov=1 bl_before_ds=14 bl_after_ds=22
B4D12_LATE_EVENT name=mat_f_drive_warm blk=6950 dsp_us=2331 lateness_us=880 klass=2 mc=1 ng=2 ad=2 sl=2 prev_miss=0 next1=1137 next2=831 next3=854 recov=1 bl_before_ds=14 bl_after_ds=29
B4D12_LATE_EVENT name=mat_f_drive_warm blk=8009 dsp_us=2464 lateness_us=1013 klass=3 mc=1 ng=3 ad=3 sl=3 prev_miss=0 next1=900 next2=944 next3=906 recov=1 bl_before_ds=0 bl_after_ds=4
B4D12_LATE_EVENT name=mat_f_drive_warm blk=8297 dsp_us=2317 lateness_us=866 klass=2 mc=1 ng=2 ad=2 sl=2 prev_miss=0 next1=847 next2=934 next3=920 recov=1 bl_before_ds=0 bl_after_ds=14
B4D12_LATE_EVENT name=mat_f_drive_warm blk=8990 dsp_us=2522 lateness_us=1071 klass=3 mc=1 ng=3 ad=3 sl=3 prev_miss=0 next1=1470 next2=0 next3=0 recov=0 bl_before_ds=0 bl_after_ds=0
B4D12_LATE_EVENT name=mat_f_drive_warm blk=8991 dsp_us=1470 lateness_us=19 klass=1 mc=1 ng=1 ad=4 sl=4 prev_miss=1 next1=967 next2=995 next3=1052 recov=1 bl_before_ds=14 bl_after_ds=0
B4D12_LATE_EVENT name=mat_f_drive_warm blk=9703 dsp_us=2475 lateness_us=1024 klass=3 mc=1 ng=3 ad=3 sl=3 prev_miss=0 next1=917 next2=938 next3=800 recov=1 bl_before_ds=0 bl_after_ds=14
B4D12_LATE_EVENT name=mat_f_drive_warm blk=9972 dsp_us=2393 lateness_us=942 klass=3 mc=1 ng=3 ad=3 sl=3 prev_miss=0 next1=1017 next2=855 next3=1234 recov=1 bl_before_ds=0 bl_after_ds=0
B4D12_LATE_EVENT name=mat_f_drive_warm blk=10518 dsp_us=2474 lateness_us=1023 klass=3 mc=1 ng=3 ad=3 sl=3 prev_miss=0 next1=927 next2=1175 next3=917 recov=1 bl_before_ds=0 bl_after_ds=8
B4D12_LATE_EVENT name=mat_f_drive_warm blk=10801 dsp_us=2261 lateness_us=810 klass=3 mc=1 ng=3 ad=3 sl=3 prev_miss=0 next1=1012 next2=752 next3=818 recov=1 bl_before_ds=0 bl_after_ds=0
B4D12_LATE_EVENT name=mat_f_drive_warm blk=11323 dsp_us=2318 lateness_us=867 klass=3 mc=1 ng=3 ad=3 sl=3 prev_miss=0 next1=708 next2=890 next3=715 recov=1 bl_before_ds=0 bl_after_ds=14
B4D12_LATE_EVENT name=mat_f_drive_warm blk=11748 dsp_us=2354 lateness_us=903 klass=2 mc=1 ng=2 ad=2 sl=2 prev_miss=0 next1=952 next2=919 next3=1055 recov=1 bl_before_ds=0 bl_after_ds=8
B4D12_LATE_EVENT name=mat_f_drive_warm blk=12445 dsp_us=2380 lateness_us=929 klass=3 mc=1 ng=3 ad=3 sl=3 prev_miss=0 next1=980 next2=1097 next3=946 recov=1 bl_before_ds=0 bl_after_ds=14
B4D12_LATE_EVENT name=mat_f_drive_warm blk=13619 dsp_us=2393 lateness_us=942 klass=2 mc=1 ng=2 ad=2 sl=2 prev_miss=0 next1=928 next2=957 next3=864 recov=1 bl_before_ds=0 bl_after_ds=4
B4D12_WINDOW name=mat_f_drive_warm idx=0 partial=1 blocks=13795 avg_us=669.959 p99_us=1200 p999_us=2400 max_us=2522 misses=19 mc2=9 mc3=9 max_consecutive_late=2 backlog_max_ms=4.4 transport_errors=0 cumulative_lateness_us=16968
B4D12_QUALIFY name=mat_f_drive_warm gate_a_transport=PASS gate_b_physical=FAIL fs_ok=1 max_consecutive_late=2 backlog_max_ms=5.918 dsp_miss_independent=1 result=FAIL
B4D1_MEMORY tag=b4d12_mat_f_drive_warm internal_free=93211 internal_largest=31744 spiram_free=17612652 spiram_largest=17301504
B4D1_PRESTAGE name=b4d12_mat_g_drive_overdrive kind=19 f0=220.0 frames=2866500 fnv=7485cb01 rms=0.068750
[0;31mE (283601) esp_clk_tree: esp_clk_tree_src_get_freq_hz(82): freq shouldn't be 0, calibration failed[0m
[0;31mE (283602) i2s_std: i2s_std_calculate_clock(57): sample rate is too large for the current clock source[0m
[0;31mE (283611) i2s_std: i2s_std_set_clock(74): clock calculate failed[0m
[0;31mE (283617) i2s_std: i2s_channel_init_std_mode(225): initialize channel failed while setting clock[0m
[0;33mW (283627) audio_i2s: AUDIO CLOCK WARNING: APLL unavailable, using XTAL fractional clock[0m
AUDIO CLOCK: EXPECTED_FALLBACK (APLL unavailable, using XTAL fractional clock)

=======================================================
            AUDIO HARDWARE CONFIGURATION               
=======================================================
Target Board:                   Wireless-Tag WT9932P4-TINY (ESP32-P4)
requested Fs:                   44100 Hz
actual/configured clock source: SOC_MOD_CLK_XTAL (XTAL fractional clock)
source clock Hz:                40000000 Hz
MCLK Hz:                        11289600 Hz
BCLK Hz:                        2822400 Hz
LRCK/Fs:                        44100 Hz
MCLK/Fs ratio:                  256
BCLK/Fs ratio:                  64
I2S Controller:                 I2S_NUM_0 (Full-Duplex Standard Philips)
MCLK GPIO:                      GPIO_19 (Header Pin 4 -> PCM1808 SCKI)
BCLK GPIO:                      GPIO_20 (Header Pin 5 -> PCM1808/PCM5102 BCK)
WS GPIO:                        GPIO_21 (Header Pin 6 -> PCM1808/PCM5102 LRCK)
DOUT GPIO:                      GPIO_22 (Header Pin 7 -> PCM5102 DIN)
DIN GPIO:                       GPIO_23 (Header Pin 8 <- PCM1808 DOUT)
Data Width:                     32-bit slot, 24-bit audio MSB-aligned in bits [31:8]
Slot Width:                     32 bits per slot (2 slots/frame = 64 BCLK/frame)
Channels:                       Stereo (L/R interleaved)
DMA Descriptors:                6 descriptors
DMA Frame Count:                64 frames/desc (512 bytes/desc)
DMA buffering capacity:         8.00 ms (384 frames total)
physical/effective latency:     PENDING_HARDWARE_MEASUREMENT
=======================================================

B4D1_STACK audio_hwm_bytes=15824 pitch_hwm_bytes=8700
B4D12_FORENSIC_HEADER set,block,dsp_us,cycle_us,input_cycles,comp_cycles,harmony_cycles,drive_cycles,chorus_cycles,delay_cycles,reverb_cycles,master_cycles,new_grains,active_grains,source_grains,grain_samples,model_lookups,model_expensive,model_warp_us,formant_changed,pitch_changed,track_state,fallback,recovery,fir_computed,fir_reused,deferred_slices,psola_sched_cycles,psola_addgrain_cycles,psola_deferred_cycles,psola_mark_cycles,psola_desc_cycles,psola_near_cycles,psola_poly_cycles,psola_gn_cycles
B4D12_FORENSIC_COUNT top=100 misses=18 miss_dropped=0
B4D12_FORENSIC,top,8337,1215,1419,0,0,0,0,0,0,0,0,1,1,0,479,1,1,207.87,1,0,2,0,0,0,0,3,104006,96457,33188,3541,5504,14117,324,35322
B4D12_FORENSIC,top,186,2348,2450,0,0,0,0,0,0,0,0,2,2,0,822,2,1,471.20,1,0,2,1,0,0,0,2,331083,283416,112703,25035,11214,32371,1453,25187
B4D12_FORENSIC,top,8533,1268,1417,0,0,0,0,0,0,0,0,1,1,0,433,1,1,163.79,1,0,2,0,0,0,0,3,94114,83998,38742,6888,10964,13254,328,24735
B4D12_FORENSIC,top,8609,1219,1418,0,0,0,0,0,0,0,0,1,1,0,425,1,1,156.50,1,0,2,0,0,0,0,3,88830,81470,22572,4168,5680,7961,324,24615
B4D12_FORENSIC,top,200,1252,1404,0,0,0,0,0,0,0,0,1,1,0,423,1,1,252.99,1,0,2,1,0,0,0,3,125262,112304,27787,2984,3008,2282,1452,27429
B4D12_FORENSIC,top,10145,1214,1426,0,0,0,0,0,0,0,0,1,1,0,425,1,0,56.70,0,0,2,0,0,0,0,2,53106,48380,23107,6863,8480,3314,0,0
B4D12_FORENSIC,top,8991,2402,2534,0,0,0,0,0,0,0,0,3,3,0,953,3,2,456.39,1,0,2,1,0,0,0,3,319932,269508,106891,35940,11500,39227,1723,40688
B4D12_FORENSIC,top,11133,1226,1427,0,0,0,0,0,0,0,0,1,1,0,477,1,1,253.07,1,0,2,0,0,0,0,3,131476,115972,39939,6814,5672,18705,327,35226
B4D12_FORENSIC,top,11747,2482,2596,0,0,0,0,0,0,0,0,3,3,0,2013,3,2,489.11,1,0,2,1,0,0,0,3,355646,300246,119294,30105,11548,41926,1729,40959
B4D12_FORENSIC,top,3681,1221,1423,0,0,0,0,0,0,0,0,1,1,0,325,1,1,109.26,1,0,2,0,0,0,0,3,71943,64620,26781,6989,5664,1841,324,24456
B4D12_FORENSIC,top,6631,1196,1431,0,0,0,0,0,0,0,0,1,1,0,799,1,1,209.54,1,0,2,0,0,0,0,3,127662,117402,34853,10626,8344,15530,3028,19621
B4D12_FORENSIC,top,7501,1246,1411,0,0,0,0,0,0,0,0,1,1,0,363,1,1,137.04,1,0,2,0,0,0,0,3,87909,77726,40186,7529,5693,9619,330,26654
B4D12_FORENSIC,top,1582,1230,1428,0,0,0,0,0,0,0,0,1,1,0,425,1,1,229.94,1,0,2,0,0,0,0,3,118294,108090,25940,9541,3335,24181,324,32105
B4D12_FORENSIC,top,1141,1217,1426,0,0,0,0,0,0,0,0,1,1,0,333,1,1,164.61,1,0,2,1,0,0,0,3,108146,92394,27435,6901,3016,12946,3045,25136
B4D12_FORENSIC,top,1083,1272,1434,0,0,0,0,0,0,0,0,1,1,0,395,1,1,265.62,1,0,2,0,0,0,0,3,144462,128718,40899,6850,5680,18277,329,42723
B4D12_FORENSIC,top,1469,1255,1420,0,0,0,0,0,0,0,0,1,1,0,427,1,0,42.01,0,0,2,0,0,0,0,3,52838,39816,53621,3913,13628,6028,0,0
B4D12_FORENSIC,top,9978,1335,1420,0,0,0,0,0,0,0,0,1,1,0,467,1,1,179.38,1,1,2,1,0,0,0,3,107819,97596,34453,12173,8318,10689,337,27425
B4D12_FORENSIC,top,8999,1200,1436,0,0,0,0,0,0,0,0,1,1,0,319,1,1,275.28,1,0,2,1,0,0,0,3,120950,113440,27628,4187,290,1980,1434,49145
B4D12_FORENSIC,top,11793,1248,1428,0,0,0,0,0,0,0,0,1,1,0,431,1,1,151.11,1,0,2,0,0,0,0,3,104964,94596,44698,5865,8300,5092,329,36301
B4D12_FORENSIC,top,10533,1376,1490,0,0,0,0,0,0,0,0,1,1,0,437,1,1,276.57,1,1,2,1,0,0,0,3,142418,129566,27698,9055,318,16127,701,27378
B4D12_FORENSIC,top,12065,1386,1477,0,0,0,0,0,0,0,0,1,1,0,431,1,1,140.45,1,0,2,0,0,0,0,3,85718,75582,37248,4173,10964,18276,319,19296
B4D12_FORENSIC,top,10672,1199,1399,0,0,0,0,0,0,0,0,1,1,0,473,1,0,46.77,0,0,2,0,0,0,0,3,67216,54516,35373,9107,10865,5204,0,0
B4D12_FORENSIC,top,6665,1279,1447,0,0,0,0,0,0,0,0,1,1,0,801,1,1,217.93,1,0,2,0,0,0,0,3,144428,126214,23320,8212,10884,15375,325,22027
B4D12_FORENSIC,top,11322,2230,2320,0,0,0,0,0,0,0,0,3,3,0,1513,3,1,430.45,1,0,2,1,0,0,0,3,321734,271308,115044,28836,11468,35530,324,24932
B4D12_FORENSIC,top,1843,1236,1387,0,0,0,0,0,0,0,0,1,1,0,421,1,1,154.38,1,0,2,0,0,0,0,3,107154,99660,40189,12231,2998,10646,332,26393
B4D12_FORENSIC,top,12916,1219,1447,0,0,0,0,0,0,0,0,1,1,0,321,1,0,33.99,0,0,2,0,0,0,0,3,39400,31892,26694,6830,5654,5901,0,0
B4D12_FORENSIC,top,6646,1282,1456,0,0,0,0,0,0,0,0,1,1,0,821,1,1,257.62,1,0,2,0,0,0,0,3,123988,116486,38865,2646,3056,17102,330,46493
B4D12_FORENSIC,top,9702,2488,2596,0,0,0,0,0,0,0,0,3,3,0,1065,3,1,504.87,1,0,2,1,0,0,0,3,373031,309152,120917,31267,11501,37182,1450,24938
B4D12_FORENSIC,top,3475,2455,2570,0,0,0,0,0,0,0,0,2,2,0,726,2,2,500.87,1,0,2,1,0,0,0,2,357867,293354,118382,29199,11289,35744,1746,42079
B4D12_FORENSIC,top,12193,1336,1444,0,0,0,0,0,0,0,0,1,1,0,427,1,1,179.12,1,0,2,0,0,0,0,3,107972,97903,25681,9931,10882,15936,322,24777
B4D12_FORENSIC,top,1801,1291,1410,0,0,0,0,0,0,0,0,1,1,0,433,1,1,196.82,1,0,2,0,0,0,0,3,115560,94510,30840,8104,288,8002,1432,28334
B4D12_FORENSIC,top,3478,1285,1374,0,0,0,0,0,0,0,0,1,1,0,363,1,0,66.85,0,0,2,1,0,0,0,3,73112,44874,60330,5240,2982,12324,0,0
B4D12_FORENSIC,top,8435,1261,1390,0,0,0,0,0,0,0,0,1,1,0,425,1,1,157.00,1,0,2,0,0,0,0,3,109916,83692,26877,6228,5672,2686,328,24671
B4D12_FORENSIC,top,10801,2365,2480,0,0,0,0,0,0,0,0,3,3,0,1153,3,1,450.49,1,0,2,1,0,0,0,3,342441,289312,112847,30285,11539,31768,4140,29718
B4D12_FORENSIC,top,11965,1219,1412,0,0,0,0,0,0,0,0,1,1,0,421,1,1,224.98,1,0,2,0,0,0,0,3,126868,114126,28360,9485,5662,13193,324,32871
B4D12_FORENSIC,top,7116,1207,1410,0,0,0,0,0,0,0,0,1,1,0,323,1,1,202.18,1,0,2,0,0,0,0,3,99792,92318,30558,4176,8184,2537,1451,27751
B4D12_FORENSIC,top,10063,1205,1413,0,0,0,0,0,0,0,0,1,1,0,457,1,1,140.94,1,0,2,0,0,0,0,3,109865,99970,26193,9534,5662,7846,328,24541
B4D12_FORENSIC,top,10805,1329,1402,0,0,0,0,0,0,0,0,1,1,0,375,1,0,161.70,0,0,2,1,0,0,0,3,109360,80412,32514,6697,2966,32930,0,0
B4D12_FORENSIC,top,10083,1260,1418,0,0,0,0,0,0,0,0,1,1,0,429,1,1,247.38,1,0,2,1,0,0,0,3,127134,116912,22924,6886,284,11088,327,29989
B4D12_FORENSIC,top,395,1214,1367,0,0,0,0,0,0,0,0,1,1,0,425,1,1,194.58,1,0,2,0,0,0,0,3,102404,84334,36002,4137,2958,16047,328,22140
B4D12_FORENSIC,top,1953,1224,1427,0,0,0,0,0,0,0,0,1,1,0,427,1,1,132.67,1,0,2,0,0,0,0,3,82954,75600,24288,9551,3010,2586,321,24101
B4D12_FORENSIC,top,6950,2369,2475,0,0,0,0,0,0,0,0,2,2,0,716,2,1,464.01,1,0,2,1,0,0,0,2,326414,275878,104576,27133,11584,34586,1454,24716
B4D12_FORENSIC,top,3745,1199,1424,0,0,0,0,0,0,0,0,1,1,0,321,1,1,126.43,1,0,2,0,0,0,0,3,75614,65300,31127,4148,5670,2572,321,27235
B4D12_FORENSIC,top,11804,1194,1389,0,0,0,0,0,0,0,0,1,1,0,429,1,1,239.18,1,0,2,0,0,0,0,2,128256,110038,25102,5706,5672,7874,324,24713
B4D12_FORENSIC,top,1299,1194,1433,0,0,0,0,0,0,0,0,1,1,0,477,1,1,223.48,1,0,2,1,0,0,0,3,120958,113472,29305,4155,8246,5070,329,35781
B4D12_FORENSIC,top,1405,1194,1396,0,0,0,0,0,0,0,0,1,1,0,421,1,1,193.69,1,0,2,1,0,0,0,3,115774,102878,31592,6682,6011,21292,330,24671
B4D12_FORENSIC,top,707,2421,2543,0,0,0,0,0,0,0,0,2,2,0,850,2,1,461.95,1,0,2,1,0,0,0,2,323834,275512,107945,31013,11228,35762,1450,24770
B4D12_FORENSIC,top,1524,1225,1410,0,0,0,0,0,0,0,0,1,1,0,425,1,0,130.08,0,0,2,0,0,0,0,3,124542,119698,34222,30921,13540,29672,0,0
B4D12_FORENSIC,top,723,1362,1463,0,0,0,0,0,0,0,0,1,1,0,403,1,1,347.68,1,0,2,1,0,0,0,3,194626,171437,29136,9321,2990,18156,1436,37580
B4D12_FORENSIC,top,10681,1237,1425,0,0,0,0,0,0,0,0,1,1,0,463,1,1,216.24,1,0,2,0,0,0,0,3,118130,99888,34362,6480,2987,10556,330,27328
B4D12_FORENSIC,top,1070,1232,1419,0,0,0,0,0,0,0,0,1,1,0,401,1,0,69.11,0,0,2,0,0,0,0,3,49302,44308,49258,4113,5506,13255,0,0
B4D12_FORENSIC,top,10072,1194,1363,0,0,0,0,0,0,0,0,1,1,0,453,1,1,248.81,1,1,2,1,0,0,0,3,131222,112994,26201,10539,5654,10142,330,24667
B4D12_FORENSIC,top,13619,2389,2507,0,0,0,0,0,0,0,0,2,2,0,930,2,1,473.46,1,0,2,1,0,0,0,2,337443,287141,109848,26646,11396,36031,1408,27735
B4D12_FORENSIC,top,6689,1296,1370,0,0,0,0,0,0,0,0,1,1,0,427,1,1,166.28,1,0,2,1,0,0,0,2,104550,91815,22502,5608,278,3288,320,24761
B4D12_FORENSIC,top,8310,1240,1437,0,0,0,0,0,0,0,0,1,1,0,483,1,1,275.31,1,0,2,1,0,0,0,3,133702,126214,29913,6230,5646,7595,329,30148
B4D12_FORENSIC,top,7499,1232,1427,0,0,0,0,0,0,0,0,1,1,0,363,1,0,55.24,0,0,2,0,0,0,0,3,71009,66196,35779,6818,2964,10790,0,0
B4D12_FORENSIC,top,8322,1209,1428,0,0,0,0,0,0,0,0,1,1,0,485,1,1,164.81,1,0,2,0,0,0,0,3,107370,97108,23729,8916,5654,2904,330,24662
B4D12_FORENSIC,top,1979,1293,1426,0,0,0,0,0,0,0,0,1,1,0,431,1,0,107.89,0,0,2,0,0,0,0,3,85150,66984,41484,7018,2966,21824,0,0
B4D12_FORENSIC,top,3762,1216,1418,0,0,0,0,0,0,0,0,1,1,0,321,1,1,223.39,1,0,2,0,0,0,0,3,104896,94724,28314,4130,284,21168,334,22064
B4D12_FORENSIC,top,9972,2466,2549,0,0,0,0,0,0,0,0,3,3,0,1933,3,2,492.50,1,0,2,1,0,0,0,3,357688,304694,123947,33486,11488,34945,1709,40529
B4D12_FORENSIC,top,8807,1203,1425,0,0,0,0,0,0,0,0,1,1,0,421,1,0,19.27,0,0,2,0,0,0,0,3,100596,61826,36301,42000,2972,3200,0,0
B4D12_FORENSIC,top,1571,1219,1411,0,0,0,0,0,0,0,0,1,1,0,423,1,0,78.70,0,0,2,0,0,0,0,3,87382,55964,24348,4163,8372,16678,0,0
B4D12_FORENSIC,top,1672,1276,1428,0,0,0,0,0,0,0,0,1,1,0,415,1,1,164.15,1,0,2,0,0,0,0,3,99720,89480,61056,17531,2990,7998,329,27331
B4D12_FORENSIC,top,13783,1228,1361,0,0,0,0,0,0,0,0,0,0,0,0,0,0,0.00,0,0,2,0,0,0,0,3,2130,0,31556,0,0,0,0,0
B4D12_FORENSIC,top,11767,1204,1432,0,0,0,0,0,0,0,0,1,1,0,423,1,1,164.42,1,0,2,0,0,0,0,3,120140,96572,29358,13755,8192,2321,3034,35795
B4D12_FORENSIC,top,1877,1355,1471,0,0,0,0,0,0,0,0,1,1,0,431,1,0,71.24,0,0,2,0,0,0,0,3,114795,104634,31346,41727,5497,3311,0,0
B4D12_FORENSIC,top,1132,1217,1428,0,0,0,0,0,0,0,0,1,1,0,355,1,1,226.33,1,0,2,1,0,0,0,3,111368,106504,41928,12209,2968,10613,333,39241
B4D12_FORENSIC,top,1289,2266,2359,0,0,0,0,0,0,0,0,2,2,0,930,2,1,440.62,1,0,2,1,0,0,0,2,314915,269933,101896,27045,11231,33739,721,24962
B4D12_FORENSIC,top,871,2229,2362,0,0,0,0,0,0,0,0,3,3,0,1245,3,1,392.62,1,0,2,1,0,0,0,3,295634,250777,119374,31509,11487,23563,1473,22286
B4D12_FORENSIC,top,6602,2507,2667,0,0,0,0,0,0,0,0,2,2,0,1682,2,1,509.88,1,0,2,1,0,0,0,2,353194,300326,115976,26904,11235,36007,1457,24714
B4D12_FORENSIC,top,883,1264,1411,0,0,0,0,0,0,0,0,1,1,0,409,1,1,216.46,1,0,2,1,0,0,0,3,120818,113274,29346,6338,5688,5059,1458,30192
B4D12_FORENSIC,top,1587,1216,1428,0,0,0,0,0,0,0,0,1,1,0,427,1,1,217.26,1,0,2,0,0,0,0,3,110728,103220,26468,6853,5641,8020,330,41249
B4D12_FORENSIC,top,6615,1219,1404,0,0,0,0,0,0,0,0,1,1,0,813,1,1,215.51,1,0,2,0,0,0,0,3,141034,119892,40843,7956,8346,4914,327,30159
B4D12_FORENSIC,top,2043,1282,1427,0,0,0,0,0,0,0,0,1,1,0,425,1,1,188.02,1,0,2,0,0,0,0,3,137568,114482,29901,22852,6011,11220,329,30162
B4D12_FORENSIC,top,10242,1252,1405,0,0,0,0,0,0,0,0,1,1,0,423,1,1,126.24,1,0,2,0,0,0,0,3,91444,81290,24800,6849,8344,7833,329,21918
B4D12_FORENSIC,top,7543,1225,1411,0,0,0,0,0,0,0,0,1,1,0,363,1,1,245.52,1,0,2,0,0,0,0,3,121102,108150,32262,4176,3000,18486,333,40707
B4D12_FORENSIC,top,11994,1226,1316,0,0,0,0,0,0,0,0,1,1,0,419,1,1,172.33,1,0,2,0,0,0,0,3,102266,81723,34397,9537,5672,18751,328,24753
B4D12_FORENSIC,top,11922,1219,1410,0,0,0,0,0,0,0,0,1,1,0,431,1,1,223.85,1,0,2,0,0,0,0,2,120812,110679,19676,6693,8192,18679,327,24686
B4D12_FORENSIC,top,1413,1194,1413,0,0,0,0,0,0,0,0,1,1,0,425,1,1,141.94,1,0,2,0,0,0,0,3,125912,102896,26019,6876,13618,5315,326,22039
B4D12_FORENSIC,top,10517,2326,2442,0,0,0,0,0,0,0,0,2,2,0,758,2,1,469.33,1,0,2,1,0,0,0,2,329561,276921,98948,26053,11224,34467,325,27450
B4D12_FORENSIC,top,1145,1228,1420,0,0,0,0,0,0,0,0,1,1,0,329,1,0,74.63,0,1,2,1,0,0,0,3,85592,70070,58276,4118,274,20447,0,0
B4D12_FORENSIC,top,3553,1201,1426,0,0,0,0,0,0,0,0,1,1,0,361,1,1,126.29,1,0,2,0,0,0,0,3,63720,56302,28423,8696,298,2463,320,24619
B4D12_FORENSIC,top,3557,1227,1402,0,0,0,0,0,0,0,0,1,1,0,361,1,0,19.66,0,0,2,0,0,0,0,3,40593,35626,35167,12915,5672,3335,0,0
B4D12_FORENSIC,top,7053,1219,1424,0,0,0,0,0,0,0,0,1,1,0,351,1,1,235.17,1,0,2,0,0,0,0,3,116498,106384,37122,6218,2980,2621,6829,36893
B4D12_FORENSIC,top,8381,1235,1427,0,0,0,0,0,0,0,0,1,1,0,449,1,0,34.39,0,0,2,0,0,0,0,3,85733,67797,31259,26560,2972,6003,0,0
B4D12_FORENSIC,top,8009,2414,2549,0,0,0,0,0,0,0,0,3,3,0,1113,3,1,443.55,1,0,2,1,0,0,0,3,329687,276333,123996,30188,11494,30139,1450,24684
B4D12_FORENSIC,top,1400,1291,1430,0,0,0,0,0,0,0,0,1,1,0,421,1,0,68.73,0,0,2,1,0,0,0,3,104762,81278,46255,20027,10820,6261,0,0
B4D12_FORENSIC,top,9761,1243,1415,0,0,0,0,0,0,0,0,1,1,0,351,1,1,104.89,1,0,2,0,0,0,0,3,71870,67136,32814,8465,5644,2606,321,22087
B4D12_FORENSIC,top,1038,1209,1349,0,0,0,0,0,0,0,0,1,1,0,401,1,1,148.27,1,0,2,0,0,0,0,3,91342,78384,26680,6817,5682,5232,330,29764
B4D12_FORENSIC,top,973,1199,1430,0,0,0,0,0,0,0,0,1,1,0,409,1,1,254.99,1,0,2,0,0,0,0,2,135082,116910,17875,4177,5682,13381,329,30403
B4D12_FORENSIC,top,12444,2432,2543,0,0,0,0,0,0,0,0,2,2,0,736,2,1,461.39,1,0,2,1,0,0,0,2,335537,282412,107576,27901,11626,30631,1457,24814
B4D12_FORENSIC,top,11002,1217,1413,0,0,0,0,0,0,0,0,1,1,0,425,1,1,221.73,1,0,2,0,0,0,0,3,109792,96880,26120,4204,2972,2580,326,37492
B4D12_FORENSIC,top,8733,1200,1440,0,0,0,0,0,0,0,0,1,1,0,425,1,1,136.83,1,0,2,0,0,0,0,3,109438,101882,25769,13524,5654,3418,329,24747
B4D12_FORENSIC,top,1677,1231,1391,0,0,0,0,0,0,0,0,1,1,0,419,1,1,173.07,1,0,2,0,0,0,0,3,121630,103382,26310,9568,8184,6002,328,27178
B4D12_FORENSIC,top,8297,2457,2584,0,0,0,0,0,0,0,0,2,2,0,950,2,1,457.43,1,0,2,1,0,0,0,2,327475,276748,117294,33871,11225,34624,1433,24756
B4D12_FORENSIC,top,8791,1278,1412,0,0,0,0,0,0,0,0,1,1,0,435,1,1,194.29,1,0,2,0,0,0,0,3,120984,97694,23838,9482,2972,2502,3044,24719
B4D12_FORENSIC,top,8833,1243,1411,0,0,0,0,0,0,0,0,1,1,0,401,1,1,186.39,1,0,2,0,0,0,0,3,115898,97628,27691,4151,2997,10714,1436,27295
B4D12_FORENSIC,top,8334,1274,1402,0,0,0,0,0,0,0,0,1,1,0,479,1,0,45.51,0,0,2,0,0,0,0,3,92228,72474,39975,20906,8202,5765,0,0
B4D12_FORENSIC,top,1134,1266,1418,0,0,0,0,0,0,0,0,1,1,0,355,1,0,119.98,0,0,2,1,0,0,0,3,104840,94744,26184,22725,10982,36872,0,0
B4D12_FORENSIC,top,6660,1226,1417,0,0,0,0,0,0,0,0,1,1,0,793,1,1,270.81,1,0,2,0,0,0,0,3,150160,134558,27595,8271,8186,29769,327,33002
B4D12_FORENSIC,miss,186,2348,2450,0,0,0,0,0,0,0,0,2,2,0,822,2,1,471.20,1,0,2,1,0,0,0,2,331083,283416,112703,25035,11214,32371,1453,25187
B4D12_FORENSIC,miss,707,2421,2543,0,0,0,0,0,0,0,0,2,2,0,850,2,1,461.95,1,0,2,1,0,0,0,2,323834,275512,107945,31013,11228,35762,1450,24770
B4D12_FORENSIC,miss,871,2229,2362,0,0,0,0,0,0,0,0,3,3,0,1245,3,1,392.62,1,0,2,1,0,0,0,3,295634,250777,119374,31509,11487,23563,1473,22286
B4D12_FORENSIC,miss,1289,2266,2359,0,0,0,0,0,0,0,0,2,2,0,930,2,1,440.62,1,0,2,1,0,0,0,2,314915,269933,101896,27045,11231,33739,721,24962
B4D12_FORENSIC,miss,3475,2455,2570,0,0,0,0,0,0,0,0,2,2,0,726,2,2,500.87,1,0,2,1,0,0,0,2,357867,293354,118382,29199,11289,35744,1746,42079
B4D12_FORENSIC,miss,6602,2507,2667,0,0,0,0,0,0,0,0,2,2,0,1682,2,1,509.88,1,0,2,1,0,0,0,2,353194,300326,115976,26904,11235,36007,1457,24714
B4D12_FORENSIC,miss,6950,2369,2475,0,0,0,0,0,0,0,0,2,2,0,716,2,1,464.01,1,0,2,1,0,0,0,2,326414,275878,104576,27133,11584,34586,1454,24716
B4D12_FORENSIC,miss,8009,2414,2549,0,0,0,0,0,0,0,0,3,3,0,1113,3,1,443.55,1,0,2,1,0,0,0,3,329687,276333,123996,30188,11494,30139,1450,24684
B4D12_FORENSIC,miss,8297,2457,2584,0,0,0,0,0,0,0,0,2,2,0,950,2,1,457.43,1,0,2,1,0,0,0,2,327475,276748,117294,33871,11225,34624,1433,24756
B4D12_FORENSIC,miss,8991,2402,2534,0,0,0,0,0,0,0,0,3,3,0,953,3,2,456.39,1,0,2,1,0,0,0,3,319932,269508,106891,35940,11500,39227,1723,40688
B4D12_FORENSIC,miss,9702,2488,2596,0,0,0,0,0,0,0,0,3,3,0,1065,3,1,504.87,1,0,2,1,0,0,0,3,373031,309152,120917,31267,11501,37182,1450,24938
B4D12_FORENSIC,miss,9972,2466,2549,0,0,0,0,0,0,0,0,3,3,0,1933,3,2,492.50,1,0,2,1,0,0,0,3,357688,304694,123947,33486,11488,34945,1709,40529
B4D12_FORENSIC,miss,10517,2326,2442,0,0,0,0,0,0,0,0,2,2,0,758,2,1,469.33,1,0,2,1,0,0,0,2,329561,276921,98948,26053,11224,34467,325,27450
B4D12_FORENSIC,miss,10801,2365,2480,0,0,0,0,0,0,0,0,3,3,0,1153,3,1,450.49,1,0,2,1,0,0,0,3,342441,289312,112847,30285,11539,31768,4140,29718
B4D12_FORENSIC,miss,11322,2230,2320,0,0,0,0,0,0,0,0,3,3,0,1513,3,1,430.45,1,0,2,1,0,0,0,3,321734,271308,115044,28836,11468,35530,324,24932
B4D12_FORENSIC,miss,11747,2482,2596,0,0,0,0,0,0,0,0,3,3,0,2013,3,2,489.11,1,0,2,1,0,0,0,3,355646,300246,119294,30105,11548,41926,1729,40959
B4D12_FORENSIC,miss,12444,2432,2543,0,0,0,0,0,0,0,0,2,2,0,736,2,1,461.39,1,0,2,1,0,0,0,2,335537,282412,107576,27901,11626,30631,1457,24814
B4D12_FORENSIC,miss,13619,2389,2507,0,0,0,0,0,0,0,0,2,2,0,930,2,1,473.46,1,0,2,1,0,0,0,2,337443,287141,109848,26646,11396,36031,1408,27735
B4D12_GRAIN_HEADER set,block,ordinal,source_center,destination_center,half,model_timestamp,model_order,lambda_bits,gamma_bits,sample_rate_bits,norm_strategy,cache_path,local_difference,shared_difference,addgrain_cycles,select_cycles,model_near_cycles,cache_lookup_cycles,polynomial_cycles,gain_cycles
B4D12_GRAIN,top,186,0,6238338,6239703,208,6238975,16,0,1065101558,1194083328,2,4,10,10,256852,22016,31084,12438,1453,25187
B4D12_GRAIN,top,186,1,6238540,6239871,202,6238975,16,0,1065101558,1194083328,2,1,0,0,26564,2991,1287,1772,0,0
B4D12_GRAIN,top,8991,0,6801803,6803221,158,6801919,16,0,1065101558,1194083328,2,4,10,10,215860,28160,35501,4363,1433,24736
B4D12_GRAIN,top,8991,1,6801959,6803346,158,6801919,16,0,1065101558,1194083328,2,1,0,0,28504,4019,2237,1748,0,0
B4D12_GRAIN,top,8991,2,6802118,6803472,159,6802303,16,0,1065101558,1194083328,2,4,10,10,25144,3719,1489,112,290,15952
B4D12_GRAIN,top,11747,0,6978044,6979491,585,6978175,16,0,1065101558,1194083328,2,4,10,10,248770,24497,37337,4363,1457,24818
B4D12_GRAIN,top,11747,1,6978253,6979656,210,6978175,16,0,1065101558,1194083328,2,1,0,0,26446,2983,2674,1772,0,0
B4D12_GRAIN,top,11747,2,6978463,6979822,210,6978559,16,0,1065101558,1194083328,2,4,10,10,25030,2583,1915,104,272,16141
B4D12_GRAIN,top,11322,0,6950954,6952306,259,6951295,16,0,1065101558,1194083328,2,4,10,10,234830,22292,31670,4354,324,24932
B4D12_GRAIN,top,11322,1,6951202,6952517,248,6951295,16,0,1065101558,1194083328,2,1,0,0,28704,3434,1982,1778,0,0
B4D12_GRAIN,top,11322,2,6951202,6952729,248,6951295,16,0,1065101558,1194083328,2,1,0,0,7774,3071,1878,210,0,0
B4D12_GRAIN,top,9702,0,6847244,6848655,169,6847999,16,0,1065101558,1194083328,2,4,10,10,265546,21263,32092,9737,1450,24938
B4D12_GRAIN,top,9702,1,6847413,6848787,177,6847999,16,0,1065101558,1194083328,2,1,0,0,37138,7811,3914,1778,0,0
B4D12_GRAIN,top,9702,2,6847598,6848920,185,6847999,16,0,1065101558,1194083328,2,1,0,0,6468,2149,1176,210,0,0
B4D12_GRAIN,top,3475,0,6448784,6450200,181,6448639,16,0,1065101558,1194083328,2,4,10,10,263832,24020,33676,9772,1462,24726
B4D12_GRAIN,top,3475,1,6448965,6450343,181,6449023,16,0,1065101558,1194083328,2,4,10,10,29522,5151,2068,99,284,17353
B4D12_GRAIN,top,10801,0,6917564,6918975,183,6918271,16,0,1065101558,1194083328,2,4,10,10,249728,19983,28843,7053,4140,29718
B4D12_GRAIN,top,10801,1,6917760,6919120,196,6918271,16,0,1065101558,1194083328,2,1,0,0,31522,6684,1549,1770,0,0
B4D12_GRAIN,top,10801,2,6917760,6919266,196,6918271,16,0,1065101558,1194083328,2,1,0,0,8062,3576,1376,205,0,0
B4D12_GRAIN,top,6950,0,6671261,6672637,178,6671743,16,0,1065101558,1194083328,2,4,10,10,246924,24307,33310,7063,1454,24716
B4D12_GRAIN,top,6950,1,6671440,6672780,179,6671743,16,0,1065101558,1194083328,2,1,0,0,28954,2798,1276,1760,0,0
B4D12_GRAIN,top,707,0,6271696,6273054,212,6272383,16,0,1065101558,1194083328,2,4,10,10,248560,27678,34472,9735,1450,24770
B4D12_GRAIN,top,707,1,6271696,6273213,212,6272383,16,0,1065101558,1194083328,2,1,0,0,26952,3307,1290,1784,0,0
B4D12_GRAIN,top,13619,0,7098029,7099393,230,7098367,16,0,1065101558,1194083328,2,4,10,10,259919,24125,34021,7063,1408,27735
B4D12_GRAIN,top,13619,1,7098263,7099571,234,7098367,16,0,1065101558,1194083328,2,1,0,0,27222,2499,2010,1766,0,0
B4D12_GRAIN,top,9972,0,6864614,6865906,324,6864511,16,0,1065101558,1194083328,2,4,10,10,244666,25579,29738,4345,1437,24624
B4D12_GRAIN,top,9972,1,6864614,6866117,324,6864511,16,0,1065101558,1194083328,2,1,0,0,31126,4124,2980,2819,0,0
B4D12_GRAIN,top,9972,2,6864931,6866328,317,6864895,16,0,1065101558,1194083328,2,4,10,10,28902,3744,2227,83,272,15905
B4D12_GRAIN,top,1289,0,6308906,6310283,229,6309247,16,0,1065101558,1194083328,2,4,10,10,241220,22915,31612,4363,721,24962
B4D12_GRAIN,top,1289,1,6309141,6310472,235,6309247,16,0,1065101558,1194083328,2,1,0,0,28713,4102,2127,1758,0,0
B4D12_GRAIN,top,871,0,6282044,6283455,201,6282751,16,0,1065101558,1194083328,2,4,10,10,212258,19482,20603,7044,1473,22286
B4D12_GRAIN,top,871,1,6282254,6283614,210,6282751,16,0,1065101558,1194083328,2,1,0,0,30959,8823,1557,1778,0,0
B4D12_GRAIN,top,871,2,6282254,6283774,210,6282751,16,0,1065101558,1194083328,2,1,0,0,7560,3160,1403,206,0,0
B4D12_GRAIN,top,6602,0,6649110,6650351,420,6649087,16,0,1065101558,1194083328,2,4,10,10,270674,24528,34026,12455,1457,24714
B4D12_GRAIN,top,6602,1,6649110,6650680,420,6649087,16,0,1065101558,1194083328,2,1,0,0,29652,2351,1981,1763,0,0
B4D12_GRAIN,top,10517,0,6899504,6900895,186,6900223,16,0,1065101558,1194083328,2,4,10,10,249850,22393,33183,7045,325,27450
B4D12_GRAIN,top,10517,1,6899696,6901055,192,6900223,16,0,1065101558,1194083328,2,1,0,0,27071,3632,1284,1752,0,0
B4D12_GRAIN,top,8009,0,6738949,6740320,185,6739327,16,0,1065101558,1194083328,2,4,10,10,243916,24746,26254,5490,1450,24684
B4D12_GRAIN,top,8009,1,6738949,6740465,185,6739327,16,0,1065101558,1194083328,2,1,0,0,25156,2875,1983,1762,0,0
B4D12_GRAIN,top,8009,2,6738949,6740609,185,6739327,16,0,1065101558,1194083328,2,1,0,0,7261,2525,1902,217,0,0
B4D12_GRAIN,top,12444,0,7022875,7024238,186,7023487,16,0,1065101558,1194083328,2,4,10,10,255686,24624,29346,7055,1457,24814
B4D12_GRAIN,top,12444,1,7023056,7024381,181,7023487,16,0,1065101558,1194083328,2,1,0,0,26726,3249,1285,1757,0,0
B4D12_GRAIN,top,8297,0,6757481,6758843,237,6758143,16,0,1065101558,1194083328,2,4,10,10,249780,30382,33350,7046,1433,24756
B4D12_GRAIN,top,8297,1,6757481,6759031,237,6758143,16,0,1065101558,1194083328,2,1,0,0,26968,3464,1274,2925,0,0
B4D12_GRAIN,miss,186,0,6238338,6239703,208,6238975,16,0,1065101558,1194083328,2,4,10,10,256852,22016,31084,12438,1453,25187
B4D12_GRAIN,miss,186,1,6238540,6239871,202,6238975,16,0,1065101558,1194083328,2,1,0,0,26564,2991,1287,1772,0,0
B4D12_GRAIN,miss,707,0,6271696,6273054,212,6272383,16,0,1065101558,1194083328,2,4,10,10,248560,27678,34472,9735,1450,24770
B4D12_GRAIN,miss,707,1,6271696,6273213,212,6272383,16,0,1065101558,1194083328,2,1,0,0,26952,3307,1290,1784,0,0
B4D12_GRAIN,miss,871,0,6282044,6283455,201,6282751,16,0,1065101558,1194083328,2,4,10,10,212258,19482,20603,7044,1473,22286
B4D12_GRAIN,miss,871,1,6282254,6283614,210,6282751,16,0,1065101558,1194083328,2,1,0,0,30959,8823,1557,1778,0,0
B4D12_GRAIN,miss,871,2,6282254,6283774,210,6282751,16,0,1065101558,1194083328,2,1,0,0,7560,3160,1403,206,0,0
B4D12_GRAIN,miss,1289,0,6308906,6310283,229,6309247,16,0,1065101558,1194083328,2,4,10,10,241220,22915,31612,4363,721,24962
B4D12_GRAIN,miss,1289,1,6309141,6310472,235,6309247,16,0,1065101558,1194083328,2,1,0,0,28713,4102,2127,1758,0,0
B4D12_GRAIN,miss,3475,0,6448784,6450200,181,6448639,16,0,1065101558,1194083328,2,4,10,10,263832,24020,33676,9772,1462,24726
B4D12_GRAIN,miss,3475,1,6448965,6450343,181,6449023,16,0,1065101558,1194083328,2,4,10,10,29522,5151,2068,99,284,17353
B4D12_GRAIN,miss,6602,0,6649110,6650351,420,6649087,16,0,1065101558,1194083328,2,4,10,10,270674,24528,34026,12455,1457,24714
B4D12_GRAIN,miss,6602,1,6649110,6650680,420,6649087,16,0,1065101558,1194083328,2,1,0,0,29652,2351,1981,1763,0,0
B4D12_GRAIN,miss,6950,0,6671261,6672637,178,6671743,16,0,1065101558,1194083328,2,4,10,10,246924,24307,33310,7063,1454,24716
B4D12_GRAIN,miss,6950,1,6671440,6672780,179,6671743,16,0,1065101558,1194083328,2,1,0,0,28954,2798,1276,1760,0,0
B4D12_GRAIN,miss,8009,0,6738949,6740320,185,6739327,16,0,1065101558,1194083328,2,4,10,10,243916,24746,26254,5490,1450,24684
B4D12_GRAIN,miss,8009,1,6738949,6740465,185,6739327,16,0,1065101558,1194083328,2,1,0,0,25156,2875,1983,1762,0,0
B4D12_GRAIN,miss,8009,2,6738949,6740609,185,6739327,16,0,1065101558,1194083328,2,1,0,0,7261,2525,1902,217,0,0
B4D12_GRAIN,miss,8297,0,6757481,6758843,237,6758143,16,0,1065101558,1194083328,2,4,10,10,249780,30382,33350,7046,1433,24756
B4D12_GRAIN,miss,8297,1,6757481,6759031,237,6758143,16,0,1065101558,1194083328,2,1,0,0,26968,3464,1274,2925,0,0
B4D12_GRAIN,miss,8991,0,6801803,6803221,158,6801919,16,0,1065101558,1194083328,2,4,10,10,215860,28160,35501,4363,1433,24736
B4D12_GRAIN,miss,8991,1,6801959,6803346,158,6801919,16,0,1065101558,1194083328,2,1,0,0,28504,4019,2237,1748,0,0
B4D12_GRAIN,miss,8991,2,6802118,6803472,159,6802303,16,0,1065101558,1194083328,2,4,10,10,25144,3719,1489,112,290,15952
B4D12_GRAIN,miss,9702,0,6847244,6848655,169,6847999,16,0,1065101558,1194083328,2,4,10,10,265546,21263,32092,9737,1450,24938
B4D12_GRAIN,miss,9702,1,6847413,6848787,177,6847999,16,0,1065101558,1194083328,2,1,0,0,37138,7811,3914,1778,0,0
B4D12_GRAIN,miss,9702,2,6847598,6848920,185,6847999,16,0,1065101558,1194083328,2,1,0,0,6468,2149,1176,210,0,0
B4D12_GRAIN,miss,9972,0,6864614,6865906,324,6864511,16,0,1065101558,1194083328,2,4,10,10,244666,25579,29738,4345,1437,24624
B4D12_GRAIN,miss,9972,1,6864614,6866117,324,6864511,16,0,1065101558,1194083328,2,1,0,0,31126,4124,2980,2819,0,0
B4D12_GRAIN,miss,9972,2,6864931,6866328,317,6864895,16,0,1065101558,1194083328,2,4,10,10,28902,3744,2227,83,272,15905
B4D12_GRAIN,miss,10517,0,6899504,6900895,186,6900223,16,0,1065101558,1194083328,2,4,10,10,249850,22393,33183,7045,325,27450
B4D12_GRAIN,miss,10517,1,6899696,6901055,192,6900223,16,0,1065101558,1194083328,2,1,0,0,27071,3632,1284,1752,0,0
B4D12_GRAIN,miss,10801,0,6917564,6918975,183,6918271,16,0,1065101558,1194083328,2,4,10,10,249728,19983,28843,7053,4140,29718
B4D12_GRAIN,miss,10801,1,6917760,6919120,196,6918271,16,0,1065101558,1194083328,2,1,0,0,31522,6684,1549,1770,0,0
B4D12_GRAIN,miss,10801,2,6917760,6919266,196,6918271,16,0,1065101558,1194083328,2,1,0,0,8062,3576,1376,205,0,0
B4D12_GRAIN,miss,11322,0,6950954,6952306,259,6951295,16,0,1065101558,1194083328,2,4,10,10,234830,22292,31670,4354,324,24932
B4D12_GRAIN,miss,11322,1,6951202,6952517,248,6951295,16,0,1065101558,1194083328,2,1,0,0,28704,3434,1982,1778,0,0
B4D12_GRAIN,miss,11322,2,6951202,6952729,248,6951295,16,0,1065101558,1194083328,2,1,0,0,7774,3071,1878,210,0,0
B4D12_GRAIN,miss,11747,0,6978044,6979491,585,6978175,16,0,1065101558,1194083328,2,4,10,10,248770,24497,37337,4363,1457,24818
B4D12_GRAIN,miss,11747,1,6978253,6979656,210,6978175,16,0,1065101558,1194083328,2,1,0,0,26446,2983,2674,1772,0,0
B4D12_GRAIN,miss,11747,2,6978463,6979822,210,6978559,16,0,1065101558,1194083328,2,4,10,10,25030,2583,1915,104,272,16141
B4D12_GRAIN,miss,12444,0,7022875,7024238,186,7023487,16,0,1065101558,1194083328,2,4,10,10,255686,24624,29346,7055,1457,24814
B4D12_GRAIN,miss,12444,1,7023056,7024381,181,7023487,16,0,1065101558,1194083328,2,1,0,0,26726,3249,1285,1757,0,0
B4D12_GRAIN,miss,13619,0,7098029,7099393,230,7098367,16,0,1065101558,1194083328,2,4,10,10,259919,24125,34021,7063,1408,27735
B4D12_GRAIN,miss,13619,1,7098263,7099571,234,7098367,16,0,1065101558,1194083328,2,1,0,0,27222,2499,2010,1766,0,0
B4D12_GRAIN_CLASS class=1 ordinal=0 count=1175 add_mean_cycles=72571.4 add_p50_bound=71680 add_p95_bound=102400 add_p99_bound=117760 add_max_cycles=171437 select_mean_cycles=6390.1 near_mean_cycles=6545.4 lookup_mean_cycles=936.2 poly_mean_cycles=466.9 gain_mean_cycles=25276.3
B4D12_GRAIN_CACHE class=1 ordinal=0 no_lpc=0 local=0 shared=0 neutral=0 miss=1175 empty=0 timestamp=1175 order=0 coefficients=1175 lambda=0 gamma=0 rate=0 strategy=0
B4D12_GRAIN_CACHE class=1 ordinal=1 no_lpc=0 local=0 shared=0 neutral=0 miss=0 empty=0 timestamp=0 order=0 coefficients=0 lambda=0 gamma=0 rate=0 strategy=0
B4D12_GRAIN_CACHE class=1 ordinal=2 no_lpc=0 local=0 shared=0 neutral=0 miss=0 empty=0 timestamp=0 order=0 coefficients=0 lambda=0 gamma=0 rate=0 strategy=0
B4D12_GRAIN_CACHE class=1 ordinal=3 no_lpc=0 local=0 shared=0 neutral=0 miss=0 empty=0 timestamp=0 order=0 coefficients=0 lambda=0 gamma=0 rate=0 strategy=0
B4D12_GRAIN_CLASS class=2 ordinal=0 count=10 add_mean_cycles=254329.7 add_p50_bound=249856 add_p95_bound=271360 add_p99_bound=271360 add_max_cycles=270674 select_mean_cycles=24698.8 near_mean_cycles=32808.0 lookup_mean_cycles=8403.5 poly_mean_cycles=1262.0 gain_mean_cycles=25383.0
B4D12_GRAIN_CACHE class=2 ordinal=0 no_lpc=0 local=0 shared=0 neutral=0 miss=10 empty=0 timestamp=10 order=0 coefficients=10 lambda=0 gamma=0 rate=0 strategy=0
B4D12_GRAIN_CLASS class=2 ordinal=1 count=10 add_mean_cycles=27834.4 add_p50_bound=27648 add_p95_bound=29696 add_p99_bound=29696 add_max_cycles=29652 select_mean_cycles=3354.4 near_mean_cycles=1588.2 lookup_mean_cycles=1713.6 poly_mean_cycles=28.4 gain_mean_cycles=1735.3
B4D12_GRAIN_CACHE class=2 ordinal=1 no_lpc=0 local=9 shared=0 neutral=0 miss=1 empty=0 timestamp=1 order=0 coefficients=1 lambda=0 gamma=0 rate=0 strategy=0
B4D12_GRAIN_CACHE class=2 ordinal=2 no_lpc=0 local=0 shared=0 neutral=0 miss=0 empty=0 timestamp=0 order=0 coefficients=0 lambda=0 gamma=0 rate=0 strategy=0
B4D12_GRAIN_CACHE class=2 ordinal=3 no_lpc=0 local=0 shared=0 neutral=0 miss=0 empty=0 timestamp=0 order=0 coefficients=0 lambda=0 gamma=0 rate=0 strategy=0
B4D12_GRAIN_CLASS class=3 ordinal=0 count=8 add_mean_cycles=239446.8 add_p50_bound=244736 add_p95_bound=266240 add_p99_bound=266240 add_max_cycles=265546 select_mean_cycles=23250.2 near_mean_cycles=30254.8 lookup_mean_cycles=5843.6 poly_mean_cycles=1645.5 gain_mean_cycles=25092.0
B4D12_GRAIN_CACHE class=3 ordinal=0 no_lpc=0 local=0 shared=0 neutral=0 miss=8 empty=0 timestamp=8 order=0 coefficients=8 lambda=0 gamma=0 rate=0 strategy=0
B4D12_GRAIN_CLASS class=3 ordinal=1 count=8 add_mean_cycles=29944.4 add_p50_bound=29696 add_p95_bound=37888 add_p99_bound=37888 add_max_cycles=37138 select_mean_cycles=5094.1 near_mean_cycles=2359.5 lookup_mean_cycles=1900.6 poly_mean_cycles=0.0 gain_mean_cycles=0.0
B4D12_GRAIN_CACHE class=3 ordinal=1 no_lpc=0 local=8 shared=0 neutral=0 miss=0 empty=0 timestamp=0 order=0 coefficients=0 lambda=0 gamma=0 rate=0 strategy=0
B4D12_GRAIN_CLASS class=3 ordinal=2 count=8 add_mean_cycles=14525.1 add_p50_bound=8192 add_p95_bound=29696 add_p99_bound=29696 add_max_cycles=28902 select_mean_cycles=3065.9 near_mean_cycles=1670.8 lookup_mean_cycles=168.4 poly_mean_cycles=104.2 gain_mean_cycles=5999.8
B4D12_GRAIN_CACHE class=3 ordinal=2 no_lpc=0 local=5 shared=0 neutral=0 miss=3 empty=0 timestamp=3 order=0 coefficients=3 lambda=0 gamma=0 rate=0 strategy=0
B4D12_GRAIN_CACHE class=3 ordinal=3 no_lpc=0 local=0 shared=0 neutral=0 miss=0 empty=0 timestamp=0 order=0 coefficients=0 lambda=0 gamma=0 rate=0 strategy=0
B4D12_CASE name=mat_g_drive_overdrive category=matrix seconds=20 voices=1 comp=1 delay=1 reverb=1 interval=4.0 control=none kind=19 f0=220.0 vocal=1 wall_s=20.000086 blocks=13784
B4D12_PHYSICAL name=mat_g_drive_overdrive rx_blocks=13785 tx_blocks=13786 dsp_blocks=13786 rx_frames=882240 tx_frames=882304 effective_fs=44111.810 err_pct=0.0268
B4D12_TRANSPORT name=mat_g_drive_overdrive rx_overruns=0 tx_underruns=0 dma_errors=0 actual_rx_dma_errors=0 actual_tx_dma_errors=0 read_failures=0 write_failures=0 rx_dropped_frames=0 tx_dropped_frames=0 rx_seq_gaps=0 tx_seq_gaps=0 nan_inf=0 rx_diag_ovf=1840 tx_diag_ovf=1839
B4D12_DSP name=mat_g_drive_overdrive blocks=13784 avg_us=670.651 p50=695 p90=994 p95=1067 p99=1175 p999=2348 p9999=2488 max=2507 misses=18 miss_per_block=0.00130586 miss_per_s=0.9000 miss_per_min=54.000 miss_per_hour=3239.99
B4D12_LATE name=mat_g_drive_overdrive threshold_1200_blocks=89 max_consecutive_late=1 max_lateness_us=1056 cumulative_lateness_us=16928 late_events=18 late_events_dropped=0 recovery_pending=0
B4D12_LATENESS_HIST name=mat_g_drive_overdrive le100=0 b100_250=0 b250_500=0 b500_1000=12 b1000_1500=6 gt1500=0
B4D12_CLASS name=mat_g_drive_overdrive miss_nmc=0 miss_mc0=0 miss_mc1=0 miss_mc2=10 miss_mc3=8 blocks_nmc=12591 blocks_mc0=0 blocks_mc1=1175 blocks_mc2=10 blocks_mc3=8
B4D12_CLASS_DIST name=mat_g_drive_overdrive class=nmc blocks=12591 mean_us=633.37 p50=590 p95=978 p99=1099 p999=1228 max=1355
B4D12_CLASS_DIST name=mat_g_drive_overdrive class=mc1 blocks=1175 mean_us=1043.81 p50=1049 p95=1194 p99=1276 p999=1376 max=1386
B4D12_CLASS_DIST name=mat_g_drive_overdrive class=mc2 blocks=10 mean_us=2397.00 p50=2389 p95=2507 p99=2507 p999=2507 max=2507
B4D12_CLASS_DIST name=mat_g_drive_overdrive class=mc3 blocks=8 mean_us=2384.50 p50=2402 p95=2488 p99=2488 p999=2488 max=2488
B4D12_CLASS_DIST name=mat_g_drive_overdrive class=mc0 blocks=0 mean_us=0.00 p50=0 p95=0 p99=0 p999=0 max=0
B4D12_RECOVERY name=mat_g_drive_overdrive pending=0 r0=0 r1=18 r2=0 r3=0 r4=0 r5=0 r6=0 r7=0
B4D12_BACKLOG name=mat_g_drive_overdrive current_ms=2.925 avg_ms=1.937 p95_ms=5.442 p99_ms=5.442 max_ms=5.918
B4D12_FIFO name=mat_g_drive_overdrive pushes=1777536 pops=1777504 drops=0 overflow_attempts=0 max_occ=93 avg_occ=8.703 current_occ=32
B4D12_LATE_EVENT name=mat_g_drive_overdrive blk=186 dsp_us=2348 lateness_us=897 klass=2 mc=1 ng=2 ad=2 sl=2 prev_miss=0 next1=927 next2=826 next3=832 recov=1 bl_before_ds=0 bl_after_ds=0
B4D12_LATE_EVENT name=mat_g_drive_overdrive blk=707 dsp_us=2421 lateness_us=970 klass=2 mc=1 ng=2 ad=2 sl=2 prev_miss=0 next1=910 next2=826 next3=1079 recov=1 bl_before_ds=0 bl_after_ds=0
B4D12_LATE_EVENT name=mat_g_drive_overdrive blk=871 dsp_us=2229 lateness_us=778 klass=3 mc=1 ng=3 ad=3 sl=3 prev_miss=0 next1=835 next2=923 next3=770 recov=1 bl_before_ds=0 bl_after_ds=14
B4D12_LATE_EVENT name=mat_g_drive_overdrive blk=1289 dsp_us=2266 lateness_us=815 klass=2 mc=1 ng=2 ad=2 sl=2 prev_miss=0 next1=1039 next2=1038 next3=797 recov=1 bl_before_ds=0 bl_after_ds=4
B4D12_LATE_EVENT name=mat_g_drive_overdrive blk=3475 dsp_us=2455 lateness_us=1004 klass=2 mc=1 ng=2 ad=2 sl=2 prev_miss=0 next1=1009 next2=882 next3=1285 recov=1 bl_before_ds=0 bl_after_ds=14
B4D12_LATE_EVENT name=mat_g_drive_overdrive blk=6602 dsp_us=2507 lateness_us=1056 klass=2 mc=1 ng=2 ad=2 sl=2 prev_miss=0 next1=824 next2=699 next3=892 recov=1 bl_before_ds=14 bl_after_ds=3
B4D12_LATE_EVENT name=mat_g_drive_overdrive blk=6950 dsp_us=2369 lateness_us=918 klass=2 mc=1 ng=2 ad=2 sl=2 prev_miss=0 next1=1135 next2=780 next3=832 recov=1 bl_before_ds=14 bl_after_ds=0
B4D12_LATE_EVENT name=mat_g_drive_overdrive blk=8009 dsp_us=2414 lateness_us=963 klass=3 mc=1 ng=3 ad=3 sl=3 prev_miss=0 next1=861 next2=1127 next3=786 recov=1 bl_before_ds=0 bl_after_ds=4
B4D12_LATE_EVENT name=mat_g_drive_overdrive blk=8297 dsp_us=2457 lateness_us=1006 klass=2 mc=1 ng=2 ad=2 sl=2 prev_miss=0 next1=888 next2=957 next3=929 recov=1 bl_before_ds=0 bl_after_ds=0
B4D12_LATE_EVENT name=mat_g_drive_overdrive blk=8991 dsp_us=2402 lateness_us=951 klass=3 mc=1 ng=3 ad=3 sl=3 prev_miss=0 next1=1033 next2=1175 next3=1024 recov=1 bl_before_ds=14 bl_after_ds=0
B4D12_LATE_EVENT name=mat_g_drive_overdrive blk=9702 dsp_us=2488 lateness_us=1037 klass=3 mc=1 ng=3 ad=3 sl=3 prev_miss=0 next1=1037 next2=827 next3=904 recov=1 bl_before_ds=0 bl_after_ds=0
B4D12_LATE_EVENT name=mat_g_drive_overdrive blk=9972 dsp_us=2466 lateness_us=1015 klass=3 mc=1 ng=3 ad=3 sl=3 prev_miss=0 next1=978 next2=814 next3=1062 recov=1 bl_before_ds=0 bl_after_ds=0
B4D12_LATE_EVENT name=mat_g_drive_overdrive blk=10517 dsp_us=2326 lateness_us=875 klass=2 mc=1 ng=2 ad=2 sl=2 prev_miss=0 next1=888 next2=883 next3=1079 recov=1 bl_before_ds=0 bl_after_ds=0
B4D12_LATE_EVENT name=mat_g_drive_overdrive blk=10801 dsp_us=2365 lateness_us=914 klass=3 mc=1 ng=3 ad=3 sl=3 prev_miss=0 next1=887 next2=816 next3=829 recov=1 bl_before_ds=0 bl_after_ds=14
B4D12_LATE_EVENT name=mat_g_drive_overdrive blk=11322 dsp_us=2230 lateness_us=779 klass=3 mc=1 ng=3 ad=3 sl=3 prev_miss=0 next1=790 next2=622 next3=795 recov=1 bl_before_ds=0 bl_after_ds=0
B4D12_LATE_EVENT name=mat_g_drive_overdrive blk=11747 dsp_us=2482 lateness_us=1031 klass=3 mc=1 ng=3 ad=3 sl=3 prev_miss=0 next1=919 next2=1011 next3=1053 recov=1 bl_before_ds=0 bl_after_ds=0
B4D12_LATE_EVENT name=mat_g_drive_overdrive blk=12444 dsp_us=2432 lateness_us=981 klass=2 mc=1 ng=2 ad=2 sl=2 prev_miss=0 next1=1050 next2=813 next3=868 recov=1 bl_before_ds=0 bl_after_ds=0
B4D12_LATE_EVENT name=mat_g_drive_overdrive blk=13619 dsp_us=2389 lateness_us=938 klass=2 mc=1 ng=2 ad=2 sl=2 prev_miss=0 next1=1057 next2=1025 next3=900 recov=1 bl_before_ds=0 bl_after_ds=4
B4D12_WINDOW name=mat_g_drive_overdrive idx=0 partial=1 blocks=13784 avg_us=670.651 p99_us=1200 p999_us=2400 max_us=2507 misses=18 mc2=10 mc3=8 max_consecutive_late=1 backlog_max_ms=4.4 transport_errors=0 cumulative_lateness_us=16928
B4D12_QUALIFY name=mat_g_drive_overdrive gate_a_transport=PASS gate_b_physical=PASS fs_ok=1 max_consecutive_late=1 backlog_max_ms=5.918 dsp_miss_independent=1 result=PASS
B4D1_MEMORY tag=b4d12_mat_g_drive_overdrive internal_free=93211 internal_largest=31744 spiram_free=17612652 spiram_largest=17301504
B4D1_PRESTAGE name=b4d12_mat_h_drive_megaphone kind=19 f0=220.0 frames=2866500 fnv=7485cb01 rms=0.068750
[0;31mE (327112) esp_clk_tree: esp_clk_tree_src_get_freq_hz(82): freq shouldn't be 0, calibration failed[0m
[0;31mE (327113) i2s_std: i2s_std_calculate_clock(57): sample rate is too large for the current clock source[0m
[0;31mE (327121) i2s_std: i2s_std_set_clock(74): clock calculate failed[0m
[0;31mE (327128) i2s_std: i2s_channel_init_std_mode(225): initialize channel failed while setting clock[0m
[0;33mW (327138) audio_i2s: AUDIO CLOCK WARNING: APLL unavailable, using XTAL fractional clock[0m
AUDIO CLOCK: EXPECTED_FALLBACK (APLL unavailable, using XTAL fractional clock)

=======================================================
            AUDIO HARDWARE CONFIGURATION               
=======================================================
Target Board:                   Wireless-Tag WT9932P4-TINY (ESP32-P4)
requested Fs:                   44100 Hz
actual/configured clock source: SOC_MOD_CLK_XTAL (XTAL fractional clock)
source clock Hz:                40000000 Hz
MCLK Hz:                        11289600 Hz
BCLK Hz:                        2822400 Hz
LRCK/Fs:                        44100 Hz
MCLK/Fs ratio:                  256
BCLK/Fs ratio:                  64
I2S Controller:                 I2S_NUM_0 (Full-Duplex Standard Philips)
MCLK GPIO:                      GPIO_19 (Header Pin 4 -> PCM1808 SCKI)
BCLK GPIO:                      GPIO_20 (Header Pin 5 -> PCM1808/PCM5102 BCK)
WS GPIO:                        GPIO_21 (Header Pin 6 -> PCM1808/PCM5102 LRCK)
DOUT GPIO:                      GPIO_22 (Header Pin 7 -> PCM5102 DIN)
DIN GPIO:                       GPIO_23 (Header Pin 8 <- PCM1808 DOUT)
Data Width:                     32-bit slot, 24-bit audio MSB-aligned in bits [31:8]
Slot Width:                     32 bits per slot (2 slots/frame = 64 BCLK/frame)
Channels:                       Stereo (L/R interleaved)
DMA Descriptors:                6 descriptors
DMA Frame Count:                64 frames/desc (512 bytes/desc)
DMA buffering capacity:         8.00 ms (384 frames total)
physical/effective latency:     PENDING_HARDWARE_MEASUREMENT
=======================================================

B4D1_STACK audio_hwm_bytes=17616 pitch_hwm_bytes=8700
B4D12_FORENSIC_HEADER set,block,dsp_us,cycle_us,input_cycles,comp_cycles,harmony_cycles,drive_cycles,chorus_cycles,delay_cycles,reverb_cycles,master_cycles,new_grains,active_grains,source_grains,grain_samples,model_lookups,model_expensive,model_warp_us,formant_changed,pitch_changed,track_state,fallback,recovery,fir_computed,fir_reused,deferred_slices,psola_sched_cycles,psola_addgrain_cycles,psola_deferred_cycles,psola_mark_cycles,psola_desc_cycles,psola_near_cycles,psola_poly_cycles,psola_gn_cycles
B4D12_FORENSIC_COUNT top=100 misses=20 miss_dropped=0
B4D12_FORENSIC,top,9728,1236,1426,0,0,0,0,0,0,0,0,1,1,0,353,1,1,223.46,1,0,2,1,0,0,0,3,106236,98738,41788,2736,2990,5003,4151,35523
B4D12_FORENSIC,top,188,2398,2505,0,0,0,0,0,0,0,0,2,2,0,832,2,1,487.91,1,0,2,1,0,0,0,2,338823,291158,112785,30285,11224,33488,313,25019
B4D12_FORENSIC,top,880,1241,1322,0,0,0,0,0,0,0,0,0,0,0,0,0,0,0.00,0,0,2,1,0,0,0,3,2156,0,58034,0,0,0,0,0
B4D12_FORENSIC,top,1484,1325,1414,0,0,0,0,0,0,0,0,1,1,0,427,1,1,178.42,1,0,2,0,0,0,0,3,107235,94366,33413,4004,8218,18464,329,27391
B4D12_FORENSIC,top,12035,1254,1426,0,0,0,0,0,0,0,0,1,1,0,427,1,1,250.99,1,0,2,0,0,0,0,3,117397,104644,45089,4166,5626,44605,328,35428
B4D12_FORENSIC,top,8688,1279,1396,0,0,0,0,0,0,0,0,1,1,0,425,1,1,163.53,1,0,2,0,0,0,0,3,86072,81292,31513,4210,2962,18382,320,21953
B4D12_FORENSIC,top,12550,1249,1427,0,0,0,0,0,0,0,0,1,1,0,323,1,1,223.88,1,0,2,1,0,0,0,3,117934,107814,30550,8984,5654,2588,2927,27438
B4D12_FORENSIC,top,10820,1296,1418,0,0,0,0,0,0,0,0,1,1,0,391,1,1,251.68,1,0,2,1,0,0,0,3,133810,120896,31918,6687,8354,13044,307,27328
B4D12_FORENSIC,top,207,1241,1393,0,0,0,0,0,0,0,0,1,1,0,423,1,1,230.97,1,0,2,1,0,0,0,2,135863,120296,19017,2986,8176,6533,1453,24795
B4D12_FORENSIC,top,1083,1228,1411,0,0,0,0,0,0,0,0,1,1,0,397,1,0,105.49,0,0,2,0,0,0,0,3,78030,73216,28847,6804,8192,20811,0,0
B4D12_FORENSIC,top,13748,1244,1412,0,0,0,0,0,0,0,0,1,1,0,427,1,1,231.36,1,0,2,0,0,0,0,3,115278,107740,45487,6198,2972,21493,2903,30143
B4D12_FORENSIC,top,1584,1504,1606,0,0,0,0,0,0,0,0,0,0,0,0,0,0,0.00,0,0,2,0,0,0,0,2,54467,37063,27400,6847,0,0,0,0
B4D12_FORENSIC,top,10808,2439,2551,0,0,0,0,0,0,0,0,3,3,0,989,3,1,479.08,1,0,2,1,0,0,0,2,335871,285114,108147,33177,11901,37669,1441,24700
B4D12_FORENSIC,top,1452,1234,1325,0,0,0,0,0,0,0,0,1,1,0,429,1,1,163.92,1,0,2,0,0,0,0,3,85953,81166,29095,3920,2980,15794,330,22097
B4D12_FORENSIC,top,948,1226,1433,0,0,0,0,0,0,0,0,1,1,0,405,1,0,137.04,0,0,2,0,0,0,0,3,92578,79674,28589,4091,2974,21661,0,0
B4D12_FORENSIC,top,12037,1260,1432,0,0,0,0,0,0,0,0,1,1,0,427,1,0,107.76,0,0,2,0,0,0,0,3,89522,74426,25202,12256,2960,27278,0,0
B4D12_FORENSIC,top,236,1223,1402,0,0,0,0,0,0,0,0,1,1,0,429,1,1,126.23,1,0,2,0,0,0,0,3,103602,85422,42806,16556,8192,2348,327,24706
B4D12_FORENSIC,top,8304,2627,2733,0,0,0,0,0,0,0,0,3,3,0,1421,3,1,476.80,1,0,2,1,0,0,0,3,343297,290216,116906,31479,11497,35440,308,24706
B4D12_FORENSIC,top,969,1234,1402,0,0,0,0,0,0,0,0,1,1,0,413,1,1,171.96,1,0,2,0,0,0,0,3,110654,92338,28603,6836,5672,7984,329,24783
B4D12_FORENSIC,top,1878,1222,1409,0,0,0,0,0,0,0,0,1,1,0,431,1,0,78.18,0,0,2,0,0,0,0,3,47287,42434,33933,4171,5699,16605,0,0
B4D12_FORENSIC,top,11748,2576,2686,0,0,0,0,0,0,0,0,3,3,0,2013,3,2,550.37,1,0,2,1,0,0,0,3,375975,320146,121030,29886,12121,39364,593,40736
B4D12_FORENSIC,top,1303,1219,1425,0,0,0,0,0,0,0,0,1,1,0,483,1,1,268.49,1,0,2,1,0,0,0,3,134540,119008,30462,4158,8300,12918,1433,27810
B4D12_FORENSIC,top,11848,1225,1419,0,0,0,0,0,0,0,0,1,1,0,429,1,1,190.18,1,0,2,0,0,0,0,3,102994,87346,41422,6028,2990,7941,324,39452
B4D12_FORENSIC,top,12487,1386,1502,0,0,0,0,0,0,0,0,1,1,0,357,1,0,151.12,0,0,2,0,0,0,0,3,131232,92912,46608,19222,5674,22604,0,0
B4D12_FORENSIC,top,10160,1288,1419,0,0,0,0,0,0,0,0,1,1,0,423,1,1,163.73,1,0,2,0,0,0,0,3,88754,84064,27258,4144,2978,15975,322,29759
B4D12_FORENSIC,top,6612,1252,1433,0,0,0,0,0,0,0,0,1,1,0,841,1,0,79.61,0,0,2,1,0,0,0,3,67282,59828,95934,7780,8182,6325,0,0
B4D12_FORENSIC,top,974,1244,1419,0,0,0,0,0,0,0,0,1,1,0,409,1,1,228.61,1,0,2,0,0,0,0,3,123466,110576,36083,18178,284,15879,324,32032
B4D12_FORENSIC,top,8905,1270,1410,0,0,0,0,0,0,0,0,1,1,0,431,1,1,111.94,1,0,2,0,0,0,0,3,90169,77257,28066,7982,8354,5328,327,21983
B4D12_FORENSIC,top,1518,1385,1562,0,0,0,0,0,0,0,0,1,1,0,427,1,0,113.38,0,0,2,0,0,0,0,3,81548,76754,38837,6880,5601,18331,0,0
B4D12_FORENSIC,top,13623,2490,2605,0,0,0,0,0,0,0,0,3,3,0,1351,3,1,499.71,1,0,2,1,0,0,0,3,348162,300328,121873,31067,11504,34560,1423,24526
B4D12_FORENSIC,top,11120,1355,1480,0,0,0,0,0,0,0,0,1,1,0,481,1,1,179.43,1,0,2,0,0,0,0,3,118586,105848,29594,6873,2984,13079,319,27361
B4D12_FORENSIC,top,1290,2402,2496,0,0,0,0,0,0,0,0,2,2,0,898,2,1,450.29,1,0,2,1,0,0,0,2,324431,273972,112538,29809,14172,32090,1436,24848
B4D12_FORENSIC,top,8026,1243,1423,0,0,0,0,0,0,0,0,1,1,0,367,1,0,70.56,0,0,2,0,0,0,0,3,83571,64899,36408,10863,10812,8360,0,0
B4D12_FORENSIC,top,6677,1327,1461,0,0,0,0,0,0,0,0,1,1,0,807,1,1,234.60,1,0,2,0,0,0,0,3,153162,126864,28716,2810,8210,12900,1784,25041
B4D12_FORENSIC,top,9882,1801,1950,0,0,0,0,0,0,0,0,3,3,0,981,3,1,342.21,1,0,2,1,0,0,0,3,243573,209292,88279,22416,8793,25801,329,27264
B4D12_FORENSIC,top,1096,1242,1417,0,0,0,0,0,0,0,0,1,1,0,397,1,0,47.38,0,0,2,0,0,0,0,3,102578,74210,30364,6856,13484,8078,0,0
B4D12_FORENSIC,top,888,1344,1436,0,0,0,0,0,0,0,0,1,1,0,413,1,0,114.80,0,0,2,1,0,0,0,3,113004,95326,29744,6165,8462,24418,0,0
B4D12_FORENSIC,top,1468,1261,1419,0,0,0,0,0,0,0,0,1,1,0,427,1,1,170.72,1,0,2,0,0,0,0,3,109914,99694,29319,3965,2990,5591,328,32097
B4D12_FORENSIC,top,10126,1223,1427,0,0,0,0,0,0,0,0,1,1,0,427,1,1,228.83,1,0,2,0,0,0,0,3,109526,104762,37686,6825,2980,24224,327,30266
B4D12_FORENSIC,top,8977,2114,2215,0,0,0,0,0,0,0,0,3,3,0,1015,3,1,368.93,1,0,2,1,0,0,0,3,279295,234345,75384,30900,8819,28938,313,24667
B4D12_FORENSIC,top,1586,1309,1390,0,0,0,0,0,0,0,0,1,1,0,427,1,1,316.86,1,0,2,0,0,0,0,2,160526,139360,17526,4363,8310,21193,3035,44805
B4D12_FORENSIC,top,8311,1263,1488,0,0,0,0,0,0,0,0,0,0,0,0,0,0,0.00,0,0,2,1,0,0,0,3,2144,0,48245,0,0,0,0,0
B4D12_FORENSIC,top,7224,1218,1420,0,0,0,0,0,0,0,0,0,0,0,0,0,0,0.00,0,0,2,0,0,0,0,2,77214,49882,26550,9473,0,0,0,0
B4D12_FORENSIC,top,8546,1292,1418,0,0,0,0,0,0,0,0,1,1,0,427,1,1,230.89,1,0,2,0,0,0,0,2,123708,110886,19008,6897,10964,13212,326,35396
B4D12_FORENSIC,top,882,1237,1325,0,0,0,0,0,0,0,0,0,0,0,0,0,0,0.00,0,0,2,1,0,0,0,3,9638,0,51167,0,0,0,0,0
B4D12_FORENSIC,top,12458,1277,1413,0,0,0,0,0,0,0,0,1,1,0,357,1,1,247.31,1,0,2,1,0,0,0,3,128650,107648,29204,3201,2866,4784,331,33419
B4D12_FORENSIC,top,10874,1247,1425,0,0,0,0,0,0,0,0,1,1,0,425,1,1,193.27,1,0,2,0,0,0,0,3,113336,105738,32917,9448,8696,5191,3055,24809
B4D12_FORENSIC,top,3475,2574,2682,0,0,0,0,0,0,0,0,3,3,0,1873,3,2,579.08,1,0,2,1,0,0,0,3,390587,334511,120748,28803,11573,39965,598,43521
B4D12_FORENSIC,top,10524,2507,2701,0,0,0,0,0,0,0,0,3,3,0,1149,3,1,491.87,1,0,2,1,0,0,0,3,334209,286450,125386,26291,11516,36760,1439,24796
B4D12_FORENSIC,top,7226,1259,1388,0,0,0,0,0,0,0,0,1,1,0,321,1,1,194.41,1,0,2,0,0,0,0,2,118641,100432,29724,12205,5664,15940,368,27584
B4D12_FORENSIC,top,1330,1264,1421,0,0,0,0,0,0,0,0,1,1,0,479,1,1,236.87,1,0,2,0,0,0,0,3,120325,104814,35266,4120,5528,7817,1454,37569
B4D12_FORENSIC,top,10666,1227,1411,0,0,0,0,0,0,0,0,1,1,0,473,1,1,196.21,1,0,2,0,0,0,0,3,118720,108562,25679,14296,8354,13845,683,32863
B4D12_FORENSIC,top,10892,1246,1406,0,0,0,0,0,0,0,0,1,1,0,425,1,1,179.56,1,0,2,0,0,0,0,3,105044,84270,25125,6732,2996,2682,1850,21769
B4D12_FORENSIC,top,367,1331,1437,0,0,0,0,0,0,0,0,1,1,0,427,1,0,63.91,0,0,2,0,0,0,0,3,108272,74392,54695,33380,2964,13936,0,0
B4D12_FORENSIC,top,12485,1283,1426,0,0,0,0,0,0,0,0,1,1,0,357,1,1,249.51,1,0,2,0,0,0,0,3,108146,100684,30898,6042,283,15605,332,42379
B4D12_FORENSIC,top,370,1235,1428,0,0,0,0,0,0,0,0,1,1,0,423,1,1,238.77,1,0,2,0,0,0,0,3,113072,97784,29552,3987,3324,18592,327,30156
B4D12_FORENSIC,top,12976,1257,1427,0,0,0,0,0,0,0,0,1,1,0,343,1,0,39.62,0,0,2,0,0,0,0,3,46712,36564,35755,4118,2966,7865,0,0
B4D12_FORENSIC,top,891,1232,1409,0,0,0,0,0,0,0,0,1,1,0,407,1,1,246.62,1,0,2,1,0,0,0,3,136907,121370,25572,3614,296,3562,1456,35617
B4D12_FORENSIC,top,1876,1237,1427,0,0,0,0,0,0,0,0,1,1,0,431,1,1,210.84,1,0,2,0,0,0,0,3,100450,90214,62771,4122,2976,5330,327,38686
B4D12_FORENSIC,top,946,1291,1427,0,0,0,0,0,0,0,0,1,1,0,405,1,1,214.49,1,0,2,0,0,0,0,3,123694,107982,33267,6808,3334,18578,329,32438
B4D12_FORENSIC,top,9975,2420,2534,0,0,0,0,0,0,0,0,2,2,0,1042,2,2,422.02,1,1,2,1,0,0,0,2,314218,266450,100283,32148,13616,32174,609,40210
B4D12_FORENSIC,top,12445,2515,2639,0,0,0,0,0,0,0,0,3,3,0,1131,3,1,499.12,1,0,2,1,0,0,0,3,357012,306668,122371,25245,11495,31991,1447,24767
B4D12_FORENSIC,top,6604,2453,2608,0,0,0,0,0,0,0,0,2,2,0,1682,2,1,504.72,1,0,2,1,0,0,0,2,355615,299701,117838,26908,11229,36400,1430,27484
B4D12_FORENSIC,top,8313,1272,1370,0,0,0,0,0,0,0,0,1,1,0,483,1,1,168.74,1,0,2,1,0,0,0,3,133107,125564,32919,22344,5672,1591,330,29922
B4D12_FORENSIC,top,10038,1220,1433,0,0,0,0,0,0,0,0,1,1,0,483,1,0,71.82,0,0,2,0,0,0,0,2,92842,74974,27590,6852,13538,8663,0,0
B4D12_FORENSIC,top,415,1242,1417,0,0,0,0,0,0,0,0,1,1,0,431,1,1,214.75,1,0,2,0,0,0,0,3,137748,115842,35785,4190,3044,14120,328,21899
B4D12_FORENSIC,top,1976,1231,1411,0,0,0,0,0,0,0,0,1,1,0,431,1,1,208.05,1,0,2,0,0,0,0,3,120714,105232,34148,6854,8210,13385,328,32353
B4D12_FORENSIC,top,10096,1300,1403,0,0,0,0,0,0,0,0,1,1,0,421,1,1,218.48,1,0,2,1,0,0,0,3,97664,93031,26833,6783,317,21902,1420,24947
B4D12_FORENSIC,top,10032,1219,1433,0,0,0,0,0,0,0,0,0,0,0,0,0,0,0.00,0,0,2,0,0,0,0,2,52055,42637,19713,6830,0,0,0,0
B4D12_FORENSIC,top,6688,1294,1427,0,0,0,0,0,0,0,0,1,1,0,781,1,1,254.44,1,0,2,0,0,0,0,3,160922,147984,36051,5568,8398,18457,329,41441
B4D12_FORENSIC,top,6708,1333,1436,0,0,0,0,0,0,0,0,1,1,0,403,1,0,56.39,0,1,2,1,0,0,0,2,65262,55020,41996,5710,5802,8670,0,0
B4D12_FORENSIC,top,8846,1218,1406,0,0,0,0,0,0,0,0,1,1,0,407,1,1,261.48,1,0,2,0,0,0,0,3,126833,116708,36575,6869,2982,21338,3041,32769
B4D12_FORENSIC,top,878,2376,2482,0,0,0,0,0,0,0,0,3,3,0,1193,3,1,465.20,1,0,2,1,0,0,0,3,346780,285672,117806,34697,11532,37665,1439,27374
B4D12_FORENSIC,top,6960,1262,1415,0,0,0,0,0,0,0,0,1,1,0,361,1,0,40.04,0,0,2,1,0,0,0,3,40109,32782,31401,5710,5482,10705,0,0
B4D12_FORENSIC,top,9720,1235,1422,0,0,0,0,0,0,0,0,1,1,0,345,1,1,133.71,1,0,2,1,0,0,0,3,98012,87820,36043,5344,5654,4937,334,27434
B4D12_FORENSIC,top,9196,1241,1430,0,0,0,0,0,0,0,0,1,1,0,367,1,1,185.15,1,0,2,0,0,0,0,3,103529,78140,23467,4169,2848,5792,334,39841
B4D12_FORENSIC,top,709,2374,2497,0,0,0,0,0,0,0,0,2,2,0,878,2,1,437.96,1,0,2,1,0,0,0,2,318332,267509,113153,28445,8628,32889,1436,24686
B4D12_FORENSIC,top,971,1223,1429,0,0,0,0,0,0,0,0,1,1,0,413,1,0,78.43,0,0,2,0,0,0,0,3,60677,42520,29512,4128,2972,13980,0,0
B4D12_FORENSIC,top,1968,1342,1494,0,0,0,0,0,0,0,0,1,1,0,427,1,1,134.43,1,0,2,0,0,0,0,3,75648,62822,33608,4254,2980,10623,322,22028
B4D12_FORENSIC,top,6954,2593,2688,0,0,0,0,0,0,0,0,2,2,0,710,2,1,481.12,1,0,2,1,0,0,0,2,343637,293261,116281,30186,11217,34806,1452,24914
B4D12_FORENSIC,top,7066,1367,1479,0,0,0,0,0,0,0,0,1,1,0,341,1,1,142.12,1,0,2,0,0,0,0,3,124606,111766,51014,39765,2976,2654,327,27414
B4D12_FORENSIC,top,11012,1230,1396,0,0,0,0,0,0,0,0,1,1,0,425,1,1,201.48,1,0,2,0,0,0,0,3,107818,94920,28191,4117,5682,10562,328,32871
B4D12_FORENSIC,top,12528,1359,1442,0,0,0,0,0,0,0,0,1,1,0,343,1,1,132.48,1,0,2,0,0,0,0,3,82142,77406,32021,11452,5682,13150,318,24171
B4D12_FORENSIC,top,11329,2224,2350,0,0,0,0,0,0,0,0,2,2,0,1054,2,1,461.54,1,0,2,1,0,0,0,2,329302,276096,113104,28247,11417,37104,326,27606
B4D12_FORENSIC,top,752,1287,1413,0,0,0,0,0,0,0,0,1,1,0,405,1,1,175.92,1,0,2,0,0,0,0,3,84358,74260,38681,6139,278,15488,318,26715
B4D12_FORENSIC,top,11758,1231,1427,0,0,0,0,0,0,0,0,1,1,0,423,1,1,260.29,1,0,2,1,0,0,0,2,130252,117482,18070,5609,5680,13007,326,30107
B4D12_FORENSIC,top,10916,1277,1425,0,0,0,0,0,0,0,0,1,1,0,429,1,1,279.91,1,0,2,0,0,0,0,3,152038,133904,30034,14871,3002,21125,327,50505
B4D12_FORENSIC,top,9238,1228,1439,0,0,0,0,0,0,0,0,1,1,0,427,1,1,231.76,1,1,2,1,0,0,0,2,121310,108448,18316,4094,11018,21602,329,32655
B4D12_FORENSIC,top,6617,1229,1418,0,0,0,0,0,0,0,0,1,1,0,815,1,1,284.39,1,0,2,0,0,0,0,3,170998,144650,23069,5203,5664,21388,1453,27375
B4D12_FORENSIC,top,12978,1227,1309,0,0,0,0,0,0,0,0,1,1,0,343,1,1,185.97,1,0,2,0,0,0,0,4,99488,92000,25730,4125,332,15971,325,21850
B4D12_FORENSIC,top,1816,1260,1433,0,0,0,0,0,0,0,0,1,1,0,419,1,1,211.78,1,0,2,0,0,0,0,3,122170,109284,56889,4129,2990,7933,327,39127
B4D12_FORENSIC,top,8013,2497,2607,0,0,0,0,0,0,0,0,3,3,0,1109,3,1,467.63,1,0,2,1,0,0,0,3,360144,296413,122293,32304,11518,33163,1433,24834
B4D12_FORENSIC,top,3568,1227,1428,0,0,0,0,0,0,0,0,1,1,0,365,1,0,81.78,0,0,2,0,0,0,0,3,49885,40044,24924,3359,288,10054,0,0
B4D12_FORENSIC,top,1135,1265,1406,0,0,0,0,0,0,0,0,1,1,0,353,1,1,193.76,1,0,2,1,0,0,0,3,110342,92091,28936,6779,5668,10544,1427,30074
B4D12_FORENSIC,top,9704,2496,2647,0,0,0,0,0,0,0,0,3,3,0,973,3,1,482.21,1,0,2,1,0,0,0,3,353382,294691,120268,28573,11681,35811,1450,27540
B4D12_FORENSIC,top,9990,1340,1464,0,0,0,0,0,0,0,0,1,1,0,459,1,0,179.71,0,0,2,1,0,0,0,2,132438,119796,30876,23765,10980,42072,0,0
B4D12_FORENSIC,top,944,1240,1384,0,0,0,0,0,0,0,0,0,0,0,0,0,0,0.00,0,0,2,0,0,0,0,3,2126,0,35925,0,0,0,0,0
B4D12_FORENSIC,top,8048,1301,1429,0,0,0,0,0,0,0,0,1,1,0,363,1,1,140.41,1,0,2,0,0,0,0,3,84260,76870,33103,5582,10866,9997,319,19457
B4D12_FORENSIC,top,10107,1222,1417,0,0,0,0,0,0,0,0,1,1,0,421,1,1,194.64,1,0,2,1,0,0,0,2,142658,129778,17453,6799,10864,3738,329,27537
B4D12_FORENSIC,top,6672,1234,1425,0,0,0,0,0,0,0,0,1,1,0,789,1,0,78.60,0,0,2,0,0,0,0,3,83114,59966,27201,2759,8336,5891,0,0
B4D12_FORENSIC,miss,188,2398,2505,0,0,0,0,0,0,0,0,2,2,0,832,2,1,487.91,1,0,2,1,0,0,0,2,338823,291158,112785,30285,11224,33488,313,25019
B4D12_FORENSIC,miss,709,2374,2497,0,0,0,0,0,0,0,0,2,2,0,878,2,1,437.96,1,0,2,1,0,0,0,2,318332,267509,113153,28445,8628,32889,1436,24686
B4D12_FORENSIC,miss,878,2376,2482,0,0,0,0,0,0,0,0,3,3,0,1193,3,1,465.20,1,0,2,1,0,0,0,3,346780,285672,117806,34697,11532,37665,1439,27374
B4D12_FORENSIC,miss,1290,2402,2496,0,0,0,0,0,0,0,0,2,2,0,898,2,1,450.29,1,0,2,1,0,0,0,2,324431,273972,112538,29809,14172,32090,1436,24848
B4D12_FORENSIC,miss,1584,1504,1606,0,0,0,0,0,0,0,0,0,0,0,0,0,0,0.00,0,0,2,0,0,0,0,2,54467,37063,27400,6847,0,0,0,0
B4D12_FORENSIC,miss,3475,2574,2682,0,0,0,0,0,0,0,0,3,3,0,1873,3,2,579.08,1,0,2,1,0,0,0,3,390587,334511,120748,28803,11573,39965,598,43521
B4D12_FORENSIC,miss,6604,2453,2608,0,0,0,0,0,0,0,0,2,2,0,1682,2,1,504.72,1,0,2,1,0,0,0,2,355615,299701,117838,26908,11229,36400,1430,27484
B4D12_FORENSIC,miss,6954,2593,2688,0,0,0,0,0,0,0,0,2,2,0,710,2,1,481.12,1,0,2,1,0,0,0,2,343637,293261,116281,30186,11217,34806,1452,24914
B4D12_FORENSIC,miss,8013,2497,2607,0,0,0,0,0,0,0,0,3,3,0,1109,3,1,467.63,1,0,2,1,0,0,0,3,360144,296413,122293,32304,11518,33163,1433,24834
B4D12_FORENSIC,miss,8304,2627,2733,0,0,0,0,0,0,0,0,3,3,0,1421,3,1,476.80,1,0,2,1,0,0,0,3,343297,290216,116906,31479,11497,35440,308,24706
B4D12_FORENSIC,miss,8977,2114,2215,0,0,0,0,0,0,0,0,3,3,0,1015,3,1,368.93,1,0,2,1,0,0,0,3,279295,234345,75384,30900,8819,28938,313,24667
B4D12_FORENSIC,miss,9704,2496,2647,0,0,0,0,0,0,0,0,3,3,0,973,3,1,482.21,1,0,2,1,0,0,0,3,353382,294691,120268,28573,11681,35811,1450,27540
B4D12_FORENSIC,miss,9882,1801,1950,0,0,0,0,0,0,0,0,3,3,0,981,3,1,342.21,1,0,2,1,0,0,0,3,243573,209292,88279,22416,8793,25801,329,27264
B4D12_FORENSIC,miss,9975,2420,2534,0,0,0,0,0,0,0,0,2,2,0,1042,2,2,422.02,1,1,2,1,0,0,0,2,314218,266450,100283,32148,13616,32174,609,40210
B4D12_FORENSIC,miss,10524,2507,2701,0,0,0,0,0,0,0,0,3,3,0,1149,3,1,491.87,1,0,2,1,0,0,0,3,334209,286450,125386,26291,11516,36760,1439,24796
B4D12_FORENSIC,miss,10808,2439,2551,0,0,0,0,0,0,0,0,3,3,0,989,3,1,479.08,1,0,2,1,0,0,0,2,335871,285114,108147,33177,11901,37669,1441,24700
B4D12_FORENSIC,miss,11329,2224,2350,0,0,0,0,0,0,0,0,2,2,0,1054,2,1,461.54,1,0,2,1,0,0,0,2,329302,276096,113104,28247,11417,37104,326,27606
B4D12_FORENSIC,miss,11748,2576,2686,0,0,0,0,0,0,0,0,3,3,0,2013,3,2,550.37,1,0,2,1,0,0,0,3,375975,320146,121030,29886,12121,39364,593,40736
B4D12_FORENSIC,miss,12445,2515,2639,0,0,0,0,0,0,0,0,3,3,0,1131,3,1,499.12,1,0,2,1,0,0,0,3,357012,306668,122371,25245,11495,31991,1447,24767
B4D12_FORENSIC,miss,13623,2490,2605,0,0,0,0,0,0,0,0,3,3,0,1351,3,1,499.71,1,0,2,1,0,0,0,3,348162,300328,121873,31067,11504,34560,1423,24526
B4D12_GRAIN_HEADER set,block,ordinal,source_center,destination_center,half,model_timestamp,model_order,lambda_bits,gamma_bits,sample_rate_bits,norm_strategy,cache_path,local_difference,shared_difference,addgrain_cycles,select_cycles,model_near_cycles,cache_lookup_cycles,polynomial_cycles,gain_cycles
B4D12_GRAIN,top,188,0,7253299,7254663,210,7253887,16,0,1065101558,1194083328,2,4,10,10,264480,27333,32185,12435,313,25019
B4D12_GRAIN,top,188,1,7253504,7254831,205,7253887,16,0,1065101558,1194083328,2,1,0,0,26678,2922,1303,1779,0,0
B4D12_GRAIN,top,10808,0,7932970,7934324,181,7933567,16,0,1065101558,1194083328,2,4,10,10,240760,25485,34687,9745,1441,24700
B4D12_GRAIN,top,10808,1,7933126,7934474,156,7933567,16,0,1065101558,1194083328,2,1,0,0,30926,3902,1504,1752,0,0
B4D12_GRAIN,top,10808,2,7933126,7934623,156,7933567,16,0,1065101558,1194083328,2,1,0,0,13428,3748,1478,240,0,0
B4D12_GRAIN,top,8304,0,7772682,7774044,237,7773055,16,0,1065101558,1194083328,2,4,10,10,254054,24910,31560,7053,308,24706
B4D12_GRAIN,top,8304,1,7772918,7774233,236,7773055,16,0,1065101558,1194083328,2,1,0,0,28454,3478,2012,1773,0,0
B4D12_GRAIN,top,8304,2,7772918,7774422,236,7773055,16,0,1065101558,1194083328,2,1,0,0,7708,3049,1868,199,0,0
B4D12_GRAIN,top,11748,0,7993004,7994450,585,7993087,16,0,1065101558,1194083328,2,4,10,10,266770,24310,34741,9763,315,24717
B4D12_GRAIN,top,11748,1,7993214,7994616,210,7993087,16,0,1065101558,1194083328,2,1,0,0,28732,2973,2689,1770,0,0
B4D12_GRAIN,top,11748,2,7993424,7994782,210,7993471,16,0,1065101558,1194083328,2,4,10,10,24644,2561,1934,104,278,16019
B4D12_GRAIN,top,13623,0,8113004,8114415,222,8113663,16,0,1065101558,1194083328,2,4,10,10,258804,18407,32092,9753,1423,24526
B4D12_GRAIN,top,13623,1,8113226,8114595,225,8113663,16,0,1065101558,1194083328,2,1,0,0,35318,10510,1285,1756,0,0
B4D12_GRAIN,top,13623,2,8113453,8114774,227,8113663,16,0,1065101558,1194083328,2,1,0,0,6206,2108,1183,198,0,0
B4D12_GRAIN,top,1290,0,7323885,7325242,230,7324543,16,0,1065101558,1194083328,2,4,10,10,246318,25623,30640,9735,1436,24848
B4D12_GRAIN,top,1290,1,7324103,7325430,218,7324543,16,0,1065101558,1194083328,2,1,0,0,27654,4158,1450,1756,0,0
B4D12_GRAIN,top,9882,0,7873647,7875098,163,7873663,16,0,1065101558,1194083328,2,4,10,10,178884,14806,20024,1671,329,27264
B4D12_GRAIN,top,9882,1,7873647,7875229,163,7873663,16,0,1065101558,1194083328,2,1,0,0,21110,3894,2962,1771,0,0
B4D12_GRAIN,top,9882,2,7873647,7875360,163,7873663,16,0,1065101558,1194083328,2,1,0,0,9298,3680,2815,205,0,0
B4D12_GRAIN,top,8977,0,7815833,7817180,174,7816447,16,0,1065101558,1194083328,2,4,10,10,201018,23130,25862,7037,313,24667
B4D12_GRAIN,top,8977,1,7815833,7817305,174,7816447,16,0,1065101558,1194083328,2,1,0,0,25365,4023,1617,1759,0,0
B4D12_GRAIN,top,8977,2,7815991,7817430,158,7816447,16,0,1065101558,1194083328,2,1,0,0,7962,3703,1459,204,0,0
B4D12_GRAIN,top,3475,0,7463564,7465017,571,7463551,16,0,1065101558,1194083328,2,4,10,10,276372,21281,35904,12419,313,27404
B4D12_GRAIN,top,3475,1,7463745,7465160,182,7463935,16,0,1065101558,1194083328,2,4,10,10,32023,5008,2032,98,285,16117
B4D12_GRAIN,top,3475,2,7463927,7465304,182,7463935,16,0,1065101558,1194083328,2,1,0,0,26116,2475,2029,1779,0,0
B4D12_GRAIN,top,10524,0,7914715,7916095,191,7915135,16,0,1065101558,1194083328,2,4,10,10,247436,19756,32869,7053,1439,24796
B4D12_GRAIN,top,10524,1,7914715,7916256,191,7915135,16,0,1065101558,1194083328,2,1,0,0,28452,3403,1984,1763,0,0
B4D12_GRAIN,top,10524,2,7914715,7916416,191,7915135,16,0,1065101558,1194083328,2,1,0,0,10562,3090,1907,206,0,0
B4D12_GRAIN,top,9975,0,7879576,7881081,284,7879423,16,0,1065101558,1194083328,2,4,10,10,239784,28061,29840,7081,331,24407
B4D12_GRAIN,top,9975,1,7879812,7881294,236,7879807,16,0,1065101558,1194083328,2,4,10,10,26666,4062,2334,102,278,15803
B4D12_GRAIN,top,12445,0,8037644,8039055,180,8038399,16,0,1065101558,1194083328,2,4,10,10,251138,13763,29520,12419,1447,24767
B4D12_GRAIN,top,12445,1,8037821,8039198,187,8038399,16,0,1065101558,1194083328,2,1,0,0,32992,8561,1275,2932,0,0
B4D12_GRAIN,top,12445,2,8038018,8039341,197,8038399,16,0,1065101558,1194083328,2,1,0,0,22538,2882,1196,2898,0,0
B4D12_GRAIN,top,6604,0,7664071,7665312,420,7663999,16,0,1065101558,1194083328,2,4,10,10,272517,24513,34421,12427,1430,27484
B4D12_GRAIN,top,6604,1,7664071,7665641,420,7663999,16,0,1065101558,1194083328,2,1,0,0,27184,2370,1979,1761,0,0
B4D12_GRAIN,top,878,0,7297443,7298815,199,7298047,16,0,1065101558,1194083328,2,4,10,10,247542,24942,34691,4363,1439,27374
B4D12_GRAIN,top,878,1,7297641,7298976,198,7298047,16,0,1065101558,1194083328,2,1,0,0,30811,6605,1579,1769,0,0
B4D12_GRAIN,top,878,2,7297641,7299136,198,7298047,16,0,1065101558,1194083328,2,1,0,0,7319,3108,1395,204,0,0
B4D12_GRAIN,top,709,0,7286683,7288014,219,7287295,16,0,1065101558,1194083328,2,4,10,10,243062,25153,31589,7027,1436,24686
B4D12_GRAIN,top,709,1,7286683,7288173,219,7287295,16,0,1065101558,1194083328,2,1,0,0,24447,3264,1300,1761,0,0
B4D12_GRAIN,top,6954,0,7686221,7687739,177,7686655,16,0,1065101558,1194083328,2,4,10,10,256212,24506,32830,9754,1452,24914
B4D12_GRAIN,top,6954,1,7686221,7687881,177,7686655,16,0,1065101558,1194083328,2,1,0,0,37049,5650,1976,1753,0,0
B4D12_GRAIN,top,11329,0,7966409,7967723,263,7966591,16,0,1065101558,1194083328,2,4,10,10,248576,24898,35119,7027,326,27606
B4D12_GRAIN,top,11329,1,7966409,7967937,263,7966591,16,0,1065101558,1194083328,2,1,0,0,27520,3321,1985,1772,0,0
B4D12_GRAIN,top,8013,0,7753964,7755375,183,7754623,16,0,1065101558,1194083328,2,4,10,10,256974,21794,30699,9763,1433,24834
B4D12_GRAIN,top,8013,1,7754149,7755520,185,7754623,16,0,1065101558,1194083328,2,1,0,0,32630,8039,1277,1771,0,0
B4D12_GRAIN,top,8013,2,7754334,7755666,185,7754623,16,0,1065101558,1194083328,2,1,0,0,6809,2430,1187,204,0,0
B4D12_GRAIN,top,9704,0,7862204,7863615,155,7862911,16,0,1065101558,1194083328,2,4,10,10,250644,15869,33325,9735,1450,27540
B4D12_GRAIN,top,9704,1,7862359,7863747,162,7862911,16,0,1065101558,1194083328,2,1,0,0,37542,10460,1294,1750,0,0
B4D12_GRAIN,top,9704,2,7862527,7863879,168,7862911,16,0,1065101558,1194083328,2,1,0,0,6505,2208,1192,212,0,0
B4D12_GRAIN,miss,188,0,7253299,7254663,210,7253887,16,0,1065101558,1194083328,2,4,10,10,264480,27333,32185,12435,313,25019
B4D12_GRAIN,miss,188,1,7253504,7254831,205,7253887,16,0,1065101558,1194083328,2,1,0,0,26678,2922,1303,1779,0,0
B4D12_GRAIN,miss,709,0,7286683,7288014,219,7287295,16,0,1065101558,1194083328,2,4,10,10,243062,25153,31589,7027,1436,24686
B4D12_GRAIN,miss,709,1,7286683,7288173,219,7287295,16,0,1065101558,1194083328,2,1,0,0,24447,3264,1300,1761,0,0
B4D12_GRAIN,miss,878,0,7297443,7298815,199,7298047,16,0,1065101558,1194083328,2,4,10,10,247542,24942,34691,4363,1439,27374
B4D12_GRAIN,miss,878,1,7297641,7298976,198,7298047,16,0,1065101558,1194083328,2,1,0,0,30811,6605,1579,1769,0,0
B4D12_GRAIN,miss,878,2,7297641,7299136,198,7298047,16,0,1065101558,1194083328,2,1,0,0,7319,3108,1395,204,0,0
B4D12_GRAIN,miss,1290,0,7323885,7325242,230,7324543,16,0,1065101558,1194083328,2,4,10,10,246318,25623,30640,9735,1436,24848
B4D12_GRAIN,miss,1290,1,7324103,7325430,218,7324543,16,0,1065101558,1194083328,2,1,0,0,27654,4158,1450,1756,0,0
B4D12_GRAIN,miss,3475,0,7463564,7465017,571,7463551,16,0,1065101558,1194083328,2,4,10,10,276372,21281,35904,12419,313,27404
B4D12_GRAIN,miss,3475,1,7463745,7465160,182,7463935,16,0,1065101558,1194083328,2,4,10,10,32023,5008,2032,98,285,16117
B4D12_GRAIN,miss,3475,2,7463927,7465304,182,7463935,16,0,1065101558,1194083328,2,1,0,0,26116,2475,2029,1779,0,0
B4D12_GRAIN,miss,6604,0,7664071,7665312,420,7663999,16,0,1065101558,1194083328,2,4,10,10,272517,24513,34421,12427,1430,27484
B4D12_GRAIN,miss,6604,1,7664071,7665641,420,7663999,16,0,1065101558,1194083328,2,1,0,0,27184,2370,1979,1761,0,0
B4D12_GRAIN,miss,6954,0,7686221,7687739,177,7686655,16,0,1065101558,1194083328,2,4,10,10,256212,24506,32830,9754,1452,24914
B4D12_GRAIN,miss,6954,1,7686221,7687881,177,7686655,16,0,1065101558,1194083328,2,1,0,0,37049,5650,1976,1753,0,0
B4D12_GRAIN,miss,8013,0,7753964,7755375,183,7754623,16,0,1065101558,1194083328,2,4,10,10,256974,21794,30699,9763,1433,24834
B4D12_GRAIN,miss,8013,1,7754149,7755520,185,7754623,16,0,1065101558,1194083328,2,1,0,0,32630,8039,1277,1771,0,0
B4D12_GRAIN,miss,8013,2,7754334,7755666,185,7754623,16,0,1065101558,1194083328,2,1,0,0,6809,2430,1187,204,0,0
B4D12_GRAIN,miss,8304,0,7772682,7774044,237,7773055,16,0,1065101558,1194083328,2,4,10,10,254054,24910,31560,7053,308,24706
B4D12_GRAIN,miss,8304,1,7772918,7774233,236,7773055,16,0,1065101558,1194083328,2,1,0,0,28454,3478,2012,1773,0,0
B4D12_GRAIN,miss,8304,2,7772918,7774422,236,7773055,16,0,1065101558,1194083328,2,1,0,0,7708,3049,1868,199,0,0
B4D12_GRAIN,miss,8977,0,7815833,7817180,174,7816447,16,0,1065101558,1194083328,2,4,10,10,201018,23130,25862,7037,313,24667
B4D12_GRAIN,miss,8977,1,7815833,7817305,174,7816447,16,0,1065101558,1194083328,2,1,0,0,25365,4023,1617,1759,0,0
B4D12_GRAIN,miss,8977,2,7815991,7817430,158,7816447,16,0,1065101558,1194083328,2,1,0,0,7962,3703,1459,204,0,0
B4D12_GRAIN,miss,9704,0,7862204,7863615,155,7862911,16,0,1065101558,1194083328,2,4,10,10,250644,15869,33325,9735,1450,27540
B4D12_GRAIN,miss,9704,1,7862359,7863747,162,7862911,16,0,1065101558,1194083328,2,1,0,0,37542,10460,1294,1750,0,0
B4D12_GRAIN,miss,9704,2,7862527,7863879,168,7862911,16,0,1065101558,1194083328,2,1,0,0,6505,2208,1192,212,0,0
B4D12_GRAIN,miss,9882,0,7873647,7875098,163,7873663,16,0,1065101558,1194083328,2,4,10,10,178884,14806,20024,1671,329,27264
B4D12_GRAIN,miss,9882,1,7873647,7875229,163,7873663,16,0,1065101558,1194083328,2,1,0,0,21110,3894,2962,1771,0,0
B4D12_GRAIN,miss,9882,2,7873647,7875360,163,7873663,16,0,1065101558,1194083328,2,1,0,0,9298,3680,2815,205,0,0
B4D12_GRAIN,miss,9975,0,7879576,7881081,284,7879423,16,0,1065101558,1194083328,2,4,10,10,239784,28061,29840,7081,331,24407
B4D12_GRAIN,miss,9975,1,7879812,7881294,236,7879807,16,0,1065101558,1194083328,2,4,10,10,26666,4062,2334,102,278,15803
B4D12_GRAIN,miss,10524,0,7914715,7916095,191,7915135,16,0,1065101558,1194083328,2,4,10,10,247436,19756,32869,7053,1439,24796
B4D12_GRAIN,miss,10524,1,7914715,7916256,191,7915135,16,0,1065101558,1194083328,2,1,0,0,28452,3403,1984,1763,0,0
B4D12_GRAIN,miss,10524,2,7914715,7916416,191,7915135,16,0,1065101558,1194083328,2,1,0,0,10562,3090,1907,206,0,0
B4D12_GRAIN,miss,10808,0,7932970,7934324,181,7933567,16,0,1065101558,1194083328,2,4,10,10,240760,25485,34687,9745,1441,24700
B4D12_GRAIN,miss,10808,1,7933126,7934474,156,7933567,16,0,1065101558,1194083328,2,1,0,0,30926,3902,1504,1752,0,0
B4D12_GRAIN,miss,10808,2,7933126,7934623,156,7933567,16,0,1065101558,1194083328,2,1,0,0,13428,3748,1478,240,0,0
B4D12_GRAIN,miss,11329,0,7966409,7967723,263,7966591,16,0,1065101558,1194083328,2,4,10,10,248576,24898,35119,7027,326,27606
B4D12_GRAIN,miss,11329,1,7966409,7967937,263,7966591,16,0,1065101558,1194083328,2,1,0,0,27520,3321,1985,1772,0,0
B4D12_GRAIN,miss,11748,0,7993004,7994450,585,7993087,16,0,1065101558,1194083328,2,4,10,10,266770,24310,34741,9763,315,24717
B4D12_GRAIN,miss,11748,1,7993214,7994616,210,7993087,16,0,1065101558,1194083328,2,1,0,0,28732,2973,2689,1770,0,0
B4D12_GRAIN,miss,11748,2,7993424,7994782,210,7993471,16,0,1065101558,1194083328,2,4,10,10,24644,2561,1934,104,278,16019
B4D12_GRAIN,miss,12445,0,8037644,8039055,180,8038399,16,0,1065101558,1194083328,2,4,10,10,251138,13763,29520,12419,1447,24767
B4D12_GRAIN,miss,12445,1,8037821,8039198,187,8038399,16,0,1065101558,1194083328,2,1,0,0,32992,8561,1275,2932,0,0
B4D12_GRAIN,miss,12445,2,8038018,8039341,197,8038399,16,0,1065101558,1194083328,2,1,0,0,22538,2882,1196,2898,0,0
B4D12_GRAIN,miss,13623,0,8113004,8114415,222,8113663,16,0,1065101558,1194083328,2,4,10,10,258804,18407,32092,9753,1423,24526
B4D12_GRAIN,miss,13623,1,8113226,8114595,225,8113663,16,0,1065101558,1194083328,2,1,0,0,35318,10510,1285,1756,0,0
B4D12_GRAIN,miss,13623,2,8113453,8114774,227,8113663,16,0,1065101558,1194083328,2,1,0,0,6206,2108,1183,198,0,0
B4D12_GRAIN_CLASS class=1 ordinal=0 count=1153 add_mean_cycles=72721.8 add_p50_bound=70656 add_p95_bound=105472 add_p99_bound=124928 add_max_cycles=152794 select_mean_cycles=6088.6 near_mean_cycles=6825.1 lookup_mean_cycles=1018.6 poly_mean_cycles=507.6 gain_mean_cycles=25464.1
B4D12_GRAIN_CACHE class=1 ordinal=0 no_lpc=0 local=0 shared=0 neutral=0 miss=1153 empty=0 timestamp=1153 order=0 coefficients=1153 lambda=0 gamma=0 rate=0 strategy=0
B4D12_GRAIN_CACHE class=1 ordinal=1 no_lpc=0 local=0 shared=0 neutral=0 miss=0 empty=0 timestamp=0 order=0 coefficients=0 lambda=0 gamma=0 rate=0 strategy=0
B4D12_GRAIN_CACHE class=1 ordinal=2 no_lpc=0 local=0 shared=0 neutral=0 miss=0 empty=0 timestamp=0 order=0 coefficients=0 lambda=0 gamma=0 rate=0 strategy=0
B4D12_GRAIN_CACHE class=1 ordinal=3 no_lpc=0 local=0 shared=0 neutral=0 miss=0 empty=0 timestamp=0 order=0 coefficients=0 lambda=0 gamma=0 rate=0 strategy=0
B4D12_GRAIN_CLASS class=2 ordinal=0 count=7 add_mean_cycles=252992.7 add_p50_bound=248832 add_p95_bound=273408 add_p99_bound=273408 add_max_cycles=272517 select_mean_cycles=25726.7 near_mean_cycles=32374.9 lookup_mean_cycles=9355.1 poly_mean_cycles=960.6 gain_mean_cycles=25566.3
B4D12_GRAIN_CACHE class=2 ordinal=0 no_lpc=0 local=0 shared=0 neutral=0 miss=7 empty=0 timestamp=7 order=0 coefficients=7 lambda=0 gamma=0 rate=0 strategy=0
B4D12_GRAIN_CLASS class=2 ordinal=1 count=7 add_mean_cycles=28171.1 add_p50_bound=27648 add_p95_bound=37888 add_p99_bound=37888 add_max_cycles=37049 select_mean_cycles=3678.1 near_mean_cycles=1761.0 lookup_mean_cycles=1526.3 poly_mean_cycles=39.7 gain_mean_cycles=2257.6
B4D12_GRAIN_CACHE class=2 ordinal=1 no_lpc=0 local=6 shared=0 neutral=0 miss=1 empty=0 timestamp=1 order=0 coefficients=1 lambda=0 gamma=0 rate=0 strategy=0
B4D12_GRAIN_CACHE class=2 ordinal=2 no_lpc=0 local=0 shared=0 neutral=0 miss=0 empty=0 timestamp=0 order=0 coefficients=0 lambda=0 gamma=0 rate=0 strategy=0
B4D12_GRAIN_CACHE class=2 ordinal=3 no_lpc=0 local=0 shared=0 neutral=0 miss=0 empty=0 timestamp=0 order=0 coefficients=0 lambda=0 gamma=0 rate=0 strategy=0
B4D12_GRAIN_CLASS class=3 ordinal=0 count=12 add_mean_cycles=244199.7 add_p50_bound=250880 add_p95_bound=276480 add_p99_bound=276480 add_max_cycles=276372 select_mean_cycles=20704.4 near_mean_cycles=31331.2 lookup_mean_cycles=8397.8 poly_mean_cycles=970.8 gain_mean_cycles=25607.9
B4D12_GRAIN_CACHE class=3 ordinal=0 no_lpc=0 local=0 shared=0 neutral=0 miss=12 empty=0 timestamp=12 order=0 coefficients=12 lambda=0 gamma=0 rate=0 strategy=0
B4D12_GRAIN_CLASS class=3 ordinal=1 count=12 add_mean_cycles=30362.9 add_p50_bound=31744 add_p95_bound=37888 add_p99_bound=37888 add_max_cycles=37542 select_mean_cycles=5904.7 near_mean_cycles=1792.5 lookup_mean_cycles=1722.0 poly_mean_cycles=23.8 gain_mean_cycles=1343.1
B4D12_GRAIN_CACHE class=3 ordinal=1 no_lpc=0 local=11 shared=0 neutral=0 miss=1 empty=0 timestamp=1 order=0 coefficients=1 lambda=0 gamma=0 rate=0 strategy=0
B4D12_GRAIN_CLASS class=3 ordinal=2 count=12 add_mean_cycles=12424.6 add_p50_bound=8192 add_p95_bound=26624 add_p99_bound=26624 add_max_cycles=26116 select_mean_cycles=2920.2 near_mean_cycles=1636.9 lookup_mean_cycles=554.4 poly_mean_cycles=23.2 gain_mean_cycles=1334.9
B4D12_GRAIN_CACHE class=3 ordinal=2 no_lpc=0 local=11 shared=0 neutral=0 miss=1 empty=0 timestamp=1 order=0 coefficients=1 lambda=0 gamma=0 rate=0 strategy=0
B4D12_GRAIN_CACHE class=3 ordinal=3 no_lpc=0 local=0 shared=0 neutral=0 miss=0 empty=0 timestamp=0 order=0 coefficients=0 lambda=0 gamma=0 rate=0 strategy=0
B4D12_CASE name=mat_h_drive_megaphone category=matrix seconds=20 voices=1 comp=1 delay=1 reverb=1 interval=4.0 control=none kind=19 f0=220.0 vocal=1 wall_s=20.006020 blocks=13786
B4D12_PHYSICAL name=mat_h_drive_megaphone rx_blocks=13786 tx_blocks=13787 dsp_blocks=13787 rx_frames=882304 tx_frames=882368 effective_fs=44101.925 err_pct=0.0044
B4D12_TRANSPORT name=mat_h_drive_megaphone rx_overruns=0 tx_underruns=0 dma_errors=0 actual_rx_dma_errors=0 actual_tx_dma_errors=0 read_failures=0 write_failures=0 rx_dropped_frames=0 tx_dropped_frames=0 rx_seq_gaps=0 tx_seq_gaps=0 nan_inf=0 rx_diag_ovf=1929 tx_diag_ovf=1928
B4D12_DSP name=mat_h_drive_megaphone blocks=13786 avg_us=695.525 p50=716 p90=1021 p95=1089 p99=1193 p999=2398 p9999=2593 max=2627 misses=20 miss_per_block=0.00145075 miss_per_s=0.9997 miss_per_min=59.982 miss_per_hour=3598.92
B4D12_LATE name=mat_h_drive_megaphone threshold_1200_blocks=122 max_consecutive_late=1 max_lateness_us=1176 cumulative_lateness_us=18360 late_events=20 late_events_dropped=0 recovery_pending=0
B4D12_LATENESS_HIST name=mat_h_drive_megaphone le100=1 b100_250=0 b250_500=1 b500_1000=8 b1000_1500=10 gt1500=0
B4D12_CLASS name=mat_h_drive_megaphone miss_nmc=1 miss_mc0=0 miss_mc1=0 miss_mc2=7 miss_mc3=12 blocks_nmc=12614 blocks_mc0=0 blocks_mc1=1153 blocks_mc2=7 blocks_mc3=12
B4D12_CLASS_DIST name=mat_h_drive_megaphone class=nmc blocks=12614 mean_us=658.81 p50=609 p95=1006 p99=1122 p999=1243 max=1504
B4D12_CLASS_DIST name=mat_h_drive_megaphone class=mc1 blocks=1153 mean_us=1068.91 p50=1071 p95=1215 p99=1292 p999=1359 max=1367
B4D12_CLASS_DIST name=mat_h_drive_megaphone class=mc2 blocks=7 mean_us=2409.14 p50=2402 p95=2593 p99=2593 p999=2593 max=2593
B4D12_CLASS_DIST name=mat_h_drive_megaphone class=mc3 blocks=12 mean_us=2417.67 p50=2496 p95=2627 p99=2627 p999=2627 max=2627
B4D12_CLASS_DIST name=mat_h_drive_megaphone class=mc0 blocks=0 mean_us=0.00 p50=0 p95=0 p99=0 p999=0 max=0
B4D12_RECOVERY name=mat_h_drive_megaphone pending=0 r0=0 r1=20 r2=0 r3=0 r4=0 r5=0 r6=0 r7=0
B4D12_BACKLOG name=mat_h_drive_megaphone current_ms=0.023 avg_ms=1.939 p95_ms=5.442 p99_ms=5.442 max_ms=7.007
B4D12_FIFO name=mat_h_drive_megaphone pushes=2031264 pops=2031264 drops=0 overflow_attempts=0 max_occ=93 avg_occ=8.709 current_occ=0
B4D12_LATE_EVENT name=mat_h_drive_megaphone blk=188 dsp_us=2398 lateness_us=947 klass=2 mc=1 ng=2 ad=2 sl=2 prev_miss=0 next1=1003 next2=868 next3=1108 recov=1 bl_before_ds=0 bl_after_ds=14
B4D12_LATE_EVENT name=mat_h_drive_megaphone blk=709 dsp_us=2374 lateness_us=923 klass=2 mc=1 ng=2 ad=2 sl=2 prev_miss=0 next1=987 next2=828 next3=933 recov=1 bl_before_ds=0 bl_after_ds=0
B4D12_LATE_EVENT name=mat_h_drive_megaphone blk=878 dsp_us=2376 lateness_us=925 klass=3 mc=1 ng=3 ad=3 sl=3 prev_miss=0 next1=886 next2=1241 next3=1121 recov=1 bl_before_ds=0 bl_after_ds=14
B4D12_LATE_EVENT name=mat_h_drive_megaphone blk=1290 dsp_us=2402 lateness_us=951 klass=2 mc=1 ng=2 ad=2 sl=2 prev_miss=0 next1=1010 next2=1054 next3=1069 recov=1 bl_before_ds=0 bl_after_ds=0
B4D12_LATE_EVENT name=mat_h_drive_megaphone blk=1584 dsp_us=1504 lateness_us=53 klass=0 mc=0 ng=0 ad=2 sl=2 prev_miss=0 next1=882 next2=1309 next3=850 recov=1 bl_before_ds=1 bl_after_ds=0
B4D12_LATE_EVENT name=mat_h_drive_megaphone blk=3475 dsp_us=2574 lateness_us=1123 klass=3 mc=1 ng=3 ad=3 sl=3 prev_miss=0 next1=913 next2=965 next3=827 recov=1 bl_before_ds=0 bl_after_ds=0
B4D12_LATE_EVENT name=mat_h_drive_megaphone blk=6604 dsp_us=2453 lateness_us=1002 klass=2 mc=1 ng=2 ad=2 sl=2 prev_miss=0 next1=786 next2=722 next3=1058 recov=1 bl_before_ds=14 bl_after_ds=29
B4D12_LATE_EVENT name=mat_h_drive_megaphone blk=6954 dsp_us=2593 lateness_us=1142 klass=2 mc=1 ng=2 ad=2 sl=2 prev_miss=0 next1=1134 next2=902 next3=886 recov=1 bl_before_ds=0 bl_after_ds=0
B4D12_LATE_EVENT name=mat_h_drive_megaphone blk=8013 dsp_us=2497 lateness_us=1046 klass=3 mc=1 ng=3 ad=3 sl=3 prev_miss=0 next1=1178 next2=841 next3=836 recov=1 bl_before_ds=0 bl_after_ds=14
B4D12_LATE_EVENT name=mat_h_drive_megaphone blk=8304 dsp_us=2627 lateness_us=1176 klass=3 mc=1 ng=3 ad=3 sl=3 prev_miss=0 next1=969 next2=842 next3=1002 recov=1 bl_before_ds=0 bl_after_ds=0
B4D12_LATE_EVENT name=mat_h_drive_megaphone blk=8977 dsp_us=2114 lateness_us=663 klass=3 mc=1 ng=3 ad=3 sl=3 prev_miss=0 next1=938 next2=962 next3=832 recov=1 bl_before_ds=0 bl_after_ds=0
B4D12_LATE_EVENT name=mat_h_drive_megaphone blk=9704 dsp_us=2496 lateness_us=1045 klass=3 mc=1 ng=3 ad=3 sl=3 prev_miss=0 next1=1138 next2=847 next3=935 recov=1 bl_before_ds=0 bl_after_ds=0
B4D12_LATE_EVENT name=mat_h_drive_megaphone blk=9882 dsp_us=1801 lateness_us=350 klass=3 mc=1 ng=3 ad=3 sl=3 prev_miss=0 next1=797 next2=841 next3=711 recov=1 bl_before_ds=0 bl_after_ds=4
B4D12_LATE_EVENT name=mat_h_drive_megaphone blk=9975 dsp_us=2420 lateness_us=969 klass=2 mc=1 ng=2 ad=2 sl=2 prev_miss=0 next1=952 next2=1055 next3=1062 recov=1 bl_before_ds=14 bl_after_ds=0
B4D12_LATE_EVENT name=mat_h_drive_megaphone blk=10524 dsp_us=2507 lateness_us=1056 klass=3 mc=1 ng=3 ad=3 sl=3 prev_miss=0 next1=1005 next2=1076 next3=832 recov=1 bl_before_ds=0 bl_after_ds=0
B4D12_LATE_EVENT name=mat_h_drive_megaphone blk=10808 dsp_us=2439 lateness_us=988 klass=3 mc=1 ng=3 ad=3 sl=2 prev_miss=0 next1=1013 next2=1041 next3=857 recov=1 bl_before_ds=0 bl_after_ds=14
B4D12_LATE_EVENT name=mat_h_drive_megaphone blk=11329 dsp_us=2224 lateness_us=773 klass=2 mc=1 ng=2 ad=2 sl=2 prev_miss=0 next1=791 next2=837 next3=776 recov=1 bl_before_ds=0 bl_after_ds=0
B4D12_LATE_EVENT name=mat_h_drive_megaphone blk=11748 dsp_us=2576 lateness_us=1125 klass=3 mc=1 ng=3 ad=3 sl=3 prev_miss=0 next1=902 next2=964 next3=825 recov=1 bl_before_ds=0 bl_after_ds=0
B4D12_LATE_EVENT name=mat_h_drive_megaphone blk=12445 dsp_us=2515 lateness_us=1064 klass=3 mc=1 ng=3 ad=3 sl=3 prev_miss=0 next1=958 next2=918 next3=852 recov=1 bl_before_ds=0 bl_after_ds=0
B4D12_LATE_EVENT name=mat_h_drive_megaphone blk=13623 dsp_us=2490 lateness_us=1039 klass=3 mc=1 ng=3 ad=3 sl=3 prev_miss=0 next1=938 next2=965 next3=816 recov=1 bl_before_ds=14 bl_after_ds=0
B4D12_WINDOW name=mat_h_drive_megaphone idx=0 partial=1 blocks=13786 avg_us=695.525 p99_us=1200 p999_us=2400 max_us=2627 misses=20 mc2=7 mc3=12 max_consecutive_late=1 backlog_max_ms=5.5 transport_errors=0 cumulative_lateness_us=18360
B4D12_QUALIFY name=mat_h_drive_megaphone gate_a_transport=PASS gate_b_physical=PASS fs_ok=1 max_consecutive_late=1 backlog_max_ms=7.007 dsp_miss_independent=1 result=PASS
B4D1_MEMORY tag=b4d12_mat_h_drive_megaphone internal_free=93211 internal_largest=31744 spiram_free=17612652 spiram_largest=17301504
B4D1_PRESTAGE name=b4d12_mat_i_full_new_fx kind=19 f0=220.0 frames=2866500 fnv=7485cb01 rms=0.068750
[0;31mE (370791) esp_clk_tree: esp_clk_tree_src_get_freq_hz(82): freq shouldn't be 0, calibration failed[0m
[0;31mE (370792) i2s_std: i2s_std_calculate_clock(57): sample rate is too large for the current clock source[0m
[0;31mE (370801) i2s_std: i2s_std_set_clock(74): clock calculate failed[0m
[0;31mE (370807) i2s_std: i2s_channel_init_std_mode(225): initialize channel failed while setting clock[0m
[0;33mW (370817) audio_i2s: AUDIO CLOCK WARNING: APLL unavailable, using XTAL fractional clock[0m
AUDIO CLOCK: EXPECTED_FALLBACK (APLL unavailable, using XTAL fractional clock)

=======================================================
            AUDIO HARDWARE CONFIGURATION               
=======================================================
Target Board:                   Wireless-Tag WT9932P4-TINY (ESP32-P4)
requested Fs:                   44100 Hz
actual/configured clock source: SOC_MOD_CLK_XTAL (XTAL fractional clock)
source clock Hz:                40000000 Hz
MCLK Hz:                        11289600 Hz
BCLK Hz:                        2822400 Hz
LRCK/Fs:                        44100 Hz
MCLK/Fs ratio:                  256
BCLK/Fs ratio:                  64
I2S Controller:                 I2S_NUM_0 (Full-Duplex Standard Philips)
MCLK GPIO:                      GPIO_19 (Header Pin 4 -> PCM1808 SCKI)
BCLK GPIO:                      GPIO_20 (Header Pin 5 -> PCM1808/PCM5102 BCK)
WS GPIO:                        GPIO_21 (Header Pin 6 -> PCM1808/PCM5102 LRCK)
DOUT GPIO:                      GPIO_22 (Header Pin 7 -> PCM5102 DIN)
DIN GPIO:                       GPIO_23 (Header Pin 8 <- PCM1808 DOUT)
Data Width:                     32-bit slot, 24-bit audio MSB-aligned in bits [31:8]
Slot Width:                     32 bits per slot (2 slots/frame = 64 BCLK/frame)
Channels:                       Stereo (L/R interleaved)
DMA Descriptors:                6 descriptors
DMA Frame Count:                64 frames/desc (512 bytes/desc)
DMA buffering capacity:         8.00 ms (384 frames total)
physical/effective latency:     PENDING_HARDWARE_MEASUREMENT
=======================================================

B4D1_STACK audio_hwm_bytes=17616 pitch_hwm_bytes=8700
B4D12_FORENSIC_HEADER set,block,dsp_us,cycle_us,input_cycles,comp_cycles,harmony_cycles,drive_cycles,chorus_cycles,delay_cycles,reverb_cycles,master_cycles,new_grains,active_grains,source_grains,grain_samples,model_lookups,model_expensive,model_warp_us,formant_changed,pitch_changed,track_state,fallback,recovery,fir_computed,fir_reused,deferred_slices,psola_sched_cycles,psola_addgrain_cycles,psola_deferred_cycles,psola_mark_cycles,psola_desc_cycles,psola_near_cycles,psola_poly_cycles,psola_gn_cycles
B4D12_FORENSIC_COUNT top=100 misses=59 miss_dropped=0
B4D12_FORENSIC,top,187,2531,2651,0,0,0,0,0,0,0,0,3,3,0,1253,3,1,454.17,1,0,2,1,0,0,0,3,334978,284496,141850,29968,11517,34515,1456,24934
B4D12_FORENSIC,top,12456,1591,1665,0,0,0,0,0,0,0,0,0,0,0,0,0,0,0.00,0,0,2,1,0,0,0,2,53367,41263,103626,3230,0,0,0,0
B4D12_FORENSIC,top,13621,2583,2710,0,0,0,0,0,0,0,0,2,2,0,892,2,1,505.83,1,0,2,1,0,0,0,2,345085,295182,107661,26626,11225,33534,320,24470
B4D12_FORENSIC,top,8319,1423,1529,0,0,0,0,0,0,0,0,1,1,0,487,1,1,267.13,1,0,2,0,0,0,0,2,149702,136778,20090,11672,5680,18219,1453,32705
B4D12_FORENSIC,top,7550,1421,1530,0,0,0,0,0,0,0,0,1,1,0,365,1,1,111.16,1,0,2,0,0,0,0,3,74960,70240,30582,6737,10879,5072,318,21932
B4D12_FORENSIC,top,3710,1473,1577,0,0,0,0,0,0,0,0,1,1,0,319,1,1,120.91,1,0,2,0,0,0,0,3,70644,57886,43739,4126,5690,2500,324,25231
B4D12_FORENSIC,top,8357,1416,1535,0,0,0,0,0,0,0,0,1,1,0,471,1,1,126.25,1,0,2,0,0,0,0,3,108862,90690,47565,16426,278,2425,328,21948
B4D12_FORENSIC,top,1132,1451,1546,0,0,0,0,0,0,0,0,1,1,0,369,1,1,249.68,1,1,2,1,0,0,0,3,140805,125294,32094,4126,8290,23143,329,45604
B4D12_FORENSIC,top,6633,1443,1559,0,0,0,0,0,0,0,0,1,1,0,805,1,1,215.34,1,0,2,0,0,0,0,3,167696,149472,22932,16166,2974,14202,331,35260
B4D12_FORENSIC,top,13687,1417,1502,0,0,0,0,0,0,0,0,1,1,0,425,1,1,208.76,1,0,2,0,0,0,0,3,114656,104474,32404,5772,5654,18392,329,30243
B4D12_FORENSIC,top,9987,2679,2788,0,0,0,0,0,0,0,0,2,2,0,934,2,1,456.08,1,0,2,1,0,0,0,2,324023,284366,110532,32359,11238,39450,330,24840
B4D12_FORENSIC,top,6606,2639,2821,0,0,0,0,0,0,0,0,2,2,0,1626,2,1,529.43,1,0,2,1,0,0,0,2,355867,305400,125805,26280,11258,34656,1455,24944
B4D12_FORENSIC,top,11398,1440,1542,0,0,0,0,0,0,0,0,1,1,0,535,1,1,289.44,1,0,2,0,0,0,0,2,157528,139286,43862,6139,8328,23636,333,35421
B4D12_FORENSIC,top,9197,1466,1581,0,0,0,0,0,0,0,0,1,1,0,367,1,1,164.56,1,0,2,0,0,0,0,3,94202,86690,37340,6778,8164,2698,307,32767
B4D12_FORENSIC,top,950,1534,1631,0,0,0,0,0,0,0,0,1,1,0,407,1,1,253.62,1,0,2,0,0,0,0,3,134626,121708,33225,12193,5690,18586,1453,35534
B4D12_FORENSIC,top,7648,1410,1527,0,0,0,0,0,0,0,0,1,1,0,403,1,1,149.62,1,0,2,0,0,0,0,3,83704,73544,32529,4166,320,2587,1433,27539
B4D12_FORENSIC,top,1519,1409,1530,0,0,0,0,0,0,0,0,1,1,0,425,1,0,78.64,0,0,2,0,0,0,0,3,85308,61539,32636,9629,13808,11352,0,0
B4D12_FORENSIC,top,1141,1405,1506,0,0,0,0,0,0,0,0,1,1,0,329,1,1,186.15,1,0,2,1,0,0,0,3,107416,89190,22439,4103,8196,2558,1455,27264
B4D12_FORENSIC,top,208,1487,1588,0,0,0,0,0,0,0,0,1,1,0,423,1,1,206.84,1,0,2,1,0,0,0,3,121904,98162,44275,5662,8192,4957,333,34913
B4D12_FORENSIC,top,11749,2727,2863,0,0,0,0,0,0,0,0,3,3,0,2013,3,2,558.82,1,0,2,1,0,0,0,3,362152,316935,124049,30016,11529,35214,1696,40754
B4D12_FORENSIC,top,10177,1477,1585,0,0,0,0,0,0,0,0,1,1,0,423,1,1,201.27,1,0,2,0,0,0,0,3,118302,105500,39141,4144,8282,13353,310,22059
B4D12_FORENSIC,top,7268,1427,1511,0,0,0,0,0,0,0,0,1,1,0,319,1,1,290.89,1,0,2,0,0,0,0,2,139802,126986,23200,6849,5510,34191,1452,30242
B4D12_FORENSIC,top,13118,1405,1523,0,0,0,0,0,0,0,0,1,1,0,421,1,1,150.61,1,1,2,1,0,0,0,3,75938,68626,25166,6856,316,5138,323,27957
B4D12_FORENSIC,top,9199,1631,1705,0,0,0,0,0,0,0,0,1,1,0,367,1,0,231.43,0,0,2,0,0,0,0,3,170580,147668,56955,27639,5785,44975,0,0
B4D12_FORENSIC,top,9000,1489,1589,0,0,0,0,0,0,0,0,1,1,0,313,1,0,85.39,0,0,2,0,0,0,0,3,118207,89758,43868,22824,13612,11139,0,0
B4D12_FORENSIC,top,12450,1572,1654,0,0,0,0,0,0,0,0,1,1,0,369,1,0,111.43,0,0,2,1,0,0,0,3,121446,90542,71360,3193,2980,33768,0,0
B4D12_FORENSIC,top,6974,1413,1538,0,0,0,0,0,0,0,0,1,1,0,361,1,1,118.45,1,0,2,0,0,0,0,3,73926,66496,32361,8275,5680,2312,318,24527
B4D12_FORENSIC,top,6718,1481,1555,0,0,0,0,0,0,0,0,1,1,0,407,1,1,174.64,1,0,2,1,0,0,0,3,102342,86850,21014,8527,8210,3247,320,27785
B4D12_FORENSIC,top,10821,1472,1593,0,0,0,0,0,0,0,0,1,1,0,395,1,1,229.90,1,0,2,1,0,0,0,3,128603,112978,30604,6748,10884,7445,333,29975
B4D12_FORENSIC,top,10524,2589,2706,0,0,0,0,0,0,0,0,3,3,0,1223,3,1,514.01,1,0,2,1,0,0,0,3,345394,300396,115212,31581,11499,36801,1433,24767
B4D12_FORENSIC,top,774,1527,1631,0,0,0,0,0,0,0,0,0,0,0,0,0,0,0.00,0,0,2,0,0,0,0,3,2186,0,50321,0,0,0,0,0
B4D12_FORENSIC,top,9127,1449,1539,0,0,0,0,0,0,0,0,1,1,0,355,1,1,231.59,1,0,2,0,0,0,0,3,113368,97798,39248,6906,294,10192,328,30536
B4D12_FORENSIC,top,7678,1469,1580,0,0,0,0,0,0,0,0,1,1,0,399,1,0,39.62,0,0,2,0,0,0,0,3,54666,47238,31101,12207,8192,2654,0,0
B4D12_FORENSIC,top,7517,1472,1582,0,0,0,0,0,0,0,0,1,1,0,361,1,1,260.41,1,0,2,0,0,0,0,3,131509,115938,50808,4087,8192,10649,329,30023
B4D12_FORENSIC,top,7519,1504,1584,0,0,0,0,0,0,0,0,1,1,0,361,1,0,122.88,0,0,2,0,0,0,0,3,71165,61196,65176,4152,5665,27143,0,0
B4D12_FORENSIC,top,958,1492,1618,0,0,0,0,0,0,0,0,1,1,0,407,1,0,48.98,0,0,2,0,0,0,0,3,82544,66968,28362,6903,5690,11256,0,0
B4D12_FORENSIC,top,8010,2574,2692,0,0,0,0,0,0,0,0,2,2,0,742,2,1,465.03,1,0,2,1,0,0,0,2,323405,278380,112869,27833,11224,32211,326,24678
B4D12_FORENSIC,top,7272,1488,1615,0,0,0,0,0,0,0,0,1,1,0,319,1,0,75.79,0,0,2,0,0,0,0,3,67644,52392,31981,6968,8392,18275,0,0
B4D12_FORENSIC,top,1798,1472,1589,0,0,0,0,0,0,0,0,1,1,0,431,1,1,186.76,1,0,2,0,0,0,0,3,122781,115766,34503,16904,8336,15995,329,32815
B4D12_FORENSIC,top,9204,1505,1613,0,0,0,0,0,0,0,0,1,1,0,367,1,0,70.97,0,0,2,0,0,0,0,3,110832,66554,41607,9484,8318,8660,0,0
B4D12_FORENSIC,top,11756,1469,1544,0,0,0,0,0,0,0,0,1,1,0,421,1,1,200.10,1,0,2,1,0,0,0,4,108720,101106,28257,2907,8200,16484,327,24766
B4D12_FORENSIC,top,3739,1459,1569,0,0,0,0,0,0,0,0,1,1,0,319,1,0,81.32,0,0,2,0,0,0,0,3,101604,84214,57031,29086,13492,15005,0,0
B4D12_FORENSIC,top,876,2486,2596,0,0,0,0,0,0,0,0,3,3,0,1197,3,1,448.21,1,0,2,1,0,0,0,3,328023,275039,119068,31606,11495,34256,1457,24822
B4D12_FORENSIC,top,882,1438,1526,0,0,0,0,0,0,0,0,0,0,0,0,0,0,0.00,0,0,2,1,0,0,0,2,15586,0,56936,0,0,0,0,0
B4D12_FORENSIC,top,384,1454,1565,0,0,0,0,0,0,0,0,0,0,0,0,0,0,0.00,0,0,2,0,0,0,0,2,80376,61125,36482,20186,0,0,0,0
B4D12_FORENSIC,top,1498,1551,1668,0,0,0,0,0,0,0,0,1,1,0,427,1,1,264.22,1,0,2,0,0,0,0,3,149310,136316,44807,14916,8364,28032,331,30006
B4D12_FORENSIC,top,3476,2844,2936,0,0,0,0,0,0,0,0,3,3,0,1869,3,2,578.23,1,0,2,1,0,0,0,3,394785,328144,119770,31593,11554,39877,1750,43388
B4D12_FORENSIC,top,11010,1405,1510,0,0,0,0,0,0,0,0,1,1,0,425,1,0,33.80,0,0,2,0,0,0,0,3,91898,53102,33757,9468,2980,3161,0,0
B4D12_FORENSIC,top,11754,1418,1514,0,0,0,0,0,0,0,0,1,1,0,421,1,0,41.06,0,0,2,1,0,0,0,4,35348,25140,35993,2936,278,11049,0,0
B4D12_FORENSIC,top,1408,1478,1581,0,0,0,0,0,0,0,0,1,1,0,421,1,1,256.80,1,0,2,1,0,0,0,3,138058,133200,28339,3991,8711,13934,329,40435
B4D12_FORENSIC,top,11846,1432,1546,0,0,0,0,0,0,0,0,1,1,0,429,1,1,155.40,1,0,2,0,0,0,0,3,93726,86144,48274,6445,13718,8056,334,34873
B4D12_FORENSIC,top,1369,1405,1503,0,0,0,0,0,0,0,0,1,1,0,449,1,1,156.73,1,0,2,0,0,0,0,3,99386,86600,32605,6753,10866,5195,328,27454
B4D12_FORENSIC,top,6658,1413,1523,0,0,0,0,0,0,0,0,1,1,0,771,1,1,202.75,1,0,2,0,0,0,0,3,141804,118178,25656,5382,5482,20366,330,29942
B4D12_FORENSIC,top,12459,1420,1502,0,0,0,0,0,0,0,0,1,1,0,361,1,1,231.68,1,0,2,1,0,0,0,2,139006,120878,21882,16656,8282,10345,330,27504
B4D12_FORENSIC,top,10097,1539,1635,0,0,0,0,0,0,0,0,1,1,0,423,1,1,212.13,1,0,2,1,0,0,0,3,127466,109232,60682,9440,10864,13300,330,44572
B4D12_FORENSIC,top,12606,1424,1533,0,0,0,0,0,0,0,0,0,0,0,0,0,0,0.00,0,0,2,0,0,0,0,3,40598,31732,26532,6973,0,0,0,0
B4D12_FORENSIC,top,1307,1574,1656,0,0,0,0,0,0,0,0,1,1,0,483,1,1,289.31,1,0,2,1,0,0,0,3,178848,160832,30627,6731,8354,20742,327,30261
B4D12_FORENSIC,top,11326,2694,2804,0,0,0,0,0,0,0,0,2,2,0,1014,2,1,465.42,1,0,2,1,0,0,0,2,319736,274810,127548,25569,14128,31937,1441,22332
B4D12_FORENSIC,top,3582,1438,1546,0,0,0,0,0,0,0,0,1,1,0,361,1,1,111.48,1,0,2,0,0,0,0,3,79874,70092,30100,8966,5672,2456,322,24433
B4D12_FORENSIC,top,6628,1458,1568,0,0,0,0,0,0,0,0,1,1,0,807,1,1,217.91,1,0,2,0,0,0,0,3,154540,141752,31881,29114,3001,16393,330,29995
B4D12_FORENSIC,top,8322,1464,1573,0,0,0,0,0,0,0,0,1,1,0,487,1,0,178.21,0,0,2,0,0,0,0,2,109156,96234,55010,6230,278,36479,0,0
B4D12_FORENSIC,top,10807,2537,2651,0,0,0,0,0,0,0,0,3,3,0,1129,3,1,435.45,1,0,2,1,0,0,0,3,333612,274780,108360,32620,11582,32365,1436,30320
B4D12_FORENSIC,top,1346,1500,1608,0,0,0,0,0,0,0,0,1,1,0,469,1,1,292.41,1,0,2,0,0,0,0,3,154236,143844,32427,6772,8124,26410,327,28081
B4D12_FORENSIC,top,1814,1410,1526,0,0,0,0,0,0,0,0,1,1,0,439,1,1,172.57,1,0,2,0,0,0,0,3,105081,95208,30780,14831,5698,18691,326,33107
B4D12_FORENSIC,top,8304,2620,2727,0,0,0,0,0,0,0,0,3,3,0,1419,3,1,491.50,1,0,2,1,0,0,0,3,333531,286261,104068,31644,11653,36255,1840,24864
B4D12_FORENSIC,top,8636,1412,1512,0,0,0,0,0,0,0,0,1,1,0,419,1,1,133.54,1,0,2,0,0,0,0,3,85912,73034,35628,6807,8282,5495,330,24196
B4D12_FORENSIC,top,778,1474,1609,0,0,0,0,0,0,0,0,1,1,0,407,1,1,179.24,1,0,2,0,0,0,0,3,123070,99540,42065,6221,2982,10603,330,24728
B4D12_FORENSIC,top,3518,1470,1594,0,0,0,0,0,0,0,0,1,1,0,355,1,1,209.46,1,0,2,0,0,0,0,2,109232,91282,20352,5636,2996,5146,1426,25145
B4D12_FORENSIC,top,9706,2761,2877,0,0,0,0,0,0,0,0,3,3,0,939,3,1,493.26,1,0,2,1,0,0,0,3,344951,291691,135836,28197,11506,36067,1415,24581
B4D12_FORENSIC,top,1110,1419,1500,0,0,0,0,0,0,0,0,1,1,0,393,1,1,178.31,1,0,2,0,0,0,0,3,110172,100006,29776,9531,5672,15876,326,24592
B4D12_FORENSIC,top,373,1456,1544,0,0,0,0,0,0,0,0,1,1,0,425,1,1,178.41,1,0,2,0,0,0,0,3,109818,96952,24029,9321,10874,10476,334,27277
B4D12_FORENSIC,top,9990,1446,1523,0,0,0,0,0,0,0,0,0,0,0,0,0,0,0.00,0,0,2,1,0,0,0,3,23394,0,28655,0,0,0,0,0
B4D12_FORENSIC,top,758,1433,1543,0,0,0,0,0,0,0,0,1,1,0,405,1,1,132.48,1,0,2,0,0,0,0,3,87630,74808,41375,3493,5685,2479,327,26786
B4D12_FORENSIC,top,397,1408,1542,0,0,0,0,0,0,0,0,1,1,0,425,1,1,134.29,1,0,2,0,0,0,0,3,104926,89366,24728,9527,8174,4116,322,22035
B4D12_FORENSIC,top,8766,1424,1635,0,0,0,0,0,0,0,0,0,0,0,0,0,0,0.00,0,0,2,0,0,0,0,3,2054,0,33100,0,0,0,0,0
B4D12_FORENSIC,top,10949,1489,1589,0,0,0,0,0,0,0,0,1,1,0,435,1,1,195.95,1,0,2,0,0,0,0,3,119496,101532,33377,7333,11008,5986,328,32763
B4D12_FORENSIC,top,10110,1412,1516,0,0,0,0,0,0,0,0,1,1,0,421,1,0,40.92,0,0,2,0,0,0,0,2,36368,28966,34496,4067,2976,13686,0,0
B4D12_FORENSIC,top,9906,2097,2193,0,0,0,0,0,0,0,0,2,2,0,654,2,1,437.38,1,0,2,1,0,0,0,2,280227,251296,62748,16073,13917,38121,328,19496
B4D12_FORENSIC,top,1982,1462,1571,0,0,0,0,0,0,0,0,1,1,0,431,1,1,149.81,1,0,2,0,0,0,0,3,97122,81688,26310,12133,2990,5302,322,24823
B4D12_FORENSIC,top,10828,1555,1684,0,0,0,0,0,0,0,0,1,1,0,405,1,1,248.23,1,0,2,1,0,0,0,3,148502,130376,44323,9386,5690,13160,319,55104
B4D12_FORENSIC,top,8977,2462,2592,0,0,0,0,0,0,0,0,3,3,0,951,3,1,391.04,1,0,2,1,0,0,0,3,296585,254070,98025,36204,11488,32538,1452,24578
B4D12_FORENSIC,top,6683,1561,1655,0,0,0,0,0,0,0,0,1,1,0,809,1,1,158.62,1,0,2,0,0,0,0,3,109700,96875,33239,13536,8220,3252,329,30175
B4D12_FORENSIC,top,10148,1438,1539,0,0,0,0,0,0,0,0,1,1,0,427,1,1,195.21,1,0,2,0,0,0,0,3,116018,84610,30611,4119,328,5233,3058,25158
B4D12_FORENSIC,top,8767,1407,1553,0,0,0,0,0,0,0,0,1,1,0,433,1,1,135.86,1,0,2,0,0,0,0,3,89720,79538,29790,15022,5688,8064,327,22405
B4D12_FORENSIC,top,7290,1433,1613,0,0,0,0,0,0,0,0,1,1,0,319,1,1,163.73,1,0,2,0,0,0,0,3,102049,81148,23894,6822,8192,2557,1450,24598
B4D12_FORENSIC,top,12227,1417,1518,0,0,0,0,0,0,0,0,1,1,0,427,1,1,151.33,1,0,2,0,0,0,0,3,111456,85012,24857,6878,5690,3268,330,24692
B4D12_FORENSIC,top,6954,2698,2812,0,0,0,0,0,0,0,0,3,3,0,1075,3,1,484.33,1,0,2,1,0,0,0,3,342125,291835,126508,32221,11592,35174,332,27668
B4D12_FORENSIC,top,6689,1601,1766,0,0,0,0,0,0,0,0,1,1,0,781,1,1,211.08,1,0,2,1,0,0,0,3,161907,135494,31038,23914,6060,22067,328,22376
B4D12_FORENSIC,top,1632,1479,1581,0,0,0,0,0,0,0,0,1,1,0,429,1,0,137.75,0,0,2,0,0,0,0,3,100844,96000,39863,6826,8346,40175,0,0
B4D12_FORENSIC,top,710,2614,2728,0,0,0,0,0,0,0,0,3,3,0,1237,3,1,467.16,1,0,2,1,0,0,0,3,337743,284718,116385,31554,11489,38570,1419,24724
B4D12_FORENSIC,top,1337,1506,1624,0,0,0,0,0,0,0,0,1,1,0,475,1,1,245.13,1,0,2,0,0,0,0,3,120782,105202,53243,4082,2982,4406,1450,43947
B4D12_FORENSIC,top,6700,1424,1536,0,0,0,0,0,0,0,0,1,1,0,409,1,1,238.53,1,1,2,1,0,0,0,1,152134,136642,13375,5658,2972,21690,327,29728
B4D12_FORENSIC,top,7332,1445,1548,0,0,0,0,0,0,0,0,1,1,0,319,1,0,78.82,0,0,2,0,0,0,0,3,49935,39796,113428,9358,308,13915,0,0
B4D12_FORENSIC,top,7369,1407,1524,0,0,0,0,0,0,0,0,1,1,0,321,1,0,67.29,0,0,2,0,0,0,0,3,71524,43604,30340,4158,8122,12602,0,0
B4D12_FORENSIC,top,8325,1499,1590,0,0,0,0,0,0,0,0,1,1,0,481,1,1,213.09,1,0,2,0,0,0,0,3,138436,117468,29152,17086,5704,30962,309,24698
B4D12_FORENSIC,top,13050,1446,1527,0,0,0,0,0,0,0,0,1,1,0,361,1,1,104.45,1,0,2,0,0,0,0,3,105142,97652,30756,12264,5672,2571,331,22049
B4D12_FORENSIC,top,1605,1407,1517,0,0,0,0,0,0,0,0,1,1,0,431,1,0,98.96,0,0,2,0,0,0,0,3,78978,71450,27990,6830,5690,21236,0,0
B4D12_FORENSIC,top,12447,2705,2806,0,0,0,0,0,0,0,0,3,3,0,1115,3,1,460.16,1,0,2,1,0,0,0,3,326503,278828,142006,27909,11473,34226,1438,27608
B4D12_FORENSIC,top,8517,1408,1517,0,0,0,0,0,0,0,0,1,1,0,427,1,1,237.51,1,0,2,0,0,0,0,2,128804,115904,20481,12222,8328,22125,331,24606
B4D12_FORENSIC,top,1296,2801,2958,0,0,0,0,0,0,0,0,2,2,0,990,2,1,501.34,1,0,2,1,0,0,0,2,377240,327590,119222,33207,11229,36628,323,24932
B4D12_FORENSIC,miss,187,2531,2651,0,0,0,0,0,0,0,0,3,3,0,1253,3,1,454.17,1,0,2,1,0,0,0,3,334978,284496,141850,29968,11517,34515,1456,24934
B4D12_FORENSIC,miss,208,1487,1588,0,0,0,0,0,0,0,0,1,1,0,423,1,1,206.84,1,0,2,1,0,0,0,3,121904,98162,44275,5662,8192,4957,333,34913
B4D12_FORENSIC,miss,373,1456,1544,0,0,0,0,0,0,0,0,1,1,0,425,1,1,178.41,1,0,2,0,0,0,0,3,109818,96952,24029,9321,10874,10476,334,27277
B4D12_FORENSIC,miss,384,1454,1565,0,0,0,0,0,0,0,0,0,0,0,0,0,0,0.00,0,0,2,0,0,0,0,2,80376,61125,36482,20186,0,0,0,0
B4D12_FORENSIC,miss,710,2614,2728,0,0,0,0,0,0,0,0,3,3,0,1237,3,1,467.16,1,0,2,1,0,0,0,3,337743,284718,116385,31554,11489,38570,1419,24724
B4D12_FORENSIC,miss,774,1527,1631,0,0,0,0,0,0,0,0,0,0,0,0,0,0,0.00,0,0,2,0,0,0,0,3,2186,0,50321,0,0,0,0,0
B4D12_FORENSIC,miss,778,1474,1609,0,0,0,0,0,0,0,0,1,1,0,407,1,1,179.24,1,0,2,0,0,0,0,3,123070,99540,42065,6221,2982,10603,330,24728
B4D12_FORENSIC,miss,876,2486,2596,0,0,0,0,0,0,0,0,3,3,0,1197,3,1,448.21,1,0,2,1,0,0,0,3,328023,275039,119068,31606,11495,34256,1457,24822
B4D12_FORENSIC,miss,950,1534,1631,0,0,0,0,0,0,0,0,1,1,0,407,1,1,253.62,1,0,2,0,0,0,0,3,134626,121708,33225,12193,5690,18586,1453,35534
B4D12_FORENSIC,miss,958,1492,1618,0,0,0,0,0,0,0,0,1,1,0,407,1,0,48.98,0,0,2,0,0,0,0,3,82544,66968,28362,6903,5690,11256,0,0
B4D12_FORENSIC,miss,1296,2801,2958,0,0,0,0,0,0,0,0,2,2,0,990,2,1,501.34,1,0,2,1,0,0,0,2,377240,327590,119222,33207,11229,36628,323,24932
B4D12_FORENSIC,miss,1307,1574,1656,0,0,0,0,0,0,0,0,1,1,0,483,1,1,289.31,1,0,2,1,0,0,0,3,178848,160832,30627,6731,8354,20742,327,30261
B4D12_FORENSIC,miss,1337,1506,1624,0,0,0,0,0,0,0,0,1,1,0,475,1,1,245.13,1,0,2,0,0,0,0,3,120782,105202,53243,4082,2982,4406,1450,43947
B4D12_FORENSIC,miss,1346,1500,1608,0,0,0,0,0,0,0,0,1,1,0,469,1,1,292.41,1,0,2,0,0,0,0,3,154236,143844,32427,6772,8124,26410,327,28081
B4D12_FORENSIC,miss,1408,1478,1581,0,0,0,0,0,0,0,0,1,1,0,421,1,1,256.80,1,0,2,1,0,0,0,3,138058,133200,28339,3991,8711,13934,329,40435
B4D12_FORENSIC,miss,1498,1551,1668,0,0,0,0,0,0,0,0,1,1,0,427,1,1,264.22,1,0,2,0,0,0,0,3,149310,136316,44807,14916,8364,28032,331,30006
B4D12_FORENSIC,miss,1632,1479,1581,0,0,0,0,0,0,0,0,1,1,0,429,1,0,137.75,0,0,2,0,0,0,0,3,100844,96000,39863,6826,8346,40175,0,0
B4D12_FORENSIC,miss,1798,1472,1589,0,0,0,0,0,0,0,0,1,1,0,431,1,1,186.76,1,0,2,0,0,0,0,3,122781,115766,34503,16904,8336,15995,329,32815
B4D12_FORENSIC,miss,1982,1462,1571,0,0,0,0,0,0,0,0,1,1,0,431,1,1,149.81,1,0,2,0,0,0,0,3,97122,81688,26310,12133,2990,5302,322,24823
B4D12_FORENSIC,miss,3476,2844,2936,0,0,0,0,0,0,0,0,3,3,0,1869,3,2,578.23,1,0,2,1,0,0,0,3,394785,328144,119770,31593,11554,39877,1750,43388
B4D12_FORENSIC,miss,3518,1470,1594,0,0,0,0,0,0,0,0,1,1,0,355,1,1,209.46,1,0,2,0,0,0,0,2,109232,91282,20352,5636,2996,5146,1426,25145
B4D12_FORENSIC,miss,3710,1473,1577,0,0,0,0,0,0,0,0,1,1,0,319,1,1,120.91,1,0,2,0,0,0,0,3,70644,57886,43739,4126,5690,2500,324,25231
B4D12_FORENSIC,miss,3739,1459,1569,0,0,0,0,0,0,0,0,1,1,0,319,1,0,81.32,0,0,2,0,0,0,0,3,101604,84214,57031,29086,13492,15005,0,0
B4D12_FORENSIC,miss,6606,2639,2821,0,0,0,0,0,0,0,0,2,2,0,1626,2,1,529.43,1,0,2,1,0,0,0,2,355867,305400,125805,26280,11258,34656,1455,24944
B4D12_FORENSIC,miss,6628,1458,1568,0,0,0,0,0,0,0,0,1,1,0,807,1,1,217.91,1,0,2,0,0,0,0,3,154540,141752,31881,29114,3001,16393,330,29995
B4D12_FORENSIC,miss,6683,1561,1655,0,0,0,0,0,0,0,0,1,1,0,809,1,1,158.62,1,0,2,0,0,0,0,3,109700,96875,33239,13536,8220,3252,329,30175
B4D12_FORENSIC,miss,6689,1601,1766,0,0,0,0,0,0,0,0,1,1,0,781,1,1,211.08,1,0,2,1,0,0,0,3,161907,135494,31038,23914,6060,22067,328,22376
B4D12_FORENSIC,miss,6718,1481,1555,0,0,0,0,0,0,0,0,1,1,0,407,1,1,174.64,1,0,2,1,0,0,0,3,102342,86850,21014,8527,8210,3247,320,27785
B4D12_FORENSIC,miss,6954,2698,2812,0,0,0,0,0,0,0,0,3,3,0,1075,3,1,484.33,1,0,2,1,0,0,0,3,342125,291835,126508,32221,11592,35174,332,27668
B4D12_FORENSIC,miss,7272,1488,1615,0,0,0,0,0,0,0,0,1,1,0,319,1,0,75.79,0,0,2,0,0,0,0,3,67644,52392,31981,6968,8392,18275,0,0
B4D12_FORENSIC,miss,7517,1472,1582,0,0,0,0,0,0,0,0,1,1,0,361,1,1,260.41,1,0,2,0,0,0,0,3,131509,115938,50808,4087,8192,10649,329,30023
B4D12_FORENSIC,miss,7519,1504,1584,0,0,0,0,0,0,0,0,1,1,0,361,1,0,122.88,0,0,2,0,0,0,0,3,71165,61196,65176,4152,5665,27143,0,0
B4D12_FORENSIC,miss,7678,1469,1580,0,0,0,0,0,0,0,0,1,1,0,399,1,0,39.62,0,0,2,0,0,0,0,3,54666,47238,31101,12207,8192,2654,0,0
B4D12_FORENSIC,miss,8010,2574,2692,0,0,0,0,0,0,0,0,2,2,0,742,2,1,465.03,1,0,2,1,0,0,0,2,323405,278380,112869,27833,11224,32211,326,24678
B4D12_FORENSIC,miss,8304,2620,2727,0,0,0,0,0,0,0,0,3,3,0,1419,3,1,491.50,1,0,2,1,0,0,0,3,333531,286261,104068,31644,11653,36255,1840,24864
B4D12_FORENSIC,miss,8322,1464,1573,0,0,0,0,0,0,0,0,1,1,0,487,1,0,178.21,0,0,2,0,0,0,0,2,109156,96234,55010,6230,278,36479,0,0
B4D12_FORENSIC,miss,8325,1499,1590,0,0,0,0,0,0,0,0,1,1,0,481,1,1,213.09,1,0,2,0,0,0,0,3,138436,117468,29152,17086,5704,30962,309,24698
B4D12_FORENSIC,miss,8977,2462,2592,0,0,0,0,0,0,0,0,3,3,0,951,3,1,391.04,1,0,2,1,0,0,0,3,296585,254070,98025,36204,11488,32538,1452,24578
B4D12_FORENSIC,miss,9000,1489,1589,0,0,0,0,0,0,0,0,1,1,0,313,1,0,85.39,0,0,2,0,0,0,0,3,118207,89758,43868,22824,13612,11139,0,0
B4D12_FORENSIC,miss,9197,1466,1581,0,0,0,0,0,0,0,0,1,1,0,367,1,1,164.56,1,0,2,0,0,0,0,3,94202,86690,37340,6778,8164,2698,307,32767
B4D12_FORENSIC,miss,9199,1631,1705,0,0,0,0,0,0,0,0,1,1,0,367,1,0,231.43,0,0,2,0,0,0,0,3,170580,147668,56955,27639,5785,44975,0,0
B4D12_FORENSIC,miss,9204,1505,1613,0,0,0,0,0,0,0,0,1,1,0,367,1,0,70.97,0,0,2,0,0,0,0,3,110832,66554,41607,9484,8318,8660,0,0
B4D12_FORENSIC,miss,9706,2761,2877,0,0,0,0,0,0,0,0,3,3,0,939,3,1,493.26,1,0,2,1,0,0,0,3,344951,291691,135836,28197,11506,36067,1415,24581
B4D12_FORENSIC,miss,9906,2097,2193,0,0,0,0,0,0,0,0,2,2,0,654,2,1,437.38,1,0,2,1,0,0,0,2,280227,251296,62748,16073,13917,38121,328,19496
B4D12_FORENSIC,miss,9987,2679,2788,0,0,0,0,0,0,0,0,2,2,0,934,2,1,456.08,1,0,2,1,0,0,0,2,324023,284366,110532,32359,11238,39450,330,24840
B4D12_FORENSIC,miss,10097,1539,1635,0,0,0,0,0,0,0,0,1,1,0,423,1,1,212.13,1,0,2,1,0,0,0,3,127466,109232,60682,9440,10864,13300,330,44572
B4D12_FORENSIC,miss,10177,1477,1585,0,0,0,0,0,0,0,0,1,1,0,423,1,1,201.27,1,0,2,0,0,0,0,3,118302,105500,39141,4144,8282,13353,310,22059
B4D12_FORENSIC,miss,10524,2589,2706,0,0,0,0,0,0,0,0,3,3,0,1223,3,1,514.01,1,0,2,1,0,0,0,3,345394,300396,115212,31581,11499,36801,1433,24767
B4D12_FORENSIC,miss,10807,2537,2651,0,0,0,0,0,0,0,0,3,3,0,1129,3,1,435.45,1,0,2,1,0,0,0,3,333612,274780,108360,32620,11582,32365,1436,30320
B4D12_FORENSIC,miss,10821,1472,1593,0,0,0,0,0,0,0,0,1,1,0,395,1,1,229.90,1,0,2,1,0,0,0,3,128603,112978,30604,6748,10884,7445,333,29975
B4D12_FORENSIC,miss,10828,1555,1684,0,0,0,0,0,0,0,0,1,1,0,405,1,1,248.23,1,0,2,1,0,0,0,3,148502,130376,44323,9386,5690,13160,319,55104
B4D12_FORENSIC,miss,10949,1489,1589,0,0,0,0,0,0,0,0,1,1,0,435,1,1,195.95,1,0,2,0,0,0,0,3,119496,101532,33377,7333,11008,5986,328,32763
B4D12_FORENSIC,miss,11326,2694,2804,0,0,0,0,0,0,0,0,2,2,0,1014,2,1,465.42,1,0,2,1,0,0,0,2,319736,274810,127548,25569,14128,31937,1441,22332
B4D12_FORENSIC,miss,11749,2727,2863,0,0,0,0,0,0,0,0,3,3,0,2013,3,2,558.82,1,0,2,1,0,0,0,3,362152,316935,124049,30016,11529,35214,1696,40754
B4D12_FORENSIC,miss,11756,1469,1544,0,0,0,0,0,0,0,0,1,1,0,421,1,1,200.10,1,0,2,1,0,0,0,4,108720,101106,28257,2907,8200,16484,327,24766
B4D12_FORENSIC,miss,12447,2705,2806,0,0,0,0,0,0,0,0,3,3,0,1115,3,1,460.16,1,0,2,1,0,0,0,3,326503,278828,142006,27909,11473,34226,1438,27608
B4D12_FORENSIC,miss,12450,1572,1654,0,0,0,0,0,0,0,0,1,1,0,369,1,0,111.43,0,0,2,1,0,0,0,3,121446,90542,71360,3193,2980,33768,0,0
B4D12_FORENSIC,miss,12456,1591,1665,0,0,0,0,0,0,0,0,0,0,0,0,0,0,0.00,0,0,2,1,0,0,0,2,53367,41263,103626,3230,0,0,0,0
B4D12_FORENSIC,miss,13621,2583,2710,0,0,0,0,0,0,0,0,2,2,0,892,2,1,505.83,1,0,2,1,0,0,0,2,345085,295182,107661,26626,11225,33534,320,24470
B4D12_GRAIN_HEADER set,block,ordinal,source_center,destination_center,half,model_timestamp,model_order,lambda_bits,gamma_bits,sample_rate_bits,norm_strategy,cache_path,local_difference,shared_difference,addgrain_cycles,select_cycles,model_near_cycles,cache_lookup_cycles,polynomial_cycles,gain_cycles
B4D12_GRAIN,top,187,0,8268044,8269455,212,8268799,16,0,1065101558,1194083328,2,4,10,10,239864,16134,32070,12437,1456,24934
B4D12_GRAIN,top,187,1,8268258,8269623,209,8268799,16,0,1065101558,1194083328,2,1,0,0,37856,11025,1265,1793,0,0
B4D12_GRAIN,top,187,2,8268462,8269791,204,8268799,16,0,1065101558,1194083328,2,1,0,0,6776,2767,1180,214,0,0
B4D12_GRAIN,top,13621,0,9127948,9129312,223,9128575,16,0,1065101558,1194083328,2,4,10,10,269002,24057,32252,12419,320,24470
B4D12_GRAIN,top,13621,1,9128170,9129490,222,9128575,16,0,1065101558,1194083328,2,1,0,0,26180,2541,1282,1761,0,0
B4D12_GRAIN,top,9987,0,8895417,8896728,233,8895487,16,0,1065101558,1194083328,2,4,10,10,258378,28388,37108,7063,330,24840
B4D12_GRAIN,top,9987,1,8895417,8896925,233,8895487,16,0,1065101558,1194083328,2,1,0,0,25988,3943,2342,1764,0,0
B4D12_GRAIN,top,6606,0,8678610,8680273,406,8678911,16,0,1065101558,1194083328,2,4,10,10,274444,23870,32048,12427,1455,24944
B4D12_GRAIN,top,6606,1,8678610,8680602,406,8678911,16,0,1065101558,1194083328,2,1,0,0,30956,2382,2608,1765,0,0
B4D12_GRAIN,top,11749,0,9007964,9009410,585,9007999,16,0,1065101558,1194083328,2,4,10,10,260326,24453,30529,12463,1418,24646
B4D12_GRAIN,top,11749,1,9008174,9009576,210,9007999,16,0,1065101558,1194083328,2,1,0,0,31662,2795,2708,1765,0,0
B4D12_GRAIN,top,11749,2,9008384,9009742,210,9008383,16,0,1065101558,1194083328,2,4,10,10,24947,2729,1977,89,278,16108
B4D12_GRAIN,top,10524,0,8929674,8931056,198,8930047,16,0,1065101558,1194083328,2,4,10,10,264218,24943,32947,9735,1433,24767
B4D12_GRAIN,top,10524,1,8929880,8931216,206,8930047,16,0,1065101558,1194083328,2,1,0,0,28386,3507,1980,1769,0,0
B4D12_GRAIN,top,10524,2,8929880,8931377,206,8930047,16,0,1065101558,1194083328,2,1,0,0,7792,3089,1874,200,0,0
B4D12_GRAIN,top,8010,0,8768869,8770240,185,8769535,16,0,1065101558,1194083328,2,4,10,10,252194,24902,30933,9753,326,24678
B4D12_GRAIN,top,8010,1,8768869,8770384,185,8769535,16,0,1065101558,1194083328,2,1,0,0,26186,2903,1278,1758,0,0
B4D12_GRAIN,top,876,0,8312195,8313535,207,8312575,16,0,1065101558,1194083328,2,4,10,10,240882,24979,29976,8214,1457,24822
B4D12_GRAIN,top,876,1,8312195,8313694,207,8312575,16,0,1065101558,1194083328,2,1,0,0,26192,3472,2198,1758,0,0
B4D12_GRAIN,top,876,2,8312378,8313854,183,8312575,16,0,1065101558,1194083328,2,1,0,0,7965,3113,2082,208,0,0
B4D12_GRAIN,top,3476,0,8478524,8479977,571,8478463,16,0,1065101558,1194083328,2,4,10,10,270931,23976,35839,12427,1460,27286
B4D12_GRAIN,top,3476,1,8478705,8480120,181,8478847,16,0,1065101558,1194083328,2,4,10,10,28387,2379,2030,2794,290,16102
B4D12_GRAIN,top,3476,2,8478886,8480263,181,8478847,16,0,1065101558,1194083328,2,1,0,0,28826,5194,2008,1773,0,0
B4D12_GRAIN,top,11326,0,8981130,8982437,253,8981503,16,0,1065101558,1194083328,2,4,10,10,247772,22093,30641,8216,1441,22332
B4D12_GRAIN,top,11326,1,8981130,8982649,253,8981503,16,0,1065101558,1194083328,2,1,0,0,27038,3448,1296,1771,0,0
B4D12_GRAIN,top,10807,0,8947724,8949135,189,8948479,16,0,1065101558,1194083328,2,4,10,10,230674,14436,29499,5509,1436,30320
B4D12_GRAIN,top,10807,1,8947910,8949285,187,8948479,16,0,1065101558,1194083328,2,1,0,0,36338,14565,1510,1764,0,0
B4D12_GRAIN,top,10807,2,8948097,8949435,187,8948479,16,0,1065101558,1194083328,2,1,0,0,7768,3577,1356,206,0,0
B4D12_GRAIN,top,8304,0,8787659,8788952,236,8787967,16,0,1065101558,1194083328,2,4,10,10,250156,25058,32430,9746,1840,24864
B4D12_GRAIN,top,8304,1,8787659,8789141,236,8787967,16,0,1065101558,1194083328,2,1,0,0,28337,3424,1961,1761,0,0
B4D12_GRAIN,top,8304,2,8787659,8789330,236,8787967,16,0,1065101558,1194083328,2,1,0,0,7768,3120,1864,202,0,0
B4D12_GRAIN,top,9706,0,8877329,8878707,160,8877823,16,0,1065101558,1194083328,2,4,10,10,259322,23716,33594,10928,1415,24581
B4D12_GRAIN,top,9706,1,8877483,8878840,154,8877823,16,0,1065101558,1194083328,2,1,0,0,26322,2425,1281,1757,0,0
B4D12_GRAIN,top,9706,2,8877483,8878972,154,8877823,16,0,1065101558,1194083328,2,1,0,0,6047,2014,1192,205,0,0
B4D12_GRAIN,top,9906,0,8890213,8891552,163,8890111,16,0,1065101558,1194083328,2,4,10,10,216692,12120,35116,9763,328,19496
B4D12_GRAIN,top,9906,1,8890213,8891683,163,8890111,16,0,1065101558,1194083328,2,1,0,0,34604,3928,3005,1785,0,0
B4D12_GRAIN,top,8977,0,8830604,8832015,158,8831359,16,0,1065101558,1194083328,2,4,10,10,208558,17197,29414,8237,1452,24578
B4D12_GRAIN,top,8977,1,8830604,8832140,158,8831359,16,0,1065101558,1194083328,2,1,0,0,37184,15201,1608,1766,0,0
B4D12_GRAIN,top,8977,2,8830604,8832265,158,8831359,16,0,1065101558,1194083328,2,1,0,0,8328,3762,1516,218,0,0
B4D12_GRAIN,top,6954,0,8701181,8702557,178,8701567,16,0,1065101558,1194083328,2,4,10,10,257032,26846,31337,9737,332,27668
B4D12_GRAIN,top,6954,1,8701360,8702699,179,8701567,16,0,1065101558,1194083328,2,1,0,0,27700,2885,1962,1760,0,0
B4D12_GRAIN,top,6954,2,8701360,8702842,179,8701567,16,0,1065101558,1194083328,2,1,0,0,7103,2454,1875,199,0,0
B4D12_GRAIN,top,710,0,8301623,8302974,209,8302207,16,0,1065101558,1194083328,2,4,10,10,250214,24995,36095,9735,1419,24724
B4D12_GRAIN,top,710,1,8301623,8303133,209,8302207,16,0,1065101558,1194083328,2,1,0,0,27426,3478,1287,1769,0,0
B4D12_GRAIN,top,710,2,8301822,8303292,199,8302207,16,0,1065101558,1194083328,2,1,0,0,7078,3039,1188,211,0,0
B4D12_GRAIN,top,12447,0,9052796,9054158,188,9053311,16,0,1065101558,1194083328,2,4,10,10,245346,22013,31776,5506,1438,27608
B4D12_GRAIN,top,12447,1,9052980,9054301,184,9053311,16,0,1065101558,1194083328,2,1,0,0,26762,3099,1273,1763,0,0
B4D12_GRAIN,top,12447,2,9052980,9054445,184,9053311,16,0,1065101558,1194083328,2,1,0,0,6720,2755,1177,204,0,0
B4D12_GRAIN,top,1296,0,8338851,8340391,247,8339455,16,0,1065101558,1194083328,2,4,10,10,269334,25517,34524,12427,323,24932
B4D12_GRAIN,top,1296,1,8338851,8340579,247,8339455,16,0,1065101558,1194083328,2,1,0,0,27146,4021,2104,2917,0,0
B4D12_GRAIN,miss,187,0,8268044,8269455,212,8268799,16,0,1065101558,1194083328,2,4,10,10,239864,16134,32070,12437,1456,24934
B4D12_GRAIN,miss,187,1,8268258,8269623,209,8268799,16,0,1065101558,1194083328,2,1,0,0,37856,11025,1265,1793,0,0
B4D12_GRAIN,miss,187,2,8268462,8269791,204,8268799,16,0,1065101558,1194083328,2,1,0,0,6776,2767,1180,214,0,0
B4D12_GRAIN,miss,710,0,8301623,8302974,209,8302207,16,0,1065101558,1194083328,2,4,10,10,250214,24995,36095,9735,1419,24724
B4D12_GRAIN,miss,710,1,8301623,8303133,209,8302207,16,0,1065101558,1194083328,2,1,0,0,27426,3478,1287,1769,0,0
B4D12_GRAIN,miss,710,2,8301822,8303292,199,8302207,16,0,1065101558,1194083328,2,1,0,0,7078,3039,1188,211,0,0
B4D12_GRAIN,miss,876,0,8312195,8313535,207,8312575,16,0,1065101558,1194083328,2,4,10,10,240882,24979,29976,8214,1457,24822
B4D12_GRAIN,miss,876,1,8312195,8313694,207,8312575,16,0,1065101558,1194083328,2,1,0,0,26192,3472,2198,1758,0,0
B4D12_GRAIN,miss,876,2,8312378,8313854,183,8312575,16,0,1065101558,1194083328,2,1,0,0,7965,3113,2082,208,0,0
B4D12_GRAIN,miss,1296,0,8338851,8340391,247,8339455,16,0,1065101558,1194083328,2,4,10,10,269334,25517,34524,12427,323,24932
B4D12_GRAIN,miss,1296,1,8338851,8340579,247,8339455,16,0,1065101558,1194083328,2,1,0,0,27146,4021,2104,2917,0,0
B4D12_GRAIN,miss,3476,0,8478524,8479977,571,8478463,16,0,1065101558,1194083328,2,4,10,10,270931,23976,35839,12427,1460,27286
B4D12_GRAIN,miss,3476,1,8478705,8480120,181,8478847,16,0,1065101558,1194083328,2,4,10,10,28387,2379,2030,2794,290,16102
B4D12_GRAIN,miss,3476,2,8478886,8480263,181,8478847,16,0,1065101558,1194083328,2,1,0,0,28826,5194,2008,1773,0,0
B4D12_GRAIN,miss,6606,0,8678610,8680273,406,8678911,16,0,1065101558,1194083328,2,4,10,10,274444,23870,32048,12427,1455,24944
B4D12_GRAIN,miss,6606,1,8678610,8680602,406,8678911,16,0,1065101558,1194083328,2,1,0,0,30956,2382,2608,1765,0,0
B4D12_GRAIN,miss,6954,0,8701181,8702557,178,8701567,16,0,1065101558,1194083328,2,4,10,10,257032,26846,31337,9737,332,27668
B4D12_GRAIN,miss,6954,1,8701360,8702699,179,8701567,16,0,1065101558,1194083328,2,1,0,0,27700,2885,1962,1760,0,0
B4D12_GRAIN,miss,6954,2,8701360,8702842,179,8701567,16,0,1065101558,1194083328,2,1,0,0,7103,2454,1875,199,0,0
B4D12_GRAIN,miss,8010,0,8768869,8770240,185,8769535,16,0,1065101558,1194083328,2,4,10,10,252194,24902,30933,9753,326,24678
B4D12_GRAIN,miss,8010,1,8768869,8770384,185,8769535,16,0,1065101558,1194083328,2,1,0,0,26186,2903,1278,1758,0,0
B4D12_GRAIN,miss,8304,0,8787659,8788952,236,8787967,16,0,1065101558,1194083328,2,4,10,10,250156,25058,32430,9746,1840,24864
B4D12_GRAIN,miss,8304,1,8787659,8789141,236,8787967,16,0,1065101558,1194083328,2,1,0,0,28337,3424,1961,1761,0,0
B4D12_GRAIN,miss,8304,2,8787659,8789330,236,8787967,16,0,1065101558,1194083328,2,1,0,0,7768,3120,1864,202,0,0
B4D12_GRAIN,miss,8977,0,8830604,8832015,158,8831359,16,0,1065101558,1194083328,2,4,10,10,208558,17197,29414,8237,1452,24578
B4D12_GRAIN,miss,8977,1,8830604,8832140,158,8831359,16,0,1065101558,1194083328,2,1,0,0,37184,15201,1608,1766,0,0
B4D12_GRAIN,miss,8977,2,8830604,8832265,158,8831359,16,0,1065101558,1194083328,2,1,0,0,8328,3762,1516,218,0,0
B4D12_GRAIN,miss,9706,0,8877329,8878707,160,8877823,16,0,1065101558,1194083328,2,4,10,10,259322,23716,33594,10928,1415,24581
B4D12_GRAIN,miss,9706,1,8877483,8878840,154,8877823,16,0,1065101558,1194083328,2,1,0,0,26322,2425,1281,1757,0,0
B4D12_GRAIN,miss,9706,2,8877483,8878972,154,8877823,16,0,1065101558,1194083328,2,1,0,0,6047,2014,1192,205,0,0
B4D12_GRAIN,miss,9906,0,8890213,8891552,163,8890111,16,0,1065101558,1194083328,2,4,10,10,216692,12120,35116,9763,328,19496
B4D12_GRAIN,miss,9906,1,8890213,8891683,163,8890111,16,0,1065101558,1194083328,2,1,0,0,34604,3928,3005,1785,0,0
B4D12_GRAIN,miss,9987,0,8895417,8896728,233,8895487,16,0,1065101558,1194083328,2,4,10,10,258378,28388,37108,7063,330,24840
B4D12_GRAIN,miss,9987,1,8895417,8896925,233,8895487,16,0,1065101558,1194083328,2,1,0,0,25988,3943,2342,1764,0,0
B4D12_GRAIN,miss,10524,0,8929674,8931056,198,8930047,16,0,1065101558,1194083328,2,4,10,10,264218,24943,32947,9735,1433,24767
B4D12_GRAIN,miss,10524,1,8929880,8931216,206,8930047,16,0,1065101558,1194083328,2,1,0,0,28386,3507,1980,1769,0,0
B4D12_GRAIN,miss,10524,2,8929880,8931377,206,8930047,16,0,1065101558,1194083328,2,1,0,0,7792,3089,1874,200,0,0
B4D12_GRAIN,miss,10807,0,8947724,8949135,189,8948479,16,0,1065101558,1194083328,2,4,10,10,230674,14436,29499,5509,1436,30320
B4D12_GRAIN,miss,10807,1,8947910,8949285,187,8948479,16,0,1065101558,1194083328,2,1,0,0,36338,14565,1510,1764,0,0
B4D12_GRAIN,miss,10807,2,8948097,8949435,187,8948479,16,0,1065101558,1194083328,2,1,0,0,7768,3577,1356,206,0,0
B4D12_GRAIN,miss,11326,0,8981130,8982437,253,8981503,16,0,1065101558,1194083328,2,4,10,10,247772,22093,30641,8216,1441,22332
B4D12_GRAIN,miss,11326,1,8981130,8982649,253,8981503,16,0,1065101558,1194083328,2,1,0,0,27038,3448,1296,1771,0,0
B4D12_GRAIN,miss,11749,0,9007964,9009410,585,9007999,16,0,1065101558,1194083328,2,4,10,10,260326,24453,30529,12463,1418,24646
B4D12_GRAIN,miss,11749,1,9008174,9009576,210,9007999,16,0,1065101558,1194083328,2,1,0,0,31662,2795,2708,1765,0,0
B4D12_GRAIN,miss,11749,2,9008384,9009742,210,9008383,16,0,1065101558,1194083328,2,4,10,10,24947,2729,1977,89,278,16108
B4D12_GRAIN,miss,12447,0,9052796,9054158,188,9053311,16,0,1065101558,1194083328,2,4,10,10,245346,22013,31776,5506,1438,27608
B4D12_GRAIN,miss,12447,1,9052980,9054301,184,9053311,16,0,1065101558,1194083328,2,1,0,0,26762,3099,1273,1763,0,0
B4D12_GRAIN,miss,12447,2,9052980,9054445,184,9053311,16,0,1065101558,1194083328,2,1,0,0,6720,2755,1177,204,0,0
B4D12_GRAIN,miss,13621,0,9127948,9129312,223,9128575,16,0,1065101558,1194083328,2,4,10,10,269002,24057,32252,12419,320,24470
B4D12_GRAIN,miss,13621,1,9128170,9129490,222,9128575,16,0,1065101558,1194083328,2,1,0,0,26180,2541,1282,1761,0,0
B4D12_GRAIN_CLASS class=1 ordinal=0 count=1179 add_mean_cycles=72833.1 add_p50_bound=70656 add_p95_bound=103424 add_p99_bound=131072 add_max_cycles=160832 select_mean_cycles=6228.2 near_mean_cycles=6653.7 lookup_mean_cycles=1124.8 poly_mean_cycles=472.2 gain_mean_cycles=25398.5
B4D12_GRAIN_CACHE class=1 ordinal=0 no_lpc=0 local=0 shared=0 neutral=0 miss=1179 empty=0 timestamp=1179 order=0 coefficients=1179 lambda=0 gamma=0 rate=0 strategy=0
B4D12_GRAIN_CACHE class=1 ordinal=1 no_lpc=0 local=0 shared=0 neutral=0 miss=0 empty=0 timestamp=0 order=0 coefficients=0 lambda=0 gamma=0 rate=0 strategy=0
B4D12_GRAIN_CACHE class=1 ordinal=2 no_lpc=0 local=0 shared=0 neutral=0 miss=0 empty=0 timestamp=0 order=0 coefficients=0 lambda=0 gamma=0 rate=0 strategy=0
B4D12_GRAIN_CACHE class=1 ordinal=3 no_lpc=0 local=0 shared=0 neutral=0 miss=0 empty=0 timestamp=0 order=0 coefficients=0 lambda=0 gamma=0 rate=0 strategy=0
B4D12_GRAIN_CLASS class=2 ordinal=0 count=7 add_mean_cycles=255402.3 add_p50_bound=259072 add_p95_bound=275456 add_p99_bound=275456 add_max_cycles=274444 select_mean_cycles=22992.4 near_mean_cycles=33231.7 lookup_mean_cycles=10295.4 poly_mean_cycles=646.1 gain_mean_cycles=23670.3
B4D12_GRAIN_CACHE class=2 ordinal=0 no_lpc=0 local=0 shared=0 neutral=0 miss=7 empty=0 timestamp=7 order=0 coefficients=7 lambda=0 gamma=0 rate=0 strategy=0
B4D12_GRAIN_CLASS class=2 ordinal=1 count=7 add_mean_cycles=28299.7 add_p50_bound=27648 add_p95_bound=34816 add_p99_bound=34816 add_max_cycles=34604 select_mean_cycles=3309.4 near_mean_cycles=1987.9 lookup_mean_cycles=1931.6 poly_mean_cycles=0.0 gain_mean_cycles=0.0
B4D12_GRAIN_CACHE class=2 ordinal=1 no_lpc=0 local=7 shared=0 neutral=0 miss=0 empty=0 timestamp=0 order=0 coefficients=0 lambda=0 gamma=0 rate=0 strategy=0
B4D12_GRAIN_CACHE class=2 ordinal=2 no_lpc=0 local=0 shared=0 neutral=0 miss=0 empty=0 timestamp=0 order=0 coefficients=0 lambda=0 gamma=0 rate=0 strategy=0
B4D12_GRAIN_CACHE class=2 ordinal=3 no_lpc=0 local=0 shared=0 neutral=0 miss=0 empty=0 timestamp=0 order=0 coefficients=0 lambda=0 gamma=0 rate=0 strategy=0
B4D12_GRAIN_CLASS class=3 ordinal=0 count=12 add_mean_cycles=248126.9 add_p50_bound=250880 add_p95_bound=271360 add_p99_bound=271360 add_max_cycles=270931 select_mean_cycles=22395.5 near_mean_cycles=32125.5 lookup_mean_cycles=9556.2 poly_mean_cycles=1379.7 gain_mean_cycles=25899.8
B4D12_GRAIN_CACHE class=3 ordinal=0 no_lpc=0 local=0 shared=0 neutral=0 miss=12 empty=0 timestamp=12 order=0 coefficients=12 lambda=0 gamma=0 rate=0 strategy=0
B4D12_GRAIN_CLASS class=3 ordinal=1 count=12 add_mean_cycles=30212.7 add_p50_bound=28672 add_p95_bound=37888 add_p99_bound=37888 add_max_cycles=37856 select_mean_cycles=5687.9 near_mean_cycles=1755.2 lookup_mean_cycles=1851.6 poly_mean_cycles=24.2 gain_mean_cycles=1341.8
B4D12_GRAIN_CACHE class=3 ordinal=1 no_lpc=0 local=11 shared=0 neutral=0 miss=1 empty=0 timestamp=1 order=0 coefficients=1 lambda=0 gamma=0 rate=0 strategy=0
B4D12_GRAIN_CLASS class=3 ordinal=2 count=12 add_mean_cycles=10593.2 add_p50_bound=8192 add_p95_bound=29696 add_p99_bound=29696 add_max_cycles=28826 select_mean_cycles=3134.4 near_mean_cycles=1607.4 lookup_mean_cycles=327.4 poly_mean_cycles=23.2 gain_mean_cycles=1342.3
B4D12_GRAIN_CACHE class=3 ordinal=2 no_lpc=0 local=11 shared=0 neutral=0 miss=1 empty=0 timestamp=1 order=0 coefficients=1 lambda=0 gamma=0 rate=0 strategy=0
B4D12_GRAIN_CACHE class=3 ordinal=3 no_lpc=0 local=0 shared=0 neutral=0 miss=0 empty=0 timestamp=0 order=0 coefficients=0 lambda=0 gamma=0 rate=0 strategy=0
B4D12_CASE name=mat_i_full_new_fx category=matrix seconds=20 voices=1 comp=1 delay=1 reverb=1 interval=4.0 control=none kind=19 f0=220.0 vocal=1 wall_s=20.079886 blocks=13836
B4D12_PHYSICAL name=mat_i_full_new_fx rx_blocks=13837 tx_blocks=13838 dsp_blocks=13838 rx_frames=885568 tx_frames=885632 effective_fs=44102.242 err_pct=0.0051
B4D12_TRANSPORT name=mat_i_full_new_fx rx_overruns=0 tx_underruns=0 dma_errors=0 actual_rx_dma_errors=0 actual_tx_dma_errors=0 read_failures=0 write_failures=0 rx_dropped_frames=0 tx_dropped_frames=0 rx_seq_gaps=0 tx_seq_gaps=0 nan_inf=0 rx_diag_ovf=2235 tx_diag_ovf=2234
B4D12_DSP name=mat_i_full_new_fx blocks=13836 avg_us=867.469 p50=897 p90=1198 p95=1264 p99=1377 p999=2574 p9999=2801 max=2844 misses=59 miss_per_block=0.00426424 miss_per_s=2.9383 miss_per_min=176.296 miss_per_hour=10577.75
B4D12_LATE name=mat_i_full_new_fx threshold_1200_blocks=1350 max_consecutive_late=1 max_lateness_us=1393 cumulative_lateness_us=24323 late_events=59 late_events_dropped=0 recovery_pending=0
B4D12_LATENESS_HIST name=mat_i_full_new_fx le100=33 b100_250=7 b250_500=0 b500_1000=1 b1000_1500=18 gt1500=0
B4D12_CLASS name=mat_i_full_new_fx miss_nmc=14 miss_mc0=0 miss_mc1=26 miss_mc2=7 miss_mc3=12 blocks_nmc=12638 blocks_mc0=0 blocks_mc1=1179 blocks_mc2=7 blocks_mc3=12
B4D12_CLASS_DIST name=mat_i_full_new_fx class=nmc blocks=12638 mean_us=830.05 p50=787 p95=1187 p99=1309 p999=1459 max=1631
B4D12_CLASS_DIST name=mat_i_full_new_fx class=mc1 blocks=1179 mean_us=1240.40 p50=1239 p95=1400 p99=1487 p999=1574 max=1601
B4D12_CLASS_DIST name=mat_i_full_new_fx class=mc2 blocks=7 mean_us=2581.00 p50=2639 p95=2801 p99=2801 p999=2801 max=2801
B4D12_CLASS_DIST name=mat_i_full_new_fx class=mc3 blocks=12 mean_us=2631.17 p50=2614 p95=2844 p99=2844 p999=2844 max=2844
B4D12_CLASS_DIST name=mat_i_full_new_fx class=mc0 blocks=0 mean_us=0.00 p50=0 p95=0 p99=0 p999=0 max=0
B4D12_RECOVERY name=mat_i_full_new_fx pending=0 r0=0 r1=59 r2=0 r3=0 r4=0 r5=0 r6=0 r7=0
B4D12_BACKLOG name=mat_i_full_new_fx current_ms=0.023 avg_ms=1.939 p95_ms=5.442 p99_ms=5.442 max_ms=5.556
B4D12_FIFO name=mat_i_full_new_fx pushes=2285808 pops=2285808 drops=0 overflow_attempts=0 max_occ=93 avg_occ=8.707 current_occ=0
B4D12_LATE_EVENT name=mat_i_full_new_fx blk=187 dsp_us=2531 lateness_us=1080 klass=3 mc=1 ng=3 ad=3 sl=3 prev_miss=0 next1=1034 next2=1085 next3=1183 recov=1 bl_before_ds=0 bl_after_ds=0
B4D12_LATE_EVENT name=mat_i_full_new_fx blk=208 dsp_us=1487 lateness_us=36 klass=1 mc=1 ng=1 ad=3 sl=3 prev_miss=0 next1=1134 next2=1250 next3=1026 recov=1 bl_before_ds=29 bl_after_ds=8
B4D12_LATE_EVENT name=mat_i_full_new_fx blk=373 dsp_us=1456 lateness_us=5 klass=1 mc=1 ng=1 ad=3 sl=3 prev_miss=0 next1=1126 next2=1178 next3=1323 recov=1 bl_before_ds=0 bl_after_ds=8
B4D12_LATE_EVENT name=mat_i_full_new_fx blk=384 dsp_us=1454 lateness_us=3 klass=0 mc=0 ng=0 ad=2 sl=2 prev_miss=0 next1=1044 next2=1015 next3=1373 recov=1 bl_before_ds=0 bl_after_ds=4
B4D12_LATE_EVENT name=mat_i_full_new_fx blk=710 dsp_us=2614 lateness_us=1163 klass=3 mc=1 ng=3 ad=3 sl=3 prev_miss=0 next1=1233 next2=1198 next3=1323 recov=1 bl_before_ds=0 bl_after_ds=1
B4D12_LATE_EVENT name=mat_i_full_new_fx blk=774 dsp_us=1527 lateness_us=76 klass=0 mc=0 ng=0 ad=3 sl=3 prev_miss=0 next1=1244 next2=1125 next3=974 recov=1 bl_before_ds=0 bl_after_ds=4
B4D12_LATE_EVENT name=mat_i_full_new_fx blk=778 dsp_us=1474 lateness_us=23 klass=1 mc=1 ng=1 ad=3 sl=3 prev_miss=0 next1=1129 next2=1256 next3=1065 recov=1 bl_before_ds=0 bl_after_ds=8
B4D12_LATE_EVENT name=mat_i_full_new_fx blk=876 dsp_us=2486 lateness_us=1035 klass=3 mc=1 ng=3 ad=3 sl=3 prev_miss=0 next1=1022 next2=1153 next3=982 recov=1 bl_before_ds=0 bl_after_ds=0
B4D12_LATE_EVENT name=mat_i_full_new_fx blk=950 dsp_us=1534 lateness_us=83 klass=1 mc=1 ng=1 ad=3 sl=3 prev_miss=0 next1=1060 next2=1078 next3=1181 recov=1 bl_before_ds=0 bl_after_ds=14
B4D12_LATE_EVENT name=mat_i_full_new_fx blk=958 dsp_us=1492 lateness_us=41 klass=0 mc=0 ng=1 ad=3 sl=3 prev_miss=0 next1=1048 next2=1309 next3=1086 recov=1 bl_before_ds=0 bl_after_ds=8
B4D12_LATE_EVENT name=mat_i_full_new_fx blk=1296 dsp_us=2801 lateness_us=1350 klass=2 mc=1 ng=2 ad=2 sl=2 prev_miss=0 next1=1164 next2=1347 next3=1010 recov=1 bl_before_ds=0 bl_after_ds=0
B4D12_LATE_EVENT name=mat_i_full_new_fx blk=1307 dsp_us=1574 lateness_us=123 klass=1 mc=1 ng=1 ad=3 sl=3 prev_miss=0 next1=1109 next2=1162 next3=1324 recov=1 bl_before_ds=0 bl_after_ds=12
B4D12_LATE_EVENT name=mat_i_full_new_fx blk=1337 dsp_us=1506 lateness_us=55 klass=1 mc=1 ng=1 ad=3 sl=3 prev_miss=0 next1=1167 next2=1079 next3=1229 recov=1 bl_before_ds=0 bl_after_ds=12
B4D12_LATE_EVENT name=mat_i_full_new_fx blk=1346 dsp_us=1500 lateness_us=49 klass=1 mc=1 ng=1 ad=3 sl=3 prev_miss=0 next1=1045 next2=1058 next3=1212 recov=1 bl_before_ds=0 bl_after_ds=14
B4D12_LATE_EVENT name=mat_i_full_new_fx blk=1408 dsp_us=1478 lateness_us=27 klass=1 mc=1 ng=1 ad=3 sl=3 prev_miss=0 next1=1008 next2=1319 next3=1067 recov=1 bl_before_ds=0 bl_after_ds=8
B4D12_LATE_EVENT name=mat_i_full_new_fx blk=1498 dsp_us=1551 lateness_us=100 klass=1 mc=1 ng=1 ad=3 sl=3 prev_miss=0 next1=1083 next2=1349 next3=1019 recov=1 bl_before_ds=0 bl_after_ds=8
B4D12_LATE_EVENT name=mat_i_full_new_fx blk=1632 dsp_us=1479 lateness_us=28 klass=0 mc=0 ng=1 ad=3 sl=3 prev_miss=0 next1=1066 next2=1316 next3=1046 recov=1 bl_before_ds=0 bl_after_ds=0
B4D12_LATE_EVENT name=mat_i_full_new_fx blk=1798 dsp_us=1472 lateness_us=21 klass=1 mc=1 ng=1 ad=3 sl=3 prev_miss=0 next1=1041 next2=1298 next3=1027 recov=1 bl_before_ds=0 bl_after_ds=8
B4D12_LATE_EVENT name=mat_i_full_new_fx blk=1982 dsp_us=1462 lateness_us=11 klass=1 mc=1 ng=1 ad=3 sl=3 prev_miss=0 next1=1016 next2=1070 next3=1084 recov=1 bl_before_ds=0 bl_after_ds=14
B4D12_LATE_EVENT name=mat_i_full_new_fx blk=3476 dsp_us=2844 lateness_us=1393 klass=3 mc=1 ng=3 ad=3 sl=3 prev_miss=0 next1=1182 next2=1133 next3=1045 recov=1 bl_before_ds=0 bl_after_ds=0
B4D12_LATE_EVENT name=mat_i_full_new_fx blk=3518 dsp_us=1470 lateness_us=19 klass=1 mc=1 ng=1 ad=2 sl=2 prev_miss=0 next1=1064 next2=1142 next3=1026 recov=1 bl_before_ds=0 bl_after_ds=14
B4D12_LATE_EVENT name=mat_i_full_new_fx blk=3710 dsp_us=1473 lateness_us=22 klass=1 mc=1 ng=1 ad=3 sl=3 prev_miss=0 next1=1032 next2=1154 next3=1074 recov=1 bl_before_ds=0 bl_after_ds=14
B4D12_LATE_EVENT name=mat_i_full_new_fx blk=3739 dsp_us=1459 lateness_us=8 klass=0 mc=0 ng=1 ad=3 sl=3 prev_miss=0 next1=1149 next2=1227 next3=1089 recov=1 bl_before_ds=0 bl_after_ds=0
B4D12_LATE_EVENT name=mat_i_full_new_fx blk=6606 dsp_us=2639 lateness_us=1188 klass=2 mc=1 ng=2 ad=2 sl=2 prev_miss=0 next1=997 next2=1100 next3=917 recov=1 bl_before_ds=0 bl_after_ds=0
B4D12_LATE_EVENT name=mat_i_full_new_fx blk=6628 dsp_us=1458 lateness_us=7 klass=1 mc=1 ng=1 ad=3 sl=3 prev_miss=0 next1=1166 next2=1063 next3=969 recov=1 bl_before_ds=29 bl_after_ds=8
B4D12_LATE_EVENT name=mat_i_full_new_fx blk=6683 dsp_us=1561 lateness_us=110 klass=1 mc=1 ng=1 ad=3 sl=3 prev_miss=0 next1=1218 next2=1034 next3=1059 recov=1 bl_before_ds=0 bl_after_ds=0
B4D12_LATE_EVENT name=mat_i_full_new_fx blk=6689 dsp_us=1601 lateness_us=150 klass=1 mc=1 ng=1 ad=3 sl=3 prev_miss=0 next1=1089 next2=968 next3=955 recov=1 bl_before_ds=0 bl_after_ds=14
B4D12_LATE_EVENT name=mat_i_full_new_fx blk=6718 dsp_us=1481 lateness_us=30 klass=1 mc=1 ng=1 ad=3 sl=3 prev_miss=0 next1=1127 next2=988 next3=1254 recov=1 bl_before_ds=0 bl_after_ds=8
B4D12_LATE_EVENT name=mat_i_full_new_fx blk=6954 dsp_us=2698 lateness_us=1247 klass=3 mc=1 ng=3 ad=3 sl=3 prev_miss=0 next1=1115 next2=1380 next3=1026 recov=1 bl_before_ds=0 bl_after_ds=4
B4D12_LATE_EVENT name=mat_i_full_new_fx blk=7272 dsp_us=1488 lateness_us=37 klass=0 mc=0 ng=1 ad=3 sl=3 prev_miss=0 next1=1070 next2=1325 next3=1124 recov=1 bl_before_ds=0 bl_after_ds=0
B4D12_LATE_EVENT name=mat_i_full_new_fx blk=7517 dsp_us=1472 lateness_us=21 klass=1 mc=1 ng=1 ad=3 sl=3 prev_miss=0 next1=1048 next2=1504 next3=0 recov=1 bl_before_ds=0 bl_after_ds=12
B4D12_LATE_EVENT name=mat_i_full_new_fx blk=7519 dsp_us=1504 lateness_us=53 klass=0 mc=0 ng=1 ad=3 sl=3 prev_miss=0 next1=1112 next2=1271 next3=1029 recov=1 bl_before_ds=0 bl_after_ds=0
B4D12_LATE_EVENT name=mat_i_full_new_fx blk=7678 dsp_us=1469 lateness_us=18 klass=0 mc=0 ng=1 ad=3 sl=3 prev_miss=0 next1=1129 next2=1343 next3=1038 recov=1 bl_before_ds=29 bl_after_ds=8
B4D12_LATE_EVENT name=mat_i_full_new_fx blk=8010 dsp_us=2574 lateness_us=1123 klass=2 mc=1 ng=2 ad=2 sl=2 prev_miss=0 next1=1285 next2=1035 next3=1036 recov=1 bl_before_ds=0 bl_after_ds=0
B4D12_LATE_EVENT name=mat_i_full_new_fx blk=8304 dsp_us=2620 lateness_us=1169 klass=3 mc=1 ng=3 ad=3 sl=3 prev_miss=0 next1=1070 next2=1081 next3=1085 recov=1 bl_before_ds=0 bl_after_ds=4
B4D12_LATE_EVENT name=mat_i_full_new_fx blk=8322 dsp_us=1464 lateness_us=13 klass=0 mc=0 ng=1 ad=2 sl=2 prev_miss=0 next1=1069 next2=971 next3=1499 recov=1 bl_before_ds=0 bl_after_ds=0
B4D12_LATE_EVENT name=mat_i_full_new_fx blk=8325 dsp_us=1499 lateness_us=48 klass=1 mc=1 ng=1 ad=3 sl=3 prev_miss=0 next1=1084 next2=1080 next3=1220 recov=1 bl_before_ds=0 bl_after_ds=14
B4D12_LATE_EVENT name=mat_i_full_new_fx blk=8977 dsp_us=2462 lateness_us=1011 klass=3 mc=1 ng=3 ad=3 sl=3 prev_miss=0 next1=1264 next2=1013 next3=1118 recov=1 bl_before_ds=0 bl_after_ds=0
B4D12_LATE_EVENT name=mat_i_full_new_fx blk=9000 dsp_us=1489 lateness_us=38 klass=0 mc=0 ng=1 ad=3 sl=3 prev_miss=0 next1=1045 next2=1259 next3=999 recov=1 bl_before_ds=0 bl_after_ds=0
B4D12_LATE_EVENT name=mat_i_full_new_fx blk=9197 dsp_us=1466 lateness_us=15 klass=1 mc=1 ng=1 ad=3 sl=3 prev_miss=0 next1=1079 next2=1631 next3=0 recov=1 bl_before_ds=0 bl_after_ds=12
B4D12_LATE_EVENT name=mat_i_full_new_fx blk=9199 dsp_us=1631 lateness_us=180 klass=0 mc=0 ng=1 ad=3 sl=3 prev_miss=0 next1=1111 next2=996 next3=1336 recov=1 bl_before_ds=0 bl_after_ds=0
B4D12_LATE_EVENT name=mat_i_full_new_fx blk=9204 dsp_us=1505 lateness_us=54 klass=0 mc=0 ng=1 ad=3 sl=3 prev_miss=0 next1=1117 next2=1191 next3=1063 recov=1 bl_before_ds=0 bl_after_ds=4
B4D12_LATE_EVENT name=mat_i_full_new_fx blk=9706 dsp_us=2761 lateness_us=1310 klass=3 mc=1 ng=3 ad=3 sl=3 prev_miss=0 next1=1085 next2=1175 next3=1219 recov=1 bl_before_ds=0 bl_after_ds=0
B4D12_LATE_EVENT name=mat_i_full_new_fx blk=9906 dsp_us=2097 lateness_us=646 klass=2 mc=1 ng=2 ad=2 sl=2 prev_miss=0 next1=1266 next2=902 next3=891 recov=1 bl_before_ds=0 bl_after_ds=0
B4D12_LATE_EVENT name=mat_i_full_new_fx blk=9987 dsp_us=2679 lateness_us=1228 klass=2 mc=1 ng=2 ad=2 sl=2 prev_miss=0 next1=1183 next2=1046 next3=1446 recov=1 bl_before_ds=14 bl_after_ds=0
B4D12_LATE_EVENT name=mat_i_full_new_fx blk=10097 dsp_us=1539 lateness_us=88 klass=1 mc=1 ng=1 ad=3 sl=3 prev_miss=0 next1=1070 next2=1139 next3=1338 recov=1 bl_before_ds=0 bl_after_ds=12
B4D12_LATE_EVENT name=mat_i_full_new_fx blk=10177 dsp_us=1477 lateness_us=26 klass=1 mc=1 ng=1 ad=3 sl=3 prev_miss=0 next1=1121 next2=1136 next3=1064 recov=1 bl_before_ds=0 bl_after_ds=0
B4D12_LATE_EVENT name=mat_i_full_new_fx blk=10524 dsp_us=2589 lateness_us=1138 klass=3 mc=1 ng=3 ad=3 sl=3 prev_miss=0 next1=1192 next2=1210 next3=1184 recov=1 bl_before_ds=0 bl_after_ds=4
B4D12_LATE_EVENT name=mat_i_full_new_fx blk=10807 dsp_us=2537 lateness_us=1086 klass=3 mc=1 ng=3 ad=3 sl=3 prev_miss=0 next1=1169 next2=1177 next3=1050 recov=1 bl_before_ds=0 bl_after_ds=0
B4D12_LATE_EVENT name=mat_i_full_new_fx blk=10821 dsp_us=1472 lateness_us=21 klass=1 mc=1 ng=1 ad=3 sl=3 prev_miss=0 next1=1161 next2=1183 next3=1240 recov=1 bl_before_ds=14 bl_after_ds=29
B4D12_LATE_EVENT name=mat_i_full_new_fx blk=10828 dsp_us=1555 lateness_us=104 klass=1 mc=1 ng=1 ad=3 sl=3 prev_miss=0 next1=1044 next2=1300 next3=1006 recov=1 bl_before_ds=0 bl_after_ds=8
B4D12_LATE_EVENT name=mat_i_full_new_fx blk=10949 dsp_us=1489 lateness_us=38 klass=1 mc=1 ng=1 ad=3 sl=3 prev_miss=0 next1=1292 next2=1294 next3=1024 recov=1 bl_before_ds=8 bl_after_ds=0
B4D12_LATE_EVENT name=mat_i_full_new_fx blk=11326 dsp_us=2694 lateness_us=1243 klass=2 mc=1 ng=2 ad=2 sl=2 prev_miss=0 next1=874 next2=971 next3=1217 recov=1 bl_before_ds=0 bl_after_ds=0
B4D12_LATE_EVENT name=mat_i_full_new_fx blk=11749 dsp_us=2727 lateness_us=1276 klass=3 mc=1 ng=3 ad=3 sl=3 prev_miss=0 next1=1115 next2=1131 next3=1145 recov=1 bl_before_ds=0 bl_after_ds=0
B4D12_LATE_EVENT name=mat_i_full_new_fx blk=11756 dsp_us=1469 lateness_us=18 klass=1 mc=1 ng=1 ad=4 sl=4 prev_miss=0 next1=1047 next2=1026 next3=1311 recov=1 bl_before_ds=0 bl_after_ds=14
B4D12_LATE_EVENT name=mat_i_full_new_fx blk=12447 dsp_us=2705 lateness_us=1254 klass=3 mc=1 ng=3 ad=3 sl=3 prev_miss=0 next1=1086 next2=1037 next3=1572 recov=1 bl_before_ds=5 bl_after_ds=0
B4D12_LATE_EVENT name=mat_i_full_new_fx blk=12450 dsp_us=1572 lateness_us=121 klass=0 mc=0 ng=1 ad=3 sl=3 prev_miss=0 next1=1097 next2=1278 next3=1004 recov=1 bl_before_ds=0 bl_after_ds=0
B4D12_LATE_EVENT name=mat_i_full_new_fx blk=12456 dsp_us=1591 lateness_us=140 klass=0 mc=0 ng=0 ad=2 sl=2 prev_miss=0 next1=1029 next2=1019 next3=1420 recov=1 bl_before_ds=1 bl_after_ds=0
B4D12_LATE_EVENT name=mat_i_full_new_fx blk=13621 dsp_us=2583 lateness_us=1132 klass=2 mc=1 ng=2 ad=2 sl=2 prev_miss=0 next1=1239 next2=984 next3=1036 recov=1 bl_before_ds=0 bl_after_ds=0
B4D12_WINDOW name=mat_i_full_new_fx idx=0 partial=1 blocks=13836 avg_us=867.469 p99_us=1400 p999_us=2400 max_us=2844 misses=59 mc2=7 mc3=12 max_consecutive_late=1 backlog_max_ms=5.5 transport_errors=0 cumulative_lateness_us=24323
B4D12_QUALIFY name=mat_i_full_new_fx gate_a_transport=PASS gate_b_physical=PASS fs_ok=1 max_consecutive_late=1 backlog_max_ms=5.556 dsp_miss_independent=1 result=PASS
B4D1_MEMORY tag=b4d12_mat_i_full_new_fx internal_free=93211 internal_largest=31744 spiram_free=17612652 spiram_largest=17301504
=== END OF FX QUALIFICATION MATRIX ===

