set,block,ordinal,source_center,destination_center,half,model_timestamp,model_order,lambda_bits,gamma_bits,sample_rate_bits,norm_strategy,cache_path,local_difference,shared_difference,addgrain_cycles,select_cycles,model_near_cycles,cache_lookup_cycles,polynomial_cycles,gain_cycles
top,71303,0,4694567,4695904,295,4694527,16,0,1065101558,1194083328,2,4,10,10,246929,17480,38650,5482,3039,22986
top,71303,1,4694567,4696080,295,4694527,16,0,1065101558,1194083328,2,1,0,0,31411,3837,2995,5616,0,0
top,71303,2,4694567,4696256,295,4694527,16,0,1065101558,1194083328,2,1,0,0,10503,3625,2901,199,0,0
top,185,0,143063,144396,215,143743,16,0,1065101558,1194083328,2,4,10,10,261519,21777,36489,10920,4131,23380
top,185,1,143063,144537,215,143743,16,0,1065101558,1194083328,2,1,0,0,25282,2906,1278,2937,0,0
top,185,2,143274,144679,211,143743,16,0,1065101558,1194083328,2,1,0,0,7424,2686,1270,201,0,0
top,160609,0,10410213,10411566,177,10410751,16,0,1065101558,1194083328,2,4,10,10,262570,21576,45169,9337,3014,23972
top,160609,1,10410213,10411678,177,10410751,16,0,1065101558,1194083328,2,1,0,0,27104,2276,1322,5627,0,0
top,160609,2,10410398,10411789,185,10410751,16,0,1065101558,1194083328,2,1,0,0,9583,2043,1249,202,0,0
top,64805,0,4278705,4280058,181,4278655,16,0,1065101558,1194083328,2,4,10,10,273877,21189,38023,12047,3014,28762
top,64805,1,4278705,4280178,181,4278655,16,0,1065101558,1194083328,2,1,0,0,26311,2377,2719,2937,0,0
top,64805,2,4278885,4280299,180,4279039,16,0,1065101558,1194083328,2,4,10,10,25839,2087,1986,71,281,16192
top,188858,0,12218136,12219486,170,12218623,16,0,1065101558,1194083328,2,4,10,10,246831,18471,39215,9348,4087,23074
top,188858,1,12218136,12219596,170,12218623,16,0,1065101558,1194083328,2,1,0,0,27149,2296,1322,5613,0,0
top,188858,2,12218304,12219707,168,12218623,16,0,1065101558,1194083328,2,1,0,0,6920,2040,1271,211,0,0
top,8011,0,643909,645257,185,644479,16,0,1065101558,1194083328,2,4,10,10,275709,19044,41768,16210,3046,25008
top,8011,1,643909,645379,185,644479,16,0,1065101558,1194083328,2,1,0,0,28173,2906,1490,5607,0,0
top,8011,2,644094,645501,185,644479,16,0,1065101558,1194083328,2,1,0,0,7298,2618,1270,205,0,0
top,53779,0,3573081,3574428,158,3573247,16,0,1065101558,1194083328,2,4,10,10,253941,20224,35113,9916,3028,23560
top,53779,1,3573081,3574533,158,3573247,16,0,1065101558,1194083328,2,1,0,0,29849,4026,2288,5608,0,0
top,53779,2,3573239,3574638,158,3573247,16,0,1065101558,1194083328,2,1,0,0,9596,3765,2226,209,0,0
top,71029,0,4677079,4678446,170,4677631,16,0,1065101558,1194083328,2,4,10,10,275131,21163,36894,12037,3028,25398
top,71029,1,4677079,4678556,170,4677631,16,0,1065101558,1194083328,2,1,0,0,24337,2283,1330,2942,0,0
top,71029,2,4677263,4678667,184,4677631,16,0,1065101558,1194083328,2,1,0,0,6889,2059,1258,200,0,0
top,157509,0,10211490,10213047,413,10211839,16,0,1065101558,1194083328,2,4,10,10,270168,21256,37880,12045,3019,28420
top,157509,1,10211909,10213323,419,10211839,16,0,1065101558,1194083328,2,1,0,0,26840,2259,2034,2919,0,0
top,157509,2,10211909,10213599,419,10211839,16,0,1065101558,1194083328,2,1,0,0,10433,2001,1966,200,0,0
top,112718,0,7344931,7346489,407,7345279,16,0,1065101558,1194083328,2,4,10,10,291095,21230,37242,12089,3049,36126
top,112718,1,7344931,7346766,407,7345279,16,0,1065101558,1194083328,2,1,0,0,33101,2172,3826,2946,0,0
top,27059,0,1862874,1864363,190,1863295,16,0,1065101558,1194083328,2,4,10,10,248927,22171,40046,9348,3052,26012
top,27059,1,1862874,1864498,190,1863295,16,0,1065101558,1194083328,2,1,0,0,28624,3281,2037,5602,0,0
top,27059,2,1862874,1864632,190,1863295,16,0,1065101558,1194083328,2,1,0,0,9301,3649,1951,209,0,0
top,71849,0,4729435,4730924,191,4729855,16,0,1065101558,1194083328,2,4,10,10,251913,19427,34644,10884,3048,24818
top,71849,1,4729435,4731059,191,4729855,16,0,1065101558,1194083328,2,1,0,0,28730,3257,2074,5614,0,0
top,71849,2,4729435,4731194,191,4729855,16,0,1065101558,1194083328,2,1,0,0,8479,3039,1928,197,0,0
top,40028,0,2693023,2694375,180,2693503,16,0,1065101558,1194083328,2,4,10,10,259203,18946,39590,10882,3027,20690
top,40028,1,2693023,2694494,180,2693503,16,0,1065101558,1194083328,2,1,0,0,27581,2754,1336,5618,0,0
top,40028,2,2693203,2694614,180,2693503,16,0,1065101558,1194083328,2,1,0,0,7308,2449,1256,207,0,0
top,9703,0,752136,753596,171,752767,16,0,1065101558,1194083328,2,4,10,10,259007,18329,40254,10900,3025,19564
top,9703,1,752305,753707,169,752767,16,0,1065101558,1194083328,2,1,0,0,29395,2269,1355,5612,0,0
top,9703,2,752305,753817,169,752767,16,0,1065101558,1194083328,2,1,0,0,6679,1983,1260,200,0,0
top,8300,0,662439,663773,236,662911,16,0,1065101558,1194083328,2,4,10,10,252031,19349,42793,10918,4136,23250
top,8300,1,662439,663932,236,662911,16,0,1065101558,1194083328,2,1,0,0,25513,3282,1316,5608,0,0
top,8300,2,662675,664090,236,662911,16,0,1065101558,1194083328,2,1,0,0,8241,3336,1294,207,0,0
top,101327,0,6616094,6617451,210,6616063,16,0,1065101558,1194083328,2,4,10,10,247921,16278,40680,6647,3034,23518
top,101327,1,6616094,6617590,210,6616063,16,0,1065101558,1194083328,2,1,0,0,24189,2737,2726,2940,0,0
top,101327,2,6616304,6617730,210,6616447,16,0,1065101558,1194083328,2,4,10,10,26362,2531,2002,68,276,16132
top,68279,0,4500941,4502414,178,4501375,16,0,1065101558,1194083328,2,4,10,10,257123,18980,39927,8210,4179,23262
top,68279,1,4501120,4502534,179,4501375,16,0,1065101558,1194083328,2,1,0,0,28441,2694,2048,5602,0,0
top,68279,2,4501120,4502653,179,4501375,16,0,1065101558,1194083328,2,1,0,0,7964,2436,1958,201,0,0
top,97589,0,6376788,6378259,185,6377215,16,0,1065101558,1194083328,2,4,10,10,272565,21554,39937,13636,3020,31318
top,97589,1,6376973,6378381,185,6377215,16,0,1065101558,1194083328,2,1,0,0,23069,2739,2041,2925,0,0
top,97589,2,6376973,6378502,185,6377215,16,0,1065101558,1194083328,2,1,0,0,7905,2442,1942,197,0,0
top,141319,0,9175661,9177015,178,9176191,16,0,1065101558,1194083328,2,4,10,10,276725,21582,39157,9317,3023,38976
top,141319,1,9175661,9177134,178,9176191,16,0,1065101558,1194083328,2,1,0,0,35175,2684,4042,5618,0,0
top,141319,2,9175840,9177254,179,9176191,16,0,1065101558,1194083328,2,1,0,0,7259,2457,1246,211,0,0
top,51740,0,3442541,3443895,178,3443071,16,0,1065101558,1194083328,2,4,10,10,248017,16363,39020,9720,3021,23242
top,51740,1,3442541,3444014,178,3443071,16,0,1065101558,1194083328,2,1,0,0,28001,2764,1332,5618,0,0
top,51740,2,3442720,3444134,179,3443071,16,0,1065101558,1194083328,2,1,0,0,7484,2479,1267,197,0,0
top,30158,0,2061164,2062575,229,2061823,16,0,1065101558,1194083328,2,4,10,10,256929,15439,36948,12055,3023,25225
top,30158,1,2061393,2062725,231,2061823,16,0,1065101558,1194083328,2,1,0,0,31090,7682,1356,2916,0,0
top,30158,2,2061393,2062875,231,2061823,16,0,1065101558,1194083328,2,1,0,0,7584,2066,1251,203,0,0
top,187458,0,12128440,12129773,236,12128767,16,0,1065101558,1194083328,2,4,10,10,262921,22250,39985,12030,3009,26199
top,187458,1,12128440,12129932,236,12128767,16,0,1065101558,1194083328,2,1,0,0,24613,3278,2004,2938,0,0
top,187458,2,12128676,12130090,236,12128767,16,0,1065101558,1194083328,2,1,0,0,11873,3079,1960,202,0,0
top,12449,0,927836,929296,192,928255,16,0,1065101558,1194083328,2,4,10,10,252911,16398,34770,11154,4173,25962
top,12449,1,927836,929416,192,928255,16,0,1065101558,1194083328,2,1,0,0,28671,2968,2028,5600,0,0
top,12449,2,927836,929537,192,928255,16,0,1065101558,1194083328,2,1,0,0,8125,2739,1961,204,0,0
top,74949,0,4927951,4929285,229,4928383,16,0,1065101558,1194083328,2,4,10,10,261049,15925,39222,12019,3022,23198
top,74949,1,4927951,4929436,229,4928383,16,0,1065101558,1194083328,2,1,0,0,25064,2350,1325,2929,0,0
top,74949,2,4928182,4929586,231,4928383,16,0,1065101558,1194083328,2,1,0,0,6890,2056,1265,208,0,0
top,199170,0,12877964,12879378,571,12877951,16,0,1065101558,1194083328,2,4,10,10,261435,21290,38375,9342,3020,25956
top,199170,1,12878145,12879498,181,12878335,16,0,1065101558,1194083328,2,4,10,10,27915,2310,2054,90,278,16292
top,199170,2,12878145,12879618,181,12878335,16,0,1065101558,1194083328,2,1,0,0,27447,2309,2066,5625,0,0
top,129605,0,8425901,8427255,179,8426623,16,0,1065101558,1194083328,2,4,10,10,255759,16233,42832,9311,3396,23372
top,129605,1,8425901,8427374,179,8426623,16,0,1065101558,1194083328,2,1,0,0,25235,2712,1326,5635,0,0
top,129605,2,8426081,8427494,180,8426623,16,0,1065101558,1194083328,2,1,0,0,7365,2445,1259,199,0,0
top,13620,0,1002764,1004175,222,1003519,16,0,1065101558,1194083328,2,4,10,10,243890,3314,41540,10874,3031,23208
top,13620,1,1002764,1004323,222,1003519,16,0,1065101558,1194083328,2,1,0,0,26279,775,1310,5620,0,0
top,13620,2,1002764,1004471,222,1003519,16,0,1065101558,1194083328,2,1,0,0,5678,701,1229,184,0,0
top,164526,0,10660831,10662165,229,10661503,16,0,1065101558,1194083328,2,4,10,10,262055,18295,36442,12019,3008,26050
top,164526,1,10660831,10662315,229,10661503,16,0,1065101558,1194083328,2,1,0,0,22711,2270,1312,2932,0,0
top,164526,2,10661061,10662465,230,10661503,16,0,1065101558,1194083328,2,1,0,0,7200,2057,1257,195,0,0
top,20015,0,1412146,1413498,182,1412095,16,0,1065101558,1194083328,2,4,10,10,273383,18315,40672,9301,3370,26142
top,20015,1,1412146,1413619,182,1412095,16,0,1065101558,1194083328,2,1,0,0,28935,2343,2728,5616,0,0
top,20015,2,1412327,1413739,181,1412479,16,0,1065101558,1194083328,2,4,10,10,25727,2049,2000,68,283,16062
top,157859,0,10234061,10235534,177,10234495,16,0,1065101558,1194083328,2,4,10,10,244098,18820,35021,9309,3058,19801
top,157859,1,10234061,10235654,177,10234495,16,0,1065101558,1194083328,2,1,0,0,28267,2601,2012,5612,0,0
top,157859,2,10234061,10235774,177,10234495,16,0,1065101558,1194083328,2,1,0,0,7918,2402,1941,189,0,0
top,117863,0,7674284,7675711,585,7674367,16,0,1065101558,1194083328,2,4,10,10,248917,13775,38201,9337,2995,20326
top,117863,1,7674494,7675851,210,7674367,16,0,1065101558,1194083328,2,1,0,0,29813,2715,2700,5616,0,0
top,117863,2,7674494,7675990,210,7674367,16,0,1065101558,1194083328,2,1,0,0,12507,5647,2657,203,0,0
top,202299,0,13078051,13079607,412,13078399,16,0,1065101558,1194083328,2,4,10,10,278367,21190,39883,12096,3036,26280
top,202299,1,13078467,13079883,416,13078399,16,0,1065101558,1194083328,2,1,0,0,26841,2264,2043,2936,0,0
top,202299,2,13078467,13080159,416,13078399,16,0,1065101558,1194083328,2,1,0,0,7577,1972,1981,201,0,0
top,186107,0,12041981,12043454,177,12042367,16,0,1065101558,1194083328,2,4,10,10,258999,18898,40069,6632,4154,25880
top,186107,1,12042158,12043574,177,12042367,16,0,1065101558,1194083328,2,1,0,0,28090,2728,2004,5625,0,0
top,186107,2,12042158,12043693,177,12042367,16,0,1065101558,1194083328,2,1,0,0,7949,2418,1950,198,0,0
top,24548,0,1702309,1703657,185,1702783,16,0,1065101558,1194083328,2,4,10,10,261919,32107,40430,12019,4145,23234
top,24548,1,1702309,1703779,185,1702783,16,0,1065101558,1194083328,2,1,0,0,22281,2849,1344,2921,0,0
top,24548,2,1702494,1703901,185,1702783,16,0,1065101558,1194083328,2,1,0,0,7426,2631,1245,193,0,0
top,84815,0,5559341,5560695,178,5560063,16,0,1065101558,1194083328,2,4,10,10,257979,18905,39310,6647,3006,20940
top,84815,1,5559341,5560814,178,5560063,16,0,1065101558,1194083328,2,1,0,0,25194,2699,1334,5640,0,0
top,84815,2,5559520,5560934,179,5560063,16,0,1065101558,1194083328,2,1,0,0,7325,2406,1257,190,0,0
top,115820,0,7543649,7545006,166,7544191,16,0,1065101558,1194083328,2,4,10,10,256525,18666,40331,6621,4157,23132
top,115820,1,7543649,7545118,166,7544191,16,0,1065101558,1194083328,2,1,0,0,24807,2231,1318,5610,0,0
top,115820,2,7543816,7545229,167,7544191,16,0,1065101558,1194083328,2,1,0,0,7126,2072,1270,204,0,0
top,26239,0,1810536,1811886,171,1811071,16,0,1065101558,1194083328,2,4,10,10,261120,18460,39751,9366,3046,23342
top,26239,1,1810536,1811996,171,1811071,16,0,1065101558,1194083328,2,1,0,0,21555,2215,1330,2928,0,0
top,26239,2,1810705,1812107,169,1811071,16,0,1065101558,1194083328,2,1,0,0,7552,2606,1248,205,0,0
top,175453,0,11360149,11361497,185,11360767,16,0,1065101558,1194083328,2,4,10,10,268467,21699,36686,9337,2997,28251
top,175453,1,11360149,11361619,185,11360767,16,0,1065101558,1194083328,2,1,0,0,36128,5402,1309,5626,0,0
top,175453,2,11360334,11361741,185,11360767,16,0,1065101558,1194083328,2,1,0,0,7749,2525,1267,198,0,0
top,130663,0,8493588,8494937,185,8494207,16,0,1065101558,1194083328,2,4,10,10,246328,21689,34182,12057,3017,20654
top,130663,1,8493588,8495059,185,8494207,16,0,1065101558,1194083328,2,1,0,0,25418,2666,1324,2920,0,0
top,130663,2,8493773,8495181,185,8494207,16,0,1065101558,1194083328,2,1,0,0,7736,2535,1265,186,0,0
top,3479,0,353746,355219,182,353791,16,0,1065101558,1194083328,2,4,10,10,262895,21197,43377,8210,3011,23464
top,3479,1,353927,355339,181,353791,16,0,1065101558,1194083328,2,1,0,0,31439,2349,2774,5608,0,0
top,3479,2,353927,355459,181,353791,16,0,1065101558,1194083328,2,1,0,0,8236,2082,2663,207,0,0
top,123360,0,8026124,8027535,200,8026879,16,0,1065101558,1194083328,2,4,10,10,269163,21747,39300,10864,3409,23438
top,123360,1,8026124,8027669,200,8026879,16,0,1065101558,1194083328,2,1,0,0,34067,8722,1334,5620,0,0
top,123360,2,8026124,8027802,200,8026879,16,0,1065101558,1194083328,2,1,0,0,8234,3037,1247,193,0,0
top,182633,0,11819745,11821098,181,11819647,16,0,1065101558,1194083328,2,4,10,10,270029,21176,37906,9353,3028,25726
top,182633,1,11819745,11821218,181,11819647,16,0,1065101558,1194083328,2,1,0,0,28480,2290,2752,5612,0,0
top,182633,2,11819926,11821339,181,11820031,16,0,1065101558,1194083328,2,4,10,10,25571,2060,2017,68,285,16006
top,170918,0,11069985,11071339,181,11070079,16,0,1065101558,1194083328,2,4,10,10,273405,21188,37888,9369,4198,29502
top,170918,1,11069985,11071459,181,11070079,16,0,1065101558,1194083328,2,1,0,0,37825,2305,2086,5610,0,0
top,170918,2,11069985,11071579,181,11070079,16,0,1065101558,1194083328,2,1,0,0,7525,1999,1962,194,0,0
top,195879,0,12667462,12668796,214,12667903,16,0,1065101558,1194083328,2,4,10,10,256547,21817,39144,6619,3052,25928
top,195879,1,12667462,12668937,214,12667903,16,0,1065101558,1194083328,2,1,0,0,28209,2900,1310,5632,0,0
top,195879,2,12667672,12669079,210,12667903,16,0,1065101558,1194083328,2,1,0,0,7483,2665,1262,210,0,0
top,6953,0,576223,577575,180,576895,16,0,1065101558,1194083328,2,4,10,10,259559,16272,41865,10910,3010,23444
top,6953,1,576223,577694,180,576895,16,0,1065101558,1194083328,2,1,0,0,27417,2726,1314,5620,0,0
top,6953,2,576403,577814,180,576895,16,0,1065101558,1194083328,2,1,0,0,7260,2519,1283,202,0,0
top,55310,0,3671035,3672390,201,3671551,16,0,1065101558,1194083328,2,4,10,10,268213,16895,39746,13600,4099,31428
top,55310,1,3671035,3672525,201,3671551,16,0,1065101558,1194083328,2,1,0,0,25802,3309,1325,2929,0,0
top,55310,2,3671245,3672659,210,3671551,16,0,1065101558,1194083328,2,1,0,0,7877,3061,1250,195,0,0
top,58410,0,3869324,3870735,227,3870079,16,0,1065101558,1194083328,2,4,10,10,247675,12821,36520,9321,3031,23052
top,58410,1,3869551,3870885,229,3870079,16,0,1065101558,1194083328,2,1,0,0,33580,7817,1322,5622,0,0
top,58410,2,3869551,3871036,229,3870079,16,0,1065101558,1194083328,2,1,0,0,7322,2049,1262,194,0,0
top,48270,0,3220305,3221775,181,3220351,16,0,1065101558,1194083328,2,4,10,10,268219,21232,41470,9303,3001,26296
top,48270,1,3220485,3221896,180,3220351,16,0,1065101558,1194083328,2,1,0,0,29390,2418,2724,5612,0,0
top,48270,2,3220665,3222016,180,3220735,16,0,1065101558,1194083328,2,4,10,10,26121,2100,2029,76,273,16038
top,16723,0,1201463,1202796,215,1202047,16,0,1065101558,1194083328,2,4,10,10,259885,16258,36713,9342,2993,26158
top,16723,1,1201463,1202937,215,1202047,16,0,1065101558,1194083328,2,1,0,0,31091,2955,4009,5641,0,0
top,16723,2,1201674,1203079,211,1202047,16,0,1065101558,1194083328,2,1,0,0,7702,2702,1263,208,0,0
top,192779,0,12468993,12470325,231,12469375,16,0,1065101558,1194083328,2,4,10,10,260289,18450,37499,9342,3379,23235
top,192779,1,12468993,12470475,231,12469375,16,0,1065101558,1194083328,2,1,0,0,26322,2302,2036,2936,0,0
top,192779,2,12469225,12470625,232,12469375,16,0,1065101558,1194083328,2,1,0,0,8214,2052,1957,199,0,0
top,142380,0,9243349,9244819,185,9243775,16,0,1065101558,1194083328,2,4,10,10,247053,18955,42898,9319,3040,20506
top,142380,1,9243349,9244940,185,9243775,16,0,1065101558,1194083328,2,1,0,0,29343,2656,2016,8233,0,0
top,142380,2,9243349,9245062,185,9243775,16,0,1065101558,1194083328,2,1,0,0,8769,2699,1978,205,0,0
top,189965,0,12288943,12290301,179,12289663,16,0,1065101558,1194083328,2,4,10,10,251705,19916,39295,9301,2999,25552
top,189965,1,12288943,12290428,179,12289663,16,0,1065101558,1194083328,2,1,0,0,29021,3741,1482,5622,0,0
top,189965,2,12289122,12290554,179,12289663,16,0,1065101558,1194083328,2,1,0,0,11137,3460,1409,194,0,0
top,97879,0,6395343,6396812,248,6395647,16,0,1065101558,1194083328,2,4,10,10,272219,22228,40709,10918,3024,23204
top,97879,1,6395579,6396971,236,6395647,16,0,1065101558,1194083328,2,1,0,0,29277,3355,2026,5630,0,0
top,97879,2,6395579,6397130,236,6395647,16,0,1065101558,1194083328,2,1,0,0,11329,3145,1942,206,0,0
top,78571,0,5159804,5161109,220,5160319,16,0,1065101558,1194083328,2,4,10,10,272795,19596,34386,18804,3445,24836
top,78571,1,5159804,5161242,220,5160319,16,0,1065101558,1194083328,2,1,0,0,27657,3295,1336,2932,0,0
top,78571,2,5160004,5161376,200,5160319,16,0,1065101558,1194083328,2,1,0,0,7864,3059,1253,201,0,0
top,118560,0,7718924,7720335,180,7719679,16,0,1065101558,1194083328,2,4,10,10,256309,16075,39223,9309,3418,20572
top,118560,1,7718924,7720455,180,7719679,16,0,1065101558,1194083328,2,1,0,0,33996,8354,1326,5616,0,0
top,118560,2,7718924,7720576,180,7719679,16,0,1065101558,1194083328,2,1,0,0,8047,2745,1233,188,0,0
top,41375,0,2779239,2780573,235,2779903,16,0,1065101558,1194083328,2,4,10,10,243499,16957,33745,9341,3013,20508
top,41375,1,2779239,2780732,235,2779903,16,0,1065101558,1194083328,2,1,0,0,25946,3275,1310,2937,0,0
top,41375,2,2779239,2780890,235,2779903,16,0,1065101558,1194083328,2,1,0,0,10907,3277,1300,202,0,0
top,106302,0,6934579,6935916,215,6935167,16,0,1065101558,1194083328,2,4,10,10,251533,16397,40006,9748,3024,23172
top,106302,1,6934579,6936058,215,6935167,16,0,1065101558,1194083328,2,1,0,0,27583,2750,1306,5620,0,0
top,106302,2,6934579,6936199,215,6935167,16,0,1065101558,1194083328,2,1,0,0,7328,2469,1240,209,0,0
top,126129,0,8203425,8204778,181,8203519,16,0,1065101558,1194083328,2,4,10,10,265343,21718,39967,9303,4180,23180
top,126129,1,8203425,8204899,181,8203519,16,0,1065101558,1194083328,2,1,0,0,28415,2344,2031,5626,0,0
top,126129,2,8203606,8205019,181,8203519,16,0,1065101558,1194083328,2,1,0,0,7926,2096,2000,202,0,0
top,39680,0,2670450,2672007,412,2670847,16,0,1065101558,1194083328,2,4,10,10,272473,21260,39865,10920,3027,25938
top,39680,1,2670867,2672283,417,2670847,16,0,1065101558,1194083328,2,1,0,0,32125,2191,2044,7991,0,0
top,39680,2,2670867,2672559,417,2670847,16,0,1065101558,1194083328,2,1,0,0,7861,2182,2006,213,0,0
top,174047,0,11269890,11271447,413,11270143,16,0,1065101558,1194083328,2,4,10,10,273853,21215,43076,13574,3022,23212
top,174047,1,11270309,11271723,419,11270143,16,0,1065101558,1194083328,2,1,0,0,27989,2349,2698,2942,0,0
top,174047,2,11270309,11271999,419,11270143,16,0,1065101558,1194083328,2,1,0,0,8533,1999,2617,201,0,0
top,51395,0,3420223,3421768,419,3420415,16,0,1065101558,1194083328,2,4,10,10,277413,21083,37865,13602,3431,23488
top,51395,1,3420223,3422044,419,3420415,16,0,1065101558,1194083328,2,1,0,0,27464,2352,2684,2957,0,0
top,51395,2,3420223,3422321,419,3420415,16,0,1065101558,1194083328,2,1,0,0,8102,1918,2581,206,0,0
top,107408,0,7005169,7006652,240,7005823,16,0,1065101558,1194083328,2,4,10,10,250789,20177,39786,10892,3025,23280
top,107408,1,7005404,7006810,235,7005823,16,0,1065101558,1194083328,2,1,0,0,26771,3993,1471,5614,0,0
top,107408,2,7005638,7006968,234,7005823,16,0,1065101558,1194083328,2,1,0,0,8691,3693,1394,209,0,0
top,53089,0,3528764,3530175,237,3529471,16,0,1065101558,1194083328,2,4,10,10,268999,30221,39651,11880,3003,22279
top,53089,1,3529000,3530333,236,3529471,16,0,1065101558,1194083328,2,1,0,0,34645,8761,1342,5606,0,0
top,53089,2,3529000,3530492,236,3529471,16,0,1065101558,1194083328,2,1,0,0,8438,3117,1258,197,0,0
top,81342,0,5337105,5338459,181,5336959,16,0,1065101558,1194083328,2,4,10,10,268123,21159,40821,12011,4179,23308
top,81342,1,5337105,5338579,181,5336959,16,0,1065101558,1194083328,2,1,0,0,25831,2227,2724,2930,0,0
top,81342,2,5337105,5338699,181,5336959,16,0,1065101558,1194083328,2,1,0,0,8207,2011,2623,200,0,0
top,707,0,176395,177749,194,176767,16,0,1065101558,1194083328,2,4,10,10,263353,22007,37240,10892,4157,20612
top,707,1,176395,177882,194,176767,16,0,1065101558,1194083328,2,1,0,0,29611,3351,2041,5621,0,0
top,707,2,176592,178016,197,176767,16,0,1065101558,1194083328,2,1,0,0,8843,3066,1969,193,0,0
top,99283,0,6485249,6486718,166,6485887,16,0,1065101558,1194083328,2,4,10,10,271569,21183,42009,9339,3022,23530
top,99283,1,6485416,6486829,167,6485887,16,0,1065101558,1194083328,2,1,0,0,29591,2312,1316,5637,0,0
top,99283,2,6485416,6486940,167,6485887,16,0,1065101558,1194083328,2,1,0,0,6863,2028,1262,198,0,0
top,167630,0,10859511,10860876,196,10860031,16,0,1065101558,1194083328,2,4,10,10,251772,19086,37300,6625,5723,26184
top,167630,1,10859511,10861018,196,10860031,16,0,1065101558,1194083328,2,1,0,0,27895,2724,1345,5647,0,0
top,167630,2,10859715,10861159,204,10860031,16,0,1065101558,1194083328,2,1,0,0,7625,2693,1304,204,0,0
top,147989,0,9602431,9603764,227,9602815,16,0,1065101558,1194083328,2,4,10,10,260477,21105,39902,9337,5731,20460
top,147989,1,9602431,9603913,227,9602815,16,0,1065101558,1194083328,2,1,0,0,28865,2192,2020,5604,0,0
top,147989,2,9602431,9604062,227,9602815,16,0,1065101558,1194083328,2,1,0,0,8081,1967,1948,196,0,0
top,129257,0,8403331,8404889,407,8403583,16,0,1065101558,1194083328,2,4,10,10,278693,21075,41704,12055,3038,26344
top,129257,1,8403331,8405166,407,8403583,16,0,1065101558,1194083328,2,1,0,0,27538,2204,2675,2926,0,0
top,129257,2,8403331,8405443,407,8403583,16,0,1065101558,1194083328,2,1,0,0,8220,1951,2584,189,0,0
top,25531,0,1765162,1766549,159,1764991,16,0,1065101558,1194083328,2,4,10,10,261363,14737,41376,9338,11357,23468
top,25531,1,1765321,1766654,158,1765375,16,0,1065101558,1194083328,2,4,10,10,38471,10681,2393,87,300,16090
top,25531,2,1765321,1766760,158,1765375,16,0,1065101558,1194083328,2,1,0,0,20643,3891,2230,2929,0,0
top,11747,0,882973,884329,210,882943,16,0,1065101558,1194083328,2,4,10,10,258533,18915,40656,8166,3394,20816
top,11747,1,882973,884468,210,882943,16,0,1065101558,1194083328,2,1,0,0,26830,2754,2734,5608,0,0
top,11747,2,883183,884608,210,883327,16,0,1065101558,1194083328,2,4,10,10,29107,2502,2037,68,1413,16300
top,102023,0,6660716,6662055,188,6661375,16,0,1065101558,1194083328,2,4,10,10,259509,21954,37033,12085,2998,20486
top,102023,1,6660716,6662176,188,6661375,16,0,1065101558,1194083328,2,1,0,0,22549,3054,1306,2939,0,0
top,102023,2,6660900,6662296,184,6661375,16,0,1065101558,1194083328,2,1,0,0,7613,2788,1244,206,0,0
top,45497,0,3043004,3044309,220,3043327,16,0,1065101558,1194083328,2,4,10,10,241835,19623,31770,10864,3015,25898
top,45497,1,3043004,3044442,220,3043327,16,0,1065101558,1194083328,2,1,0,0,29648,3214,2008,5620,0,0
top,45497,2,3043204,3044576,200,3043327,16,0,1065101558,1194083328,2,1,0,0,11786,3167,1940,192,0,0
top,69629,0,4587400,4588734,236,4587775,16,0,1065101558,1194083328,2,4,10,10,277563,22306,40043,13592,4118,25916
top,69629,1,4587400,4588892,236,4587775,16,0,1065101558,1194083328,2,1,0,0,22687,3370,2026,2932,0,0
top,69629,2,4587636,4589051,236,4587775,16,0,1065101558,1194083328,2,1,0,0,9214,3237,1943,200,0,0
top,151093,0,9801111,9802476,196,9801727,16,0,1065101558,1194083328,2,4,10,10,272935,29908,39070,9337,4187,22970
top,151093,1,9801111,9802618,196,9801727,16,0,1065101558,1194083328,2,1,0,0,25371,2790,1318,5632,0,0
top,151093,2,9801315,9802759,204,9801727,16,0,1065101558,1194083328,2,1,0,0,7397,2539,1256,204,0,0
top,144073,0,9351813,9353278,177,9352447,16,0,1065101558,1194083328,2,4,10,10,266766,21187,36651,9326,4106,23584
top,144073,1,9351998,9353389,185,9352447,16,0,1065101558,1194083328,2,1,0,0,29933,2199,1354,5627,0,0
top,144073,2,9351998,9353501,185,9352447,16,0,1065101558,1194083328,2,1,0,0,15334,2203,1340,220,0,0
top,150260,0,9747823,9749172,177,9748351,16,0,1065101558,1194083328,2,4,10,10,245655,22137,36856,9337,4129,23060
top,150260,1,9747823,9749289,177,9748351,16,0,1065101558,1194083328,2,1,0,0,20505,3088,1543,5629,0,0
top,150260,2,9747998,9749406,175,9748351,16,0,1065101558,1194083328,2,1,0,0,8169,2939,1502,205,0,0
top,26520,0,1828364,1829775,227,1827967,16,0,1065101558,1194083328,2,4,10,10,229801,14498,34926,6619,2998,20670
top,26520,1,1828606,1829927,233,1829119,16,0,1065101558,1194083328,2,4,10,10,35038,9490,1629,93,287,16472
top,26520,2,1828606,1830078,233,1829119,16,0,1065101558,1194083328,2,1,0,0,25753,3843,1620,5612,0,0
top,73775,0,4852790,4854135,184,4853503,16,0,1065101558,1194083328,2,4,10,10,251273,19344,39051,8176,5824,23444
top,73775,1,4852790,4854255,184,4853503,16,0,1065101558,1194083328,2,1,0,0,25675,3033,1320,5624,0,0
top,73775,2,4852971,4854376,181,4853503,16,0,1065101558,1194083328,2,1,0,0,7767,2755,1251,191,0,0
top,86165,0,5645800,5647134,236,5646463,16,0,1065101558,1194083328,2,4,10,10,254691,19690,39171,9337,2995,26360
top,86165,1,5645800,5647292,236,5646463,16,0,1065101558,1194083328,2,1,0,0,28369,3367,1298,5603,0,0
top,86165,2,5646036,5647451,236,5646463,16,0,1065101558,1194083328,2,1,0,0,7917,3112,1254,196,0,0
top,185761,0,12019651,12021207,412,12020095,16,0,1065101558,1194083328,2,4,10,10,296565,18531,40025,15005,3439,29670
top,185761,1,12020067,12021483,416,12020095,16,0,1065101558,1194083328,2,1,0,0,26577,2312,2036,2929,0,0
top,185761,2,12020067,12021759,416,12020095,16,0,1065101558,1194083328,2,1,0,0,7493,2000,1958,193,0,0
top,137844,0,8953185,8954538,181,8953087,16,0,1065101558,1194083328,2,4,10,10,279551,21243,40939,12045,3031,23104
top,137844,1,8953185,8954658,181,8953087,16,0,1065101558,1194083328,2,1,0,0,26409,2298,2746,2934,0,0
top,137844,2,8953366,8954779,181,8953471,16,0,1065101558,1194083328,2,4,10,10,26023,2039,1996,66,272,16206
top,206503,0,13347343,13348701,179,13347967,16,0,1065101558,1194083328,2,4,10,10,255885,14646,39773,8210,4507,31312
top,206503,1,13347343,13348828,179,13347967,16,0,1065101558,1194083328,2,1,0,0,26596,3723,1532,5612,0,0
top,206503,2,13347522,13348954,179,13347967,16,0,1065101558,1194083328,2,1,0,0,11335,3436,1434,190,0,0
top,143359,0,9306203,9307547,159,9306367,16,0,1065101558,1194083328,2,4,10,10,247645,15259,45544,6611,3041,25746
top,143359,1,9306203,9307652,159,9306367,16,0,1065101558,1194083328,2,1,0,0,29543,3767,2284,5621,0,0
top,143359,2,9306203,9307757,159,9306367,16,0,1065101558,1194083328,2,1,0,0,9326,3594,2197,193,0,0
top,162639,0,10540071,10541434,198,10540543,16,0,1065101558,1194083328,2,4,10,10,248885,16418,36552,9303,3001,26346
top,162639,1,10540071,10541573,198,10540543,16,0,1065101558,1194083328,2,1,0,0,27909,2750,1334,5610,0,0
top,162639,2,10540280,10541712,209,10540543,16,0,1065101558,1194083328,2,1,0,0,10139,2560,1258,196,0,0
top,168167,0,10893845,10895166,201,10893823,16,0,1065101558,1194083328,2,4,10,10,248945,19483,35735,11839,3402,20666
top,168167,1,10893845,10895300,201,10893823,16,0,1065101558,1194083328,2,1,0,0,30309,3150,2754,5606,0,0
top,168167,2,10894046,10895434,201,10894207,16,0,1065101558,1194083328,2,4,10,10,29948,2931,2020,68,283,16276
top,103200,0,6735868,6737351,224,6736255,16,0,1065101558,1194083328,2,4,10,10,275619,21111,42375,12455,3050,25856
top,103200,1,6735868,6737499,224,6736255,16,0,1065101558,1194083328,2,1,0,0,25410,2200,2042,2920,0,0
top,103200,2,6735868,6737647,224,6736255,16,0,1065101558,1194083328,2,1,0,0,7406,1931,1947,186,0,0
top,196399,0,12700604,12702015,200,12701311,16,0,1065101558,1194083328,2,4,10,10,240739,16631,39083,9320,3001,20478
top,196399,1,12700779,12702149,186,12701311,16,0,1065101558,1194083328,2,1,0,0,34295,8638,1338,5620,0,0
top,196399,2,12700779,12702282,186,12701311,16,0,1065101558,1194083328,2,1,0,0,8386,3083,1265,201,0,0
top,23490,0,1634444,1635855,179,1635199,16,0,1065101558,1194083328,2,4,10,10,261655,15895,36854,9343,3418,23130
top,23490,1,1634444,1635975,179,1635199,16,0,1065101558,1194083328,2,1,0,0,31055,8138,1308,5624,0,0
top,23490,2,1634444,1636094,179,1635199,16,0,1065101558,1194083328,2,1,0,0,7815,2508,1264,195,0,0
top,84470,0,5537023,5538567,416,5537407,16,0,1065101558,1194083328,2,4,10,10,270357,21167,37505,9337,3029,26246
top,84470,1,5537436,5538842,413,5537407,16,0,1065101558,1194083328,2,1,0,0,29424,2292,2020,5684,0,0
top,84470,2,5537436,5539118,413,5537407,16,0,1065101558,1194083328,2,1,0,0,7594,2030,1972,198,0,0
top,10519,0,804284,805695,201,804991,16,0,1065101558,1194083328,2,4,10,10,254379,13921,39382,10900,4164,31972
top,10519,1,804474,805829,201,804991,16,0,1065101558,1194083328,2,1,0,0,34601,8794,1330,5612,0,0
top,10519,2,804474,805964,201,804991,16,0,1065101558,1194083328,2,1,0,0,8408,3129,1255,195,0,0
top,93053,0,6086625,6087978,181,6086527,16,0,1065101558,1194083328,2,4,10,10,268125,21214,40945,12055,4516,25944
top,93053,1,6086625,6088099,181,6086527,16,0,1065101558,1194083328,2,1,0,0,25782,2347,2706,2922,0,0
top,93053,2,6086806,6088219,181,6086911,16,0,1065101558,1194083328,2,4,10,10,25818,2063,2012,84,281,16216
top,56538,0,3749534,3751030,210,3749503,16,0,1065101558,1194083328,2,4,10,10,273589,21585,40624,9741,3014,25934
top,56538,1,3749743,3751169,209,3749887,16,0,1065101558,1194083328,2,4,10,10,27371,2701,2141,84,311,16062
top,56538,2,3749743,3751309,209,3749887,16,0,1065101558,1194083328,2,1,0,0,24665,2674,2044,5620,0,0
top,36553,0,2470546,2471898,182,2470399,16,0,1065101558,1194083328,2,4,10,10,279849,18563,40733,12035,3038,31432
top,36553,1,2470546,2472019,182,2470399,16,0,1065101558,1194083328,2,1,0,0,27994,2328,4499,2934,0,0
top,36553,2,2470727,2472139,181,2470783,16,0,1065101558,1194083328,2,4,10,10,28605,2098,2024,62,298,16420
top,187169,0,12109909,12111379,185,12110335,16,0,1065101558,1194083328,2,4,10,10,243615,18992,40223,9348,3037,20636
top,187169,1,12109909,12111501,185,12110335,16,0,1065101558,1194083328,2,1,0,0,31193,2724,2022,5610,0,0
top,187169,2,12109909,12111623,185,12110335,16,0,1065101558,1194083328,2,1,0,0,8334,2722,1957,212,0,0
top,140971,0,9153090,9154647,413,9153535,16,0,1065101558,1194083328,2,4,10,10,289147,21297,39970,12045,3032,27688
top,140971,1,9153509,9154923,419,9153535,16,0,1065101558,1194083328,2,1,0,0,26588,2247,2018,2915,0,0
top,140971,2,9153509,9155199,419,9153535,16,0,1065101558,1194083328,2,1,0,0,20538,14991,1950,194,0,0
top,154381,0,10011585,10012938,181,10011775,16,0,1065101558,1194083328,2,4,10,10,272585,21245,41255,12061,3391,26745
top,154381,1,10011585,10013058,181,10011775,16,0,1065101558,1194083328,2,1,0,0,33513,5020,2204,2934,0,0
top,154381,2,10011766,10013179,181,10011775,16,0,1065101558,1194083328,2,1,0,0,7626,2077,1992,205,0,0
top,130955,0,8512143,8513612,248,8512639,16,0,1065101558,1194083328,2,4,10,10,259843,19540,43477,12045,3015,22992
top,130955,1,8512379,8513771,236,8512639,16,0,1065101558,1194083328,2,1,0,0,24556,3412,2034,2934,0,0
top,130955,2,8512379,8513930,236,8512639,16,0,1065101558,1194083328,2,1,0,0,8951,3101,1958,204,0,0
top,54492,0,3618679,3620045,155,3619327,16,0,1065101558,1194083328,2,4,10,10,260443,18481,36376,12017,3025,26006
top,54492,1,3618679,3620155,155,3619327,16,0,1065101558,1194083328,2,1,0,0,24319,2158,1330,2929,0,0
top,54492,2,3618679,3620266,155,3619327,16,0,1065101558,1194083328,2,1,0,0,7081,2098,1286,207,0,0
top,109590,0,7144844,7146258,571,7144831,16,0,1065101558,1194083328,2,4,10,10,280139,21167,37998,13628,4149,25926
top,109590,1,7145025,7146378,181,7145215,16,0,1065101558,1194083328,2,4,10,10,27995,2428,2115,104,292,16192
top,109590,2,7145025,7146499,181,7145215,16,0,1065101558,1194083328,2,1,0,0,24635,2210,2061,2930,0,0
miss,185,0,143063,144396,215,143743,16,0,1065101558,1194083328,2,4,10,10,261519,21777,36489,10920,4131,23380
miss,185,1,143063,144537,215,143743,16,0,1065101558,1194083328,2,1,0,0,25282,2906,1278,2937,0,0
miss,185,2,143274,144679,211,143743,16,0,1065101558,1194083328,2,1,0,0,7424,2686,1270,201,0,0
miss,707,0,176395,177749,194,176767,16,0,1065101558,1194083328,2,4,10,10,263353,22007,37240,10892,4157,20612
miss,707,1,176395,177882,194,176767,16,0,1065101558,1194083328,2,1,0,0,29611,3351,2041,5621,0,0
miss,707,2,176592,178016,197,176767,16,0,1065101558,1194083328,2,1,0,0,8843,3066,1969,193,0,0
miss,875,0,187211,188549,203,187903,16,0,1065101558,1194083328,2,4,10,10,242593,17076,39617,10920,3001,26216
miss,875,1,187211,188684,203,187903,16,0,1065101558,1194083328,2,1,0,0,20631,3435,1547,5616,0,0
miss,875,2,187409,188818,198,187903,16,0,1065101558,1194083328,2,1,0,0,8213,3327,1482,202,0,0
miss,1193,0,207404,208840,573,207487,16,0,1065101558,1194083328,2,4,10,10,164849,6827,22151,7056,1459,23216
miss,1193,1,207643,208976,239,207487,16,0,1065101558,1194083328,2,1,0,0,15351,3883,3005,236,0,0
miss,1193,2,207643,209113,239,207487,16,0,1065101558,1194083328,2,1,0,0,10772,3634,2934,197,0,0
miss,1289,0,213642,214971,230,214015,16,0,1065101558,1194083328,2,4,10,10,236941,14793,37798,4348,2994,23316
miss,1289,1,213642,215128,230,214015,16,0,1065101558,1194083328,2,1,0,0,27876,3917,2211,5618,0,0
miss,1289,2,213864,215284,222,214015,16,0,1065101558,1194083328,2,1,0,0,9701,3685,2180,203,0,0
miss,3479,0,353746,355219,182,353791,16,0,1065101558,1194083328,2,4,10,10,262895,21197,43377,8210,3011,23464
miss,3479,1,353927,355339,181,353791,16,0,1065101558,1194083328,2,1,0,0,31439,2349,2774,5608,0,0
miss,3479,2,353927,355459,181,353791,16,0,1065101558,1194083328,2,1,0,0,8236,2082,2663,207,0,0
miss,6606,0,553650,555207,412,553855,16,0,1065101558,1194083328,2,4,10,10,276687,26168,40809,17287,3404,23692
miss,6606,1,554067,555483,417,554239,16,0,1065101558,1194083328,2,4,10,10,31618,2275,2038,92,276,16046
miss,6606,2,554067,555759,417,554239,16,0,1065101558,1194083328,2,1,0,0,24517,2157,2064,2932,0,0
miss,6953,0,576223,577575,180,576895,16,0,1065101558,1194083328,2,4,10,10,259559,16272,41865,10910,3010,23444
miss,6953,1,576223,577694,180,576895,16,0,1065101558,1194083328,2,1,0,0,27417,2726,1314,5620,0,0
miss,6953,2,576403,577814,180,576895,16,0,1065101558,1194083328,2,1,0,0,7260,2519,1283,202,0,0
miss,8011,0,643909,645257,185,644479,16,0,1065101558,1194083328,2,4,10,10,275709,19044,41768,16210,3046,25008
miss,8011,1,643909,645379,185,644479,16,0,1065101558,1194083328,2,1,0,0,28173,2906,1490,5607,0,0
miss,8011,2,644094,645501,185,644479,16,0,1065101558,1194083328,2,1,0,0,7298,2618,1270,205,0,0
miss,8300,0,662439,663773,236,662911,16,0,1065101558,1194083328,2,4,10,10,252031,19349,42793,10918,4136,23250
miss,8300,1,662439,663932,236,662911,16,0,1065101558,1194083328,2,1,0,0,25513,3282,1316,5608,0,0
miss,8300,2,662675,664090,236,662911,16,0,1065101558,1194083328,2,1,0,0,8241,3336,1294,207,0,0
miss,8994,0,706762,708149,159,706687,16,0,1065101558,1194083328,2,4,10,10,224715,14746,35840,10920,4153,19704
miss,8994,1,706921,708254,158,707071,16,0,1065101558,1194083328,2,4,10,10,29010,3957,2261,87,272,16080
miss,8994,2,706921,708360,158,707071,16,0,1065101558,1194083328,2,1,0,0,28925,3877,2259,5630,0,0
miss,9703,0,752136,753596,171,752767,16,0,1065101558,1194083328,2,4,10,10,259007,18329,40254,10900,3025,19564
miss,9703,1,752305,753707,169,752767,16,0,1065101558,1194083328,2,1,0,0,29395,2269,1355,5612,0,0
miss,9703,2,752305,753817,169,752767,16,0,1065101558,1194083328,2,1,0,0,6679,1983,1260,200,0,0
miss,9983,0,769964,771375,227,769663,16,0,1065101558,1194083328,2,4,10,10,240565,14497,34818,10892,3417,23246
miss,9983,1,770206,771527,233,769663,16,0,1065101558,1194083328,2,1,0,0,25610,6685,2334,5620,0,0
miss,9983,2,770206,771678,233,769663,16,0,1065101558,1194083328,2,1,0,0,10163,3742,2260,204,0,0
miss,10519,0,804284,805695,201,804991,16,0,1065101558,1194083328,2,4,10,10,254379,13921,39382,10900,4164,31972
miss,10519,1,804474,805829,201,804991,16,0,1065101558,1194083328,2,1,0,0,34601,8794,1330,5612,0,0
miss,10519,2,804474,805964,201,804991,16,0,1065101558,1194083328,2,1,0,0,8408,3129,1255,195,0,0
miss,10809,0,822942,824301,178,823423,16,0,1065101558,1194083328,2,4,10,10,257857,17359,40014,13592,3008,23152
miss,10809,1,822942,824428,178,823423,16,0,1065101558,1194083328,2,1,0,0,23703,3733,1500,2943,0,0
miss,10809,2,823120,824554,178,823423,16,0,1065101558,1194083328,2,1,0,0,8530,3533,1460,203,0,0
miss,11328,0,856212,857588,263,856447,16,0,1065101558,1194083328,2,4,10,10,248215,19407,37197,10928,5760,20394
miss,11328,1,856212,857766,263,856447,16,0,1065101558,1194083328,2,1,0,0,26068,3251,2012,2928,0,0
miss,11747,0,882973,884329,210,882943,16,0,1065101558,1194083328,2,4,10,10,258533,18915,40656,8166,3394,20816
miss,11747,1,882973,884468,210,882943,16,0,1065101558,1194083328,2,1,0,0,26830,2754,2734,5608,0,0
miss,11747,2,883183,884608,210,883327,16,0,1065101558,1194083328,2,4,10,10,29107,2502,2037,68,1413,16300
miss,12449,0,927836,929296,192,928255,16,0,1065101558,1194083328,2,4,10,10,252911,16398,34770,11154,4173,25962
miss,12449,1,927836,929416,192,928255,16,0,1065101558,1194083328,2,1,0,0,28671,2968,2028,5600,0,0
miss,12449,2,927836,929537,192,928255,16,0,1065101558,1194083328,2,1,0,0,8125,2739,1961,204,0,0
miss,13620,0,1002764,1004175,222,1003519,16,0,1065101558,1194083328,2,4,10,10,243890,3314,41540,10874,3031,23208
miss,13620,1,1002764,1004323,222,1003519,16,0,1065101558,1194083328,2,1,0,0,26279,775,1310,5620,0,0
miss,13620,2,1002764,1004471,222,1003519,16,0,1065101558,1194083328,2,1,0,0,5678,701,1229,184,0,0
miss,15060,0,1094710,1096401,266,1095295,16,0,1065101558,1194083328,2,4,10,10,264913,18140,42456,6616,3038,25916
miss,15060,1,1094710,1096583,266,1095295,16,0,1065101558,1194083328,2,1,0,0,28023,2148,2008,5617,0,0
miss,15678,0,1134442,1135942,170,1134079,16,0,1065101558,1194083328,2,4,10,10,179097,14768,25310,8173,3024,17996
miss,15678,1,1134623,1136056,181,1134847,16,0,1065101558,1194083328,2,4,10,10,28950,3851,2334,84,261,16042
miss,15678,2,1134623,1136170,181,1134847,16,0,1065101558,1194083328,2,1,0,0,23357,3779,2292,5621,0,0
miss,15819,0,1143611,1144953,378,1143679,16,0,1065101558,1194083328,2,4,10,10,246005,19602,32023,9330,3057,23180
miss,15819,1,1143611,1145239,378,1143679,16,0,1065101558,1194083328,2,1,0,0,26948,3423,2061,2941,0,0
miss,15894,0,1148382,1149732,177,1149055,16,0,1065101558,1194083328,2,4,10,10,225965,19151,25999,6648,3024,18346
miss,15894,1,1148382,1149849,177,1149055,16,0,1065101558,1194083328,2,1,0,0,23403,3170,1556,5614,0,0
miss,15894,2,1148558,1149966,176,1149055,16,0,1065101558,1194083328,2,1,0,0,8243,2871,1497,203,0,0
miss,16723,0,1201463,1202796,215,1202047,16,0,1065101558,1194083328,2,4,10,10,259885,16258,36713,9342,2993,26158
miss,16723,1,1201463,1202937,215,1202047,16,0,1065101558,1194083328,2,1,0,0,31091,2955,4009,5641,0,0
miss,16723,2,1201674,1203079,211,1202047,16,0,1065101558,1194083328,2,1,0,0,7702,2702,1263,208,0,0
miss,17244,0,1234795,1236149,194,1235455,16,0,1065101558,1194083328,2,4,10,10,246549,14144,34103,9337,3004,23356
miss,17244,1,1234795,1236282,194,1235455,16,0,1065101558,1194083328,2,1,0,0,28514,3281,1324,5600,0,0
miss,17244,2,1234992,1236416,197,1235455,16,0,1065101558,1194083328,2,1,0,0,7943,3047,1257,203,0,0
miss,17413,0,1245611,1246949,203,1246207,16,0,1065101558,1194083328,2,4,10,10,237543,16831,31601,9309,3029,18634
miss,17413,1,1245611,1247084,203,1246207,16,0,1065101558,1194083328,2,1,0,0,32175,3387,4018,5607,0,0
miss,17413,2,1245809,1247218,198,1246207,16,0,1065101558,1194083328,2,1,0,0,8808,3378,1526,212,0,0
miss,17731,0,1265804,1267326,573,1265791,16,0,1065101558,1194083328,2,4,10,10,191201,14930,14179,6643,5634,38666
miss,17731,1,1266043,1267471,216,1266175,16,0,1065101558,1194083328,2,4,10,10,29407,3920,2347,84,292,16156
miss,17731,2,1266236,1267617,193,1266175,16,0,1065101558,1194083328,2,1,0,0,17992,3845,2331,2920,0,0
miss,17825,0,1272042,1273371,230,1272703,16,0,1065101558,1194083328,2,4,10,10,220913,11920,34627,9343,3009,26270
miss,17825,1,1272042,1273528,230,1272703,16,0,1065101558,1194083328,2,1,0,0,26675,3874,1518,5633,0,0
miss,17825,2,1272264,1273684,222,1272703,16,0,1065101558,1194083328,2,1,0,0,9010,3846,1506,209,0,0
miss,20015,0,1412146,1413498,182,1412095,16,0,1065101558,1194083328,2,4,10,10,273383,18315,40672,9301,3370,26142
miss,20015,1,1412146,1413619,182,1412095,16,0,1065101558,1194083328,2,1,0,0,28935,2343,2728,5616,0,0
miss,20015,2,1412327,1413739,181,1412479,16,0,1065101558,1194083328,2,4,10,10,25727,2049,2000,68,283,16062
miss,23142,0,1612050,1613608,406,1612543,16,0,1065101558,1194083328,2,4,10,10,277545,21134,39807,12024,4540,26124
miss,23142,1,1612050,1613885,406,1612543,16,0,1065101558,1194083328,2,1,0,0,26155,2167,2020,2917,0,0
miss,23142,2,1612050,1614161,406,1612543,16,0,1065101558,1194083328,2,1,0,0,7395,1947,1937,188,0,0
miss,23490,0,1634444,1635855,179,1635199,16,0,1065101558,1194083328,2,4,10,10,261655,15895,36854,9343,3418,23130
miss,23490,1,1634444,1635975,179,1635199,16,0,1065101558,1194083328,2,1,0,0,31055,8138,1308,5624,0,0
miss,23490,2,1634444,1636094,179,1635199,16,0,1065101558,1194083328,2,1,0,0,7815,2508,1264,195,0,0
miss,24548,0,1702309,1703657,185,1702783,16,0,1065101558,1194083328,2,4,10,10,261919,32107,40430,12019,4145,23234
miss,24548,1,1702309,1703779,185,1702783,16,0,1065101558,1194083328,2,1,0,0,22281,2849,1344,2921,0,0
miss,24548,2,1702494,1703901,185,1702783,16,0,1065101558,1194083328,2,1,0,0,7426,2631,1245,193,0,0
miss,24839,0,1720839,1722173,235,1721215,16,0,1065101558,1194083328,2,4,10,10,248167,19420,39989,12024,3038,26150
miss,24839,1,1720839,1722332,235,1721215,16,0,1065101558,1194083328,2,1,0,0,21925,3394,2030,2933,0,0
miss,24839,2,1720839,1722490,235,1721215,16,0,1065101558,1194083328,2,1,0,0,9190,3153,1983,204,0,0
miss,25531,0,1765162,1766549,159,1764991,16,0,1065101558,1194083328,2,4,10,10,261363,14737,41376,9338,11357,23468
miss,25531,1,1765321,1766654,158,1765375,16,0,1065101558,1194083328,2,4,10,10,38471,10681,2393,87,300,16090
miss,25531,2,1765321,1766760,158,1765375,16,0,1065101558,1194083328,2,1,0,0,20643,3891,2230,2929,0,0
miss,26239,0,1810536,1811886,171,1811071,16,0,1065101558,1194083328,2,4,10,10,261120,18460,39751,9366,3046,23342
miss,26239,1,1810536,1811996,171,1811071,16,0,1065101558,1194083328,2,1,0,0,21555,2215,1330,2928,0,0
miss,26239,2,1810705,1812107,169,1811071,16,0,1065101558,1194083328,2,1,0,0,7552,2606,1248,205,0,0
miss,26520,0,1828364,1829775,227,1827967,16,0,1065101558,1194083328,2,4,10,10,229801,14498,34926,6619,2998,20670
miss,26520,1,1828606,1829927,233,1829119,16,0,1065101558,1194083328,2,4,10,10,35038,9490,1629,93,287,16472
miss,26520,2,1828606,1830078,233,1829119,16,0,1065101558,1194083328,2,1,0,0,25753,3843,1620,5612,0,0
miss,27059,0,1862874,1864363,190,1863295,16,0,1065101558,1194083328,2,4,10,10,248927,22171,40046,9348,3052,26012
miss,27059,1,1862874,1864498,190,1863295,16,0,1065101558,1194083328,2,1,0,0,28624,3281,2037,5602,0,0
miss,27059,2,1862874,1864632,190,1863295,16,0,1065101558,1194083328,2,1,0,0,9301,3649,1951,209,0,0
miss,27347,0,1881342,1882701,178,1881727,16,0,1065101558,1194083328,2,4,10,10,228435,22647,37403,9337,3024,20338
miss,27347,1,1881342,1882827,178,1881727,16,0,1065101558,1194083328,2,1,0,0,27409,3741,2186,5604,0,0
miss,27347,2,1881342,1882952,178,1881727,16,0,1065101558,1194083328,2,1,0,0,9525,3505,2086,196,0,0
miss,27864,0,1914349,1915811,284,1914751,16,0,1065101558,1194083328,2,4,10,10,236652,19291,26380,9322,3034,23364
miss,27864,1,1914612,1915988,263,1914751,16,0,1065101558,1194083328,2,1,0,0,29491,3244,2020,5616,0,0
miss,27864,2,1914612,1916166,263,1914751,16,0,1065101558,1194083328,2,1,0,0,11880,6219,1941,202,0,0
miss,28283,0,1941164,1942590,585,1941247,16,0,1065101558,1194083328,2,4,10,10,259079,19034,37928,9320,3026,23168
miss,28283,1,1941373,1942729,210,1941247,16,0,1065101558,1194083328,2,1,0,0,27351,2802,2726,5626,0,0
miss,28283,2,1941373,1942868,210,1941247,16,0,1065101558,1194083328,2,1,0,0,9272,2517,2632,198,0,0
miss,28985,0,1986236,1987575,182,1986943,16,0,1065101558,1194083328,2,4,10,10,254021,21767,34003,6647,3015,19703
miss,28985,1,1986236,1987696,182,1986943,16,0,1065101558,1194083328,2,1,0,0,25567,3045,1312,5618,0,0
miss,28985,2,1986407,1987816,171,1986943,16,0,1065101558,1194083328,2,1,0,0,7708,2821,1271,206,0,0
miss,30158,0,2061164,2062575,229,2061823,16,0,1065101558,1194083328,2,4,10,10,256929,15439,36948,12055,3023,25225
miss,30158,1,2061393,2062725,231,2061823,16,0,1065101558,1194083328,2,1,0,0,31090,7682,1356,2916,0,0
miss,30158,2,2061393,2062875,231,2061823,16,0,1065101558,1194083328,2,1,0,0,7584,2066,1251,203,0,0
miss,31596,0,2153110,2154619,269,2153599,16,0,1065101558,1194083328,2,4,10,10,261465,21245,40847,9309,3042,26110
miss,31596,1,2153382,2154802,272,2153599,16,0,1065101558,1194083328,2,1,0,0,28950,2255,2026,5609,0,0
miss,31596,2,2153382,2154984,272,2153599,16,0,1065101558,1194083328,2,1,0,0,7950,2029,1955,209,0,0
miss,32214,0,2192842,2194224,170,2192383,16,0,1065101558,1194083328,2,4,10,10,155463,9515,13348,3919,4170,23524
miss,32214,1,2192842,2194338,170,2192383,16,0,1065101558,1194083328,2,1,0,0,16745,3935,2350,230,0,0
miss,32214,2,2193023,2194452,181,2193535,16,0,1065101558,1194083328,2,4,10,10,30200,3644,1587,68,274,16440
miss,32357,0,2202011,2203416,378,2201983,16,0,1065101558,1194083328,2,4,10,10,246529,14366,35158,10694,3427,26008
miss,32357,1,2202011,2203724,378,2201983,16,0,1065101558,1194083328,2,1,0,0,27186,3503,2717,5621,0,0
miss,32430,0,2206604,2208015,175,2207359,16,0,1065101558,1194083328,2,4,10,10,209567,13626,23399,11862,3399,23732
miss,32430,1,2206782,2208132,177,2207359,16,0,1065101558,1194083328,2,1,0,0,26257,8524,1546,5617,0,0
miss,32430,2,2206782,2208249,177,2207359,16,0,1065101558,1194083328,2,1,0,0,8375,2837,1473,196,0,0
miss,32430,3,2206958,2208366,176,2207359,16,0,1065101558,1194083328,2,1,0,0,7766,2816,1458,179,0,0
miss,33260,0,2259863,2261196,215,2260351,16,0,1065101558,1194083328,2,4,10,10,256689,21874,36466,9361,3021,23892
miss,33260,1,2259863,2261337,215,2260351,16,0,1065101558,1194083328,2,1,0,0,25471,2833,1321,2932,0,0
miss,33260,2,2260074,2261479,211,2260351,16,0,1065101558,1194083328,2,1,0,0,7830,2861,1301,212,0,0
miss,33780,0,2293004,2294415,200,2293759,16,0,1065101558,1194083328,2,4,10,10,246515,16520,36390,9309,2991,23400
miss,33780,1,2293195,2294549,194,2293759,16,0,1065101558,1194083328,2,1,0,0,31665,8750,1332,5614,0,0
miss,33780,2,2293195,2294682,194,2293759,16,0,1065101558,1194083328,2,1,0,0,8240,3028,1251,192,0,0
miss,33949,0,2303804,2305215,201,2304511,16,0,1065101558,1194083328,2,4,10,10,212365,11317,26901,9301,3006,20530
miss,33949,1,2304011,2305349,203,2304511,16,0,1065101558,1194083328,2,1,0,0,32126,8790,1567,5614,0,0
miss,33949,2,2304011,2305484,203,2304511,16,0,1065101558,1194083328,2,1,0,0,8857,3184,1486,193,0,0
miss,34268,0,2324204,2325640,573,2324095,16,0,1065101558,1194083328,2,4,10,10,159629,6795,22442,2808,3054,20454
miss,34268,1,2324443,2325776,239,2324479,16,0,1065101558,1194083328,2,4,10,10,29910,3929,2363,87,286,15972
miss,34268,2,2324443,2325912,239,2324479,16,0,1065101558,1194083328,2,1,0,0,13397,3799,2311,228,0,0
miss,34363,0,2330442,2331771,230,2331007,16,0,1065101558,1194083328,2,4,10,10,234489,20231,31375,6611,3004,18526
miss,34363,1,2330442,2331928,230,2331007,16,0,1065101558,1194083328,2,1,0,0,29530,3938,1571,5643,0,0
miss,34363,2,2330664,2332084,222,2331007,16,0,1065101558,1194083328,2,1,0,0,8928,3703,1513,202,0,0
miss,36553,0,2470546,2471898,182,2470399,16,0,1065101558,1194083328,2,4,10,10,279849,18563,40733,12035,3038,31432
miss,36553,1,2470546,2472019,182,2470399,16,0,1065101558,1194083328,2,1,0,0,27994,2328,4499,2934,0,0
miss,36553,2,2470727,2472139,181,2470783,16,0,1065101558,1194083328,2,4,10,10,28605,2098,2024,62,298,16420
miss,39680,0,2670450,2672007,412,2670847,16,0,1065101558,1194083328,2,4,10,10,272473,21260,39865,10920,3027,25938
miss,39680,1,2670867,2672283,417,2670847,16,0,1065101558,1194083328,2,1,0,0,32125,2191,2044,7991,0,0
miss,39680,2,2670867,2672559,417,2670847,16,0,1065101558,1194083328,2,1,0,0,7861,2182,2006,213,0,0
miss,40028,0,2693023,2694375,180,2693503,16,0,1065101558,1194083328,2,4,10,10,259203,18946,39590,10882,3027,20690
miss,40028,1,2693023,2694494,180,2693503,16,0,1065101558,1194083328,2,1,0,0,27581,2754,1336,5618,0,0
miss,40028,2,2693203,2694614,180,2693503,16,0,1065101558,1194083328,2,1,0,0,7308,2449,1256,207,0,0
miss,41087,0,2760709,2762057,185,2761087,16,0,1065101558,1194083328,2,4,10,10,244781,13667,37953,10874,3000,20846
miss,41087,1,2760709,2762179,185,2761087,16,0,1065101558,1194083328,2,1,0,0,26413,2784,2030,5619,0,0
miss,41087,2,2760894,2762301,185,2761087,16,0,1065101558,1194083328,2,1,0,0,14305,2590,4435,203,0,0
miss,41375,0,2779239,2780573,235,2779903,16,0,1065101558,1194083328,2,4,10,10,243499,16957,33745,9341,3013,20508
miss,41375,1,2779239,2780732,235,2779903,16,0,1065101558,1194083328,2,1,0,0,25946,3275,1310,2937,0,0
miss,41375,2,2779239,2780890,235,2779903,16,0,1065101558,1194083328,2,1,0,0,10907,3277,1300,202,0,0
miss,42069,0,2823562,2824949,159,2823679,16,0,1065101558,1194083328,2,4,10,10,219015,12154,22169,12014,3024,20780
miss,42069,1,2823721,2825054,158,2823679,16,0,1065101558,1194083328,2,1,0,0,27486,3877,2297,2924,0,0
miss,42069,2,2823721,2825160,158,2823679,16,0,1065101558,1194083328,2,1,0,0,10002,3856,2266,202,0,0
miss,43310,0,2902864,2904380,267,2903167,16,0,1065101558,1194083328,2,4,10,10,254471,21211,39861,8218,3028,23332
miss,43310,1,2903137,2904562,273,2903167,16,0,1065101558,1194083328,2,1,0,0,28388,2263,2031,5628,0,0
miss,43310,2,2903137,2904744,273,2903167,16,0,1065101558,1194083328,2,1,0,0,7561,2005,1959,205,0,0
miss,43928,0,2942620,2943945,175,2942335,16,0,1065101558,1194083328,2,4,10,10,182199,10027,29087,9347,3043,23506
miss,43928,1,2942620,2944057,175,2942335,16,0,1065101558,1194083328,2,1,0,0,19200,3877,2363,5620,0,0
miss,43928,2,2942794,2944170,174,2943103,16,0,1065101558,1194083328,2,4,10,10,29654,3694,1600,1628,295,16151
miss,44071,0,2951770,2953062,377,2951935,16,0,1065101558,1194083328,2,4,10,10,253205,22520,34700,14551,3506,28120
miss,44071,1,2951770,2953331,377,2951935,16,0,1065101558,1194083328,2,1,0,0,30057,3515,2076,5607,0,0
miss,44071,2,2951770,2953600,377,2951935,16,0,1065101558,1194083328,2,1,0,0,8780,3263,1971,202,0,0
miss,44147,0,2956539,2958009,175,2956927,16,0,1065101558,1194083328,2,4,10,10,237077,22487,38269,10956,3036,23160
miss,44147,1,2956539,2958126,175,2956927,16,0,1065101558,1194083328,2,1,0,0,20569,3071,2278,2926,0,0
miss,44147,2,2956539,2958243,175,2956927,16,0,1065101558,1194083328,2,1,0,0,8616,2896,2176,207,0,0
miss,44975,0,3009621,3010956,213,3010303,16,0,1065101558,1194083328,2,4,10,10,256651,19024,33811,10918,3032,26163
miss,44975,1,3009621,3011097,213,3010303,16,0,1065101558,1194083328,2,1,0,0,27951,2773,1334,5622,0,0
miss,44975,2,3009830,3011239,209,3010303,16,0,1065101558,1194083328,2,1,0,0,10055,2573,1260,208,0,0
miss,45497,0,3043004,3044309,220,3043327,16,0,1065101558,1194083328,2,4,10,10,241835,19623,31770,10864,3015,25898
miss,45497,1,3043004,3044442,220,3043327,16,0,1065101558,1194083328,2,1,0,0,29648,3214,2008,5620,0,0
miss,45497,2,3043204,3044576,200,3043327,16,0,1065101558,1194083328,2,1,0,0,11786,3167,1940,192,0,0
miss,45666,0,3053765,3055110,200,3054463,16,0,1065101558,1194083328,2,4,10,10,221537,14267,40471,9327,3024,20648
miss,45666,1,3053765,3055244,200,3054463,16,0,1065101558,1194083328,2,1,0,0,24002,3224,1554,8113,0,0
miss,45666,2,3053964,3055379,199,3054463,16,0,1065101558,1194083328,2,1,0,0,11554,3224,1497,215,0,0
miss,46079,0,3080205,3081532,231,3080575,16,0,1065101558,1194083328,2,4,10,10,239801,14787,43074,10918,3025,23158
miss,46079,1,3080205,3081689,231,3080575,16,0,1065101558,1194083328,2,1,0,0,25351,3978,2195,2917,0,0
miss,46079,2,3080425,3081845,220,3080575,16,0,1065101558,1194083328,2,1,0,0,9693,3686,2094,192,0,0
miss,48270,0,3220305,3221775,181,3220351,16,0,1065101558,1194083328,2,4,10,10,268219,21232,41470,9303,3001,26296
miss,48270,1,3220485,3221896,180,3220351,16,0,1065101558,1194083328,2,1,0,0,29390,2418,2724,5612,0,0
miss,48270,2,3220665,3222016,180,3220735,16,0,1065101558,1194083328,2,4,10,10,26121,2100,2029,76,273,16038
miss,51395,0,3420223,3421768,419,3420415,16,0,1065101558,1194083328,2,4,10,10,277413,21083,37865,13602,3431,23488
miss,51395,1,3420223,3422044,419,3420415,16,0,1065101558,1194083328,2,1,0,0,27464,2352,2684,2957,0,0
miss,51395,2,3420223,3422321,419,3420415,16,0,1065101558,1194083328,2,1,0,0,8102,1918,2581,206,0,0
miss,51740,0,3442541,3443895,178,3443071,16,0,1065101558,1194083328,2,4,10,10,248017,16363,39020,9720,3021,23242
miss,51740,1,3442541,3444014,178,3443071,16,0,1065101558,1194083328,2,1,0,0,28001,2764,1332,5618,0,0
miss,51740,2,3442720,3444134,179,3443071,16,0,1065101558,1194083328,2,1,0,0,7484,2479,1267,197,0,0
miss,52620,0,3498660,3500207,136,3498751,16,0,1065101558,1194083328,2,4,10,10,193623,18639,30979,2784,3053,19260
miss,52620,1,3498660,3500306,136,3498751,16,0,1065101558,1194083328,2,1,0,0,30399,3723,2982,5610,0,0
miss,52655,0,3501164,3502490,109,3501055,16,0,1065101558,1194083328,2,4,10,10,182759,9443,30312,5508,3045,20214
miss,52655,1,3501164,3502563,109,3501055,16,0,1065101558,1194083328,2,1,0,0,19403,3834,3011,5605,0,0
miss,52655,2,3501164,3502636,109,3501055,16,0,1065101558,1194083328,2,1,0,0,10096,3597,2930,197,0,0
miss,52685,0,3503084,3504409,106,3502975,16,0,1065101558,1194083328,2,4,10,10,109515,6718,8758,2792,3037,20718
miss,52685,1,3503084,3504479,106,3502975,16,0,1065101558,1194083328,2,1,0,0,19352,3830,2997,5612,0,0
miss,52685,2,3503084,3504550,106,3502975,16,0,1065101558,1194083328,2,1,0,0,10048,3569,2929,195,0,0
miss,52800,0,3510284,3511695,183,3511039,16,0,1065101558,1194083328,2,4,10,10,238611,14172,39068,10866,3386,23318
miss,52800,1,3510469,3511817,185,3511039,16,0,1065101558,1194083328,2,1,0,0,32246,9137,1402,5624,0,0
miss,52800,2,3510469,3511939,185,3511039,16,0,1065101558,1194083328,2,1,0,0,8843,3482,1310,190,0,0
miss,53089,0,3528764,3530175,237,3529471,16,0,1065101558,1194083328,2,4,10,10,268999,30221,39651,11880,3003,22279
miss,53089,1,3529000,3530333,236,3529471,16,0,1065101558,1194083328,2,1,0,0,34645,8761,1342,5606,0,0
miss,53089,2,3529000,3530492,236,3529471,16,0,1065101558,1194083328,2,1,0,0,8438,3117,1258,197,0,0
miss,53779,0,3573081,3574428,158,3573247,16,0,1065101558,1194083328,2,4,10,10,253941,20224,35113,9916,3028,23560
miss,53779,1,3573081,3574533,158,3573247,16,0,1065101558,1194083328,2,1,0,0,29849,4026,2288,5608,0,0
miss,53779,2,3573239,3574638,158,3573247,16,0,1065101558,1194083328,2,1,0,0,9596,3765,2226,209,0,0
miss,54492,0,3618679,3620045,155,3619327,16,0,1065101558,1194083328,2,4,10,10,260443,18481,36376,12017,3025,26006
miss,54492,1,3618679,3620155,155,3619327,16,0,1065101558,1194083328,2,1,0,0,24319,2158,1330,2929,0,0
miss,54492,2,3618679,3620266,155,3619327,16,0,1065101558,1194083328,2,1,0,0,7081,2098,1286,207,0,0
miss,54767,0,3636167,3637680,295,3636223,16,0,1065101558,1194083328,2,4,10,10,244099,17445,43847,8236,4181,23390
miss,54767,1,3636167,3637856,295,3636223,16,0,1065101558,1194083328,2,1,0,0,25424,3905,2961,5609,0,0
miss,55310,0,3671035,3672390,201,3671551,16,0,1065101558,1194083328,2,4,10,10,268213,16895,39746,13600,4099,31428
miss,55310,1,3671035,3672525,201,3671551,16,0,1065101558,1194083328,2,1,0,0,25802,3309,1325,2929,0,0
miss,55310,2,3671245,3672659,210,3671551,16,0,1065101558,1194083328,2,1,0,0,7877,3061,1250,195,0,0
miss,55596,0,3689272,3690746,184,3689983,16,0,1065101558,1194083328,2,4,10,10,241341,14661,39580,9338,3024,27572
miss,55596,1,3689451,3690871,179,3689983,16,0,1065101558,1194083328,2,1,0,0,20476,3777,1520,5614,0,0
miss,55596,2,3689451,3690996,179,3689983,16,0,1065101558,1194083328,2,1,0,0,11281,3557,1440,192,0,0
miss,56117,0,3722469,3723973,265,3723007,16,0,1065101558,1194083328,2,4,10,10,269727,19473,42627,10920,3040,23322
miss,56117,1,3722469,3724153,265,3723007,16,0,1065101558,1194083328,2,1,0,0,29869,3309,1995,5663,0,0
miss,56117,2,3722469,3724332,265,3723007,16,0,1065101558,1194083328,2,1,0,0,8904,3036,1990,215,0,0
miss,56538,0,3749534,3751030,210,3749503,16,0,1065101558,1194083328,2,4,10,10,273589,21585,40624,9741,3014,25934
miss,56538,1,3749743,3751169,209,3749887,16,0,1065101558,1194083328,2,4,10,10,27371,2701,2141,84,311,16062
miss,56538,2,3749743,3751309,209,3749887,16,0,1065101558,1194083328,2,1,0,0,24665,2674,2044,5620,0,0
miss,57239,0,3794390,3795855,184,3794815,16,0,1065101558,1194083328,2,4,10,10,249533,19240,39847,14643,3386,23546
miss,57239,1,3794571,3795976,181,3794815,16,0,1065101558,1194083328,2,1,0,0,26019,3030,1998,2928,0,0
miss,57239,2,3794571,3796096,181,3794815,16,0,1065101558,1194083328,2,1,0,0,8240,2717,1963,201,0,0
miss,58410,0,3869324,3870735,227,3870079,16,0,1065101558,1194083328,2,4,10,10,247675,12821,36520,9321,3031,23052
miss,58410,1,3869551,3870885,229,3870079,16,0,1065101558,1194083328,2,1,0,0,33580,7817,1322,5622,0,0
miss,58410,2,3869551,3871036,229,3870079,16,0,1065101558,1194083328,2,1,0,0,7322,2049,1262,194,0,0
miss,59849,0,3961264,3962779,260,3961855,16,0,1065101558,1194083328,2,4,10,10,260581,18443,39948,9338,3042,20708
miss,59849,1,3961264,3962961,260,3961855,16,0,1065101558,1194083328,2,1,0,0,29005,2168,1980,5618,0,0
miss,59849,2,3961264,3963143,260,3961855,16,0,1065101558,1194083328,2,1,0,0,8039,1931,1969,198,0,0
miss,60467,0,4001020,4002494,176,4000639,16,0,1065101558,1194083328,2,4,10,10,162337,14743,16811,3919,4174,20732
miss,60467,1,4001020,4002608,176,4000639,16,0,1065101558,1194083328,2,1,0,0,16560,3754,3002,2911,0,0
miss,60467,2,4001020,4002721,176,4000639,16,0,1065101558,1194083328,2,1,0,0,10004,3581,2892,203,0,0
miss,60609,0,4010170,4011462,377,4010239,16,0,1065101558,1194083328,2,4,10,10,252573,17195,40302,9347,3054,26150
miss,60609,1,4010170,4011731,377,4010239,16,0,1065101558,1194083328,2,1,0,0,30554,6369,2062,2923,0,0
miss,60609,2,4010170,4012000,377,4010239,16,0,1065101558,1194083328,2,1,0,0,9020,3407,1972,209,0,0
miss,60684,0,4014939,4016292,177,4015615,16,0,1065101558,1194083328,2,4,10,10,233745,16837,34891,9343,3028,25832
miss,60684,1,4014939,4016410,177,4015615,16,0,1065101558,1194083328,2,1,0,0,25914,3004,1562,5618,0,0
miss,60684,2,4015117,4016527,178,4015615,16,0,1065101558,1194083328,2,1,0,0,8446,3038,1464,212,0,0
miss,61513,0,4068021,4069356,213,4068607,16,0,1065101558,1194083328,2,4,10,10,241601,13793,34257,8176,3009,20792
miss,61513,1,4068021,4069497,213,4068607,16,0,1065101558,1194083328,2,1,0,0,36127,2736,1311,5628,0,0
miss,61513,2,4068230,4069639,209,4068607,16,0,1065101558,1194083328,2,1,0,0,7730,2700,1284,214,0,0
miss,62034,0,4101404,4102709,220,4102015,16,0,1065101558,1194083328,2,4,10,10,247339,16920,42015,10910,3011,23548
miss,62034,1,4101404,4102842,220,4102015,16,0,1065101558,1194083328,2,1,0,0,23394,3270,1326,2916,0,0
miss,62034,2,4101604,4102976,200,4102015,16,0,1065101558,1194083328,2,1,0,0,7944,3040,1248,198,0,0
miss,62202,0,4112165,4113510,200,4112767,16,0,1065101558,1194083328,2,4,10,10,240511,17028,39345,10884,3009,23112
miss,62202,1,4112165,4113644,200,4112767,16,0,1065101558,1194083328,2,1,0,0,22934,3222,1550,5609,0,0
miss,62202,2,4112364,4113779,199,4112767,16,0,1065101558,1194083328,2,1,0,0,8088,3057,1456,193,0,0
miss,62615,0,4138605,4139932,231,4139263,16,0,1065101558,1194083328,2,4,10,10,240591,14871,36758,8192,6065,20602
miss,62615,1,4138605,4140089,231,4139263,16,0,1065101558,1194083328,2,1,0,0,26383,3933,1492,5601,0,0
miss,62615,2,4138825,4140245,220,4139263,16,0,1065101558,1194083328,2,1,0,0,8661,3679,1416,192,0,0
miss,64805,0,4278705,4280058,181,4278655,16,0,1065101558,1194083328,2,4,10,10,273877,21189,38023,12047,3014,28762
miss,64805,1,4278705,4280178,181,4278655,16,0,1065101558,1194083328,2,1,0,0,26311,2377,2719,2937,0,0
miss,64805,2,4278885,4280299,180,4279039,16,0,1065101558,1194083328,2,4,10,10,25839,2087,1986,71,281,16192
miss,67933,0,4478623,4480167,416,4479103,16,0,1065101558,1194083328,2,4,10,10,277185,21175,40635,13620,3028,26294
miss,67933,1,4479036,4480442,413,4479103,16,0,1065101558,1194083328,2,1,0,0,31821,2271,4300,2922,0,0
miss,67933,2,4479036,4480718,413,4479103,16,0,1065101558,1194083328,2,1,0,0,7690,2004,1950,199,0,0
miss,68279,0,4500941,4502414,178,4501375,16,0,1065101558,1194083328,2,4,10,10,257123,18980,39927,8210,4179,23262
miss,68279,1,4501120,4502534,179,4501375,16,0,1065101558,1194083328,2,1,0,0,28441,2694,2048,5602,0,0
miss,68279,2,4501120,4502653,179,4501375,16,0,1065101558,1194083328,2,1,0,0,7964,2436,1958,201,0,0
miss,69155,0,4557060,4558522,145,4557055,16,0,1065101558,1194083328,2,4,10,10,202749,12160,27622,6650,3021,23494
miss,69155,1,4557213,4558615,151,4557055,16,0,1065101558,1194083328,2,1,0,0,22056,3905,2992,2916,0,0
miss,69155,2,4557362,4558708,149,4557439,16,0,1065101558,1194083328,2,4,10,10,27370,3691,2252,66,281,15918
miss,69192,0,4559564,4560890,109,4559743,16,0,1065101558,1194083328,2,4,10,10,160471,12158,17129,8183,3055,17664
miss,69192,1,4559564,4560963,109,4559743,16,0,1065101558,1194083328,2,1,0,0,23692,3788,2303,5610,0,0
miss,69192,2,4559564,4561036,109,4559743,16,0,1065101558,1194083328,2,1,0,0,12069,3539,2257,189,0,0
miss,69223,0,4561484,4562811,524,4561663,16,0,1065101558,1194083328,2,4,10,10,157963,9561,11303,2820,3022,20654
miss,69223,1,4561484,4562882,524,4561663,16,0,1065101558,1194083328,2,1,0,0,38872,3918,2376,8258,0,0
miss,69223,2,4561484,4562953,524,4561663,16,0,1065101558,1194083328,2,1,0,0,16350,3642,2279,193,0,0
miss,69223,3,4561602,4563023,102,4561663,16,0,1065101558,1194083328,2,1,0,0,9726,3837,2290,195,0,0
miss,69338,0,4568869,4570217,185,4569343,16,0,1065101558,1194083328,2,4,10,10,237587,19949,33778,8192,3004,22938
miss,69338,1,4568869,4570339,185,4569343,16,0,1065101558,1194083328,2,1,0,0,20445,3680,1396,5608,0,0
miss,69338,2,4569054,4570461,185,4569343,16,0,1065101558,1194083328,2,1,0,0,8407,3473,1342,197,0,0
miss,69629,0,4587400,4588734,236,4587775,16,0,1065101558,1194083328,2,4,10,10,277563,22306,40043,13592,4118,25916
miss,69629,1,4587400,4588892,236,4587775,16,0,1065101558,1194083328,2,1,0,0,22687,3370,2026,2932,0,0
miss,69629,2,4587636,4589051,236,4587775,16,0,1065101558,1194083328,2,1,0,0,9214,3237,1943,200,0,0
miss,70320,0,4631639,4633051,158,4631551,16,0,1065101558,1194083328,2,4,10,10,205545,9509,32853,10892,3025,23048
miss,70320,1,4631797,4633156,158,4631935,16,0,1065101558,1194083328,2,4,10,10,28781,3943,2287,108,275,15984
miss,70320,2,4631797,4633262,158,4631935,16,0,1065101558,1194083328,2,1,0,0,20719,3900,2274,5617,0,0
miss,71029,0,4677079,4678446,170,4677631,16,0,1065101558,1194083328,2,4,10,10,275131,21163,36894,12037,3028,25398
miss,71029,1,4677079,4678556,170,4677631,16,0,1065101558,1194083328,2,1,0,0,24337,2283,1330,2942,0,0
miss,71029,2,4677263,4678667,184,4677631,16,0,1065101558,1194083328,2,1,0,0,6889,2059,1258,200,0,0
miss,71303,0,4694567,4695904,295,4694527,16,0,1065101558,1194083328,2,4,10,10,246929,17480,38650,5482,3039,22986
miss,71303,1,4694567,4696080,295,4694527,16,0,1065101558,1194083328,2,1,0,0,31411,3837,2995,5616,0,0
miss,71303,2,4694567,4696256,295,4694527,16,0,1065101558,1194083328,2,1,0,0,10503,3625,2901,199,0,0
miss,71849,0,4729435,4730924,191,4729855,16,0,1065101558,1194083328,2,4,10,10,251913,19427,34644,10884,3048,24818
miss,71849,1,4729435,4731059,191,4729855,16,0,1065101558,1194083328,2,1,0,0,28730,3257,2074,5614,0,0
miss,71849,2,4729435,4731194,191,4729855,16,0,1065101558,1194083328,2,1,0,0,8479,3039,1928,197,0,0
miss,72132,0,4747672,4749020,188,4748287,16,0,1065101558,1194083328,2,4,10,10,227561,20020,36809,13628,4117,20588
miss,72132,1,4747672,4749144,188,4748287,16,0,1065101558,1194083328,2,1,0,0,20634,3632,1516,2921,0,0
miss,72132,2,4747672,4749269,188,4748287,16,0,1065101558,1194083328,2,1,0,0,11227,3511,1427,196,0,0
miss,72654,0,4780869,4782374,265,4781311,16,0,1065101558,1194083328,2,4,10,10,280671,19677,50899,10892,7073,23398
miss,72654,1,4781133,4782554,264,4781311,16,0,1065101558,1194083328,2,1,0,0,29491,3310,2034,5622,0,0
miss,72654,2,4781133,4782733,264,4781311,16,0,1065101558,1194083328,2,1,0,0,8533,3079,1952,197,0,0
miss,73074,0,4807934,4809290,210,4807807,16,0,1065101558,1194083328,2,4,10,10,257879,21667,41132,9307,3010,23238
miss,73074,1,4807934,4809430,210,4807807,16,0,1065101558,1194083328,2,1,0,0,29171,2689,2719,5615,0,0
miss,73074,2,4808143,4809569,209,4808191,16,0,1065101558,1194083328,2,4,10,10,26699,2669,2036,77,281,16450
miss,73775,0,4852790,4854135,184,4853503,16,0,1065101558,1194083328,2,4,10,10,251273,19344,39051,8176,5824,23444
miss,73775,1,4852790,4854255,184,4853503,16,0,1065101558,1194083328,2,1,0,0,25675,3033,1320,5624,0,0
miss,73775,2,4852971,4854376,181,4853503,16,0,1065101558,1194083328,2,1,0,0,7767,2755,1251,191,0,0
miss,74949,0,4927951,4929285,229,4928383,16,0,1065101558,1194083328,2,4,10,10,261049,15925,39222,12019,3022,23198
miss,74949,1,4927951,4929436,229,4928383,16,0,1065101558,1194083328,2,1,0,0,25064,2350,1325,2929,0,0
miss,74949,2,4928182,4929586,231,4928383,16,0,1065101558,1194083328,2,1,0,0,6890,2056,1265,208,0,0
miss,76385,0,5019664,5021179,260,5020159,16,0,1065101558,1194083328,2,4,10,10,265155,21151,39874,12015,3037,23532
miss,76385,1,5019664,5021361,260,5020159,16,0,1065101558,1194083328,2,1,0,0,28393,2085,2006,2926,0,0
miss,76385,2,5019664,5021543,260,5020159,16,0,1065101558,1194083328,2,1,0,0,7782,2101,1972,217,0,0
miss,77003,0,5059420,5060781,176,5058943,16,0,1065101558,1194083328,2,4,10,10,146439,12211,5247,3955,4181,23074
miss,77003,1,5059420,5060894,176,5058943,16,0,1065101558,1194083328,2,1,0,0,15960,3747,2286,2916,0,0
miss,77003,2,5059420,5061008,176,5058943,16,0,1065101558,1194083328,2,1,0,0,9387,3590,2226,189,0,0
miss,77148,0,5068570,5069862,377,5068543,16,0,1065101558,1194083328,2,4,10,10,264545,14323,40667,9351,3042,31696
miss,77148,1,5068570,5070131,377,5068543,16,0,1065101558,1194083328,2,1,0,0,31820,3482,2738,5609,0,0
miss,77148,2,5068570,5070400,377,5068543,16,0,1065101558,1194083328,2,1,0,0,9997,3230,2624,208,0,0
miss,77220,0,5073164,5074575,176,5073919,16,0,1065101558,1194083328,2,4,10,10,217297,19387,25917,9337,4128,23318
miss,77220,1,5073339,5074692,177,5073919,16,0,1065101558,1194083328,2,1,0,0,23562,8521,1541,2932,0,0
miss,77220,2,5073339,5074810,177,5073919,16,0,1065101558,1194083328,2,1,0,0,8398,2883,1469,201,0,0
miss,77220,3,5073517,5074927,178,5073919,16,0,1065101558,1194083328,2,1,0,0,7849,2909,1469,180,0,0
miss,78049,0,5126204,5127615,212,5126911,16,0,1065101558,1194083328,2,4,10,10,267753,16229,41660,6649,4101,23604
miss,78049,1,5126421,5127756,213,5126911,16,0,1065101558,1194083328,2,1,0,0,31272,8138,1336,5606,0,0
miss,78049,2,5126421,5127897,213,5126911,16,0,1065101558,1194083328,2,1,0,0,7943,2528,1269,203,0,0
miss,78571,0,5159804,5161109,220,5160319,16,0,1065101558,1194083328,2,4,10,10,272795,19596,34386,18804,3445,24836
miss,78571,1,5159804,5161242,220,5160319,16,0,1065101558,1194083328,2,1,0,0,27657,3295,1336,2932,0,0
miss,78571,2,5160004,5161376,200,5160319,16,0,1065101558,1194083328,2,1,0,0,7864,3059,1253,201,0,0
miss,78739,0,5170364,5171775,202,5171071,16,0,1065101558,1194083328,2,4,10,10,240501,11224,31489,9311,2995,23922
miss,78739,1,5170565,5171910,200,5171071,16,0,1065101558,1194083328,2,1,0,0,29280,5999,1532,5606,0,0
miss,78739,2,5170565,5172044,200,5171071,16,0,1065101558,1194083328,2,1,0,0,16567,5538,1469,195,0,0
miss,79153,0,5197005,5198332,231,5197567,16,0,1065101558,1194083328,2,4,10,10,253729,17635,36675,9317,3050,22328
miss,79153,1,5197005,5198489,231,5197567,16,0,1065101558,1194083328,2,1,0,0,32097,6580,1481,5616,0,0
miss,79153,2,5197225,5198645,220,5197567,16,0,1065101558,1194083328,2,1,0,0,8729,3675,1432,200,0,0
miss,81342,0,5337105,5338459,181,5336959,16,0,1065101558,1194083328,2,4,10,10,268123,21159,40821,12011,4179,23308
miss,81342,1,5337105,5338579,181,5336959,16,0,1065101558,1194083328,2,1,0,0,25831,2227,2724,2930,0,0
miss,81342,2,5337105,5338699,181,5336959,16,0,1065101558,1194083328,2,1,0,0,8207,2011,2623,200,0,0
miss,84470,0,5537023,5538567,416,5537407,16,0,1065101558,1194083328,2,4,10,10,270357,21167,37505,9337,3029,26246
miss,84470,1,5537436,5538842,413,5537407,16,0,1065101558,1194083328,2,1,0,0,29424,2292,2020,5684,0,0
miss,84470,2,5537436,5539118,413,5537407,16,0,1065101558,1194083328,2,1,0,0,7594,2030,1972,198,0,0
miss,84815,0,5559341,5560695,178,5560063,16,0,1065101558,1194083328,2,4,10,10,257979,18905,39310,6647,3006,20940
miss,84815,1,5559341,5560814,178,5560063,16,0,1065101558,1194083328,2,1,0,0,25194,2699,1334,5640,0,0
miss,84815,2,5559520,5560934,179,5560063,16,0,1065101558,1194083328,2,1,0,0,7325,2406,1257,190,0,0
miss,85692,0,5615460,5616809,136,5615359,16,0,1065101558,1194083328,2,4,10,10,183897,12092,14176,3951,3038,17952
miss,85692,1,5615460,5616908,136,5615359,16,0,1065101558,1194083328,2,1,0,0,20014,3916,3031,5621,0,0
miss,85692,2,5615460,5617007,136,5615359,16,0,1065101558,1194083328,2,1,0,0,10309,3638,2902,189,0,0
miss,85692,3,5615460,5617106,136,5615359,16,0,1065101558,1194083328,2,1,0,0,10056,3663,2896,179,0,0
miss,85730,0,5617964,5619281,533,5618047,16,0,1065101558,1194083328,2,4,10,10,200433,12177,24548,8165,3020,17964
miss,85730,1,5617964,5619353,533,5618047,16,0,1065101558,1194083328,2,1,0,0,30903,4019,2349,5604,0,0
miss,85730,2,5617964,5619425,533,5618047,16,0,1065101558,1194083328,2,1,0,0,13484,3708,2293,199,0,0
miss,85730,3,5618069,5619498,105,5618047,16,0,1065101558,1194083328,2,1,0,0,9496,3693,2282,185,0,0
miss,85759,0,5619884,5621138,106,5619967,16,0,1065101558,1194083328,2,4,10,10,146335,4289,8766,8175,3048,25516
miss,85759,1,5619884,5621208,106,5619967,16,0,1065101558,1194083328,2,1,0,0,24308,3899,2357,5617,0,0
miss,85759,2,5619884,5621279,106,5619967,16,0,1065101558,1194083328,2,1,0,0,9577,3623,2291,203,0,0
miss,85759,3,5619884,5621350,106,5619967,16,0,1065101558,1194083328,2,1,0,0,9338,3595,2270,182,0,0
miss,85877,0,5627269,5628617,185,5627647,16,0,1065101558,1194083328,2,4,10,10,249645,14694,38981,9319,3007,20470
miss,85877,1,5627269,5628739,185,5627647,16,0,1065101558,1194083328,2,1,0,0,30132,3765,2046,5613,0,0
miss,85877,2,5627454,5628861,185,5627647,16,0,1065101558,1194083328,2,1,0,0,12247,3495,1974,191,0,0
miss,86165,0,5645800,5647134,236,5646463,16,0,1065101558,1194083328,2,4,10,10,254691,19690,39171,9337,2995,26360
miss,86165,1,5645800,5647292,236,5646463,16,0,1065101558,1194083328,2,1,0,0,28369,3367,1298,5603,0,0
miss,86165,2,5646036,5647451,236,5646463,16,0,1065101558,1194083328,2,1,0,0,7917,3112,1254,196,0,0
miss,86855,0,5689881,5691228,158,5689855,16,0,1065101558,1194083328,2,4,10,10,217411,12260,25071,9309,4103,21022
miss,86855,1,5689881,5691333,158,5689855,16,0,1065101558,1194083328,2,1,0,0,28356,3978,2925,5596,0,0
miss,86855,2,5690039,5691438,158,5689855,16,0,1065101558,1194083328,2,1,0,0,10605,3713,2852,206,0,0
miss,86855,3,5690197,5691544,158,5690239,16,0,1065101558,1194083328,2,4,10,10,30383,3695,2215,74,2996,16238
miss,88097,0,5769187,5770700,263,5769727,16,0,1065101558,1194083328,2,4,10,10,268287,23699,40221,12013,3041,23118
miss,88097,1,5769187,5770882,263,5769727,16,0,1065101558,1194083328,2,1,0,0,29022,2084,2028,2926,0,0
miss,88097,2,5769187,5771065,263,5769727,16,0,1065101558,1194083328,2,1,0,0,7885,2096,1968,213,0,0
miss,88718,0,5809185,5810508,176,5809663,16,0,1065101558,1194083328,2,4,10,10,164699,17468,31393,6647,3044,23158
miss,88718,1,5809185,5810620,176,5809663,16,0,1065101558,1194083328,2,1,0,0,18430,3850,1634,2916,0,0
miss,88718,2,5809356,5810732,171,5809663,16,0,1065101558,1194083328,2,1,0,0,8826,3670,1558,206,0,0
miss,88860,0,5818097,5819501,382,5818111,16,0,1065101558,1194083328,2,4,10,10,264565,30516,38084,9332,3046,27868
miss,88860,1,5818097,5819809,382,5818111,16,0,1065101558,1194083328,2,1,0,0,33600,8868,2689,5654,0,0
miss,88860,2,5818097,5820118,382,5818111,16,0,1065101558,1194083328,2,1,0,0,12284,3404,2616,206,0,0
miss,88884,0,5819678,5821175,334,5819647,16,0,1065101558,1194083328,2,4,10,10,195909,14289,32680,9337,3017,23560
miss,88884,1,5819991,5821395,313,5820031,16,0,1065101558,1194083328,2,4,10,10,28170,3351,2168,89,262,16146
miss,88937,0,5823099,5824570,177,5823487,16,0,1065101558,1194083328,2,4,10,10,217697,19353,38475,8192,3021,20522
miss,88937,1,5823277,5824687,178,5823487,16,0,1065101558,1194083328,2,1,0,0,23505,2994,2210,8197,0,0
miss,88937,2,5823277,5824804,178,5823487,16,0,1065101558,1194083328,2,1,0,0,8818,2966,2192,217,0,0
miss,89203,0,5840195,5841516,232,5840383,16,0,1065101558,1194083328,2,4,10,10,169833,6776,21964,9309,3024,23204
miss,89203,1,5840195,5841661,232,5840383,16,0,1065101558,1194083328,2,1,0,0,33084,3843,2352,5618,0,0
miss,89203,2,5840427,5841806,232,5840383,16,0,1065101558,1194083328,2,1,0,0,12450,3652,2287,195,0,0
miss,89766,0,5876179,5877516,210,5876863,16,0,1065101558,1194083328,2,4,10,10,240583,16335,39130,5479,3000,23332
miss,89766,1,5876179,5877658,210,5876863,16,0,1065101558,1194083328,2,1,0,0,28376,2737,1318,5642,0,0
miss,89766,2,5876383,5877799,204,5876863,16,0,1065101558,1194083328,2,1,0,0,10398,2497,1273,199,0,0
miss,90287,0,5909545,5910869,211,5909887,16,0,1065101558,1194083328,2,4,10,10,247621,22283,37166,9339,3011,23260
miss,90287,1,5909545,5911002,211,5909887,16,0,1065101558,1194083328,2,1,0,0,32299,5932,2034,5610,0,0
miss,90287,2,5909745,5911136,200,5909887,16,0,1065101558,1194083328,2,1,0,0,8905,3027,1950,209,0,0
miss,90450,0,5919884,5921295,201,5920639,16,0,1065101558,1194083328,2,4,10,10,226659,13978,34523,9337,4128,23184
miss,90450,1,5920055,5921429,187,5920639,16,0,1065101558,1194083328,2,1,0,0,31807,8735,1547,5614,0,0
miss,90450,2,5920055,5921563,187,5920639,16,0,1065101558,1194083328,2,1,0,0,8449,3105,1480,187,0,0
miss,90870,0,5946769,5948252,240,5947135,16,0,1065101558,1194083328,2,4,10,10,246171,20191,39990,6647,5921,23392
miss,90870,1,5947004,5948410,235,5947135,16,0,1065101558,1194083328,2,1,0,0,29796,3931,2140,5614,0,0
miss,90870,2,5947238,5948568,234,5947135,16,0,1065101558,1194083328,2,1,0,0,9279,3678,2072,193,0,0
miss,93053,0,6086625,6087978,181,6086527,16,0,1065101558,1194083328,2,4,10,10,268125,21214,40945,12055,4516,25944
miss,93053,1,6086625,6088099,181,6086527,16,0,1065101558,1194083328,2,1,0,0,25782,2347,2706,2922,0,0
miss,93053,2,6086806,6088219,181,6086911,16,0,1065101558,1194083328,2,4,10,10,25818,2063,2012,84,281,16216
miss,96180,0,6286531,6288087,414,6286975,16,0,1065101558,1194083328,2,4,10,10,263887,21199,39948,9303,3416,25754
miss,96180,1,6286951,6288364,420,6286975,16,0,1065101558,1194083328,2,1,0,0,28625,2294,2014,5616,0,0
miss,96529,0,6309101,6310455,179,6309631,16,0,1065101558,1194083328,2,4,10,10,250447,19016,39552,9310,3032,23270
miss,96529,1,6309101,6310574,179,6309631,16,0,1065101558,1194083328,2,1,0,0,27406,2661,1330,5614,0,0
miss,96529,2,6309281,6310694,180,6309631,16,0,1065101558,1194083328,2,1,0,0,10377,3006,1267,204,0,0
miss,97589,0,6376788,6378259,185,6377215,16,0,1065101558,1194083328,2,4,10,10,272565,21554,39937,13636,3020,31318
miss,97589,1,6376973,6378381,185,6377215,16,0,1065101558,1194083328,2,1,0,0,23069,2739,2041,2925,0,0
miss,97589,2,6376973,6378502,185,6377215,16,0,1065101558,1194083328,2,1,0,0,7905,2442,1942,197,0,0
miss,97879,0,6395343,6396812,248,6395647,16,0,1065101558,1194083328,2,4,10,10,272219,22228,40709,10918,3024,23204
miss,97879,1,6395579,6396971,236,6395647,16,0,1065101558,1194083328,2,1,0,0,29277,3355,2026,5630,0,0
miss,97879,2,6395579,6397130,236,6395647,16,0,1065101558,1194083328,2,1,0,0,11329,3145,1942,206,0,0
miss,98555,0,6438713,6440040,174,6439423,16,0,1065101558,1194083328,2,4,10,10,212781,20254,29137,10910,2999,23244
miss,98555,1,6438713,6440145,174,6439423,16,0,1065101558,1194083328,2,1,0,0,21586,3919,1598,5615,0,0
miss,98555,2,6438871,6440251,158,6439423,16,0,1065101558,1194083328,2,1,0,0,9263,3849,1525,202,0,0
miss,99283,0,6485249,6486718,166,6485887,16,0,1065101558,1194083328,2,4,10,10,271569,21183,42009,9339,3022,23530
miss,99283,1,6485416,6486829,167,6485887,16,0,1065101558,1194083328,2,1,0,0,29591,2312,1316,5637,0,0
miss,99283,2,6485416,6486940,167,6485887,16,0,1065101558,1194083328,2,1,0,0,6863,2028,1262,198,0,0
miss,99480,0,6497804,6499281,597,6497791,16,0,1065101558,1194083328,2,4,10,10,171011,9380,25202,1244,3030,20646
miss,99480,1,6497970,6499390,165,6497791,16,0,1065101558,1194083328,2,1,0,0,19740,3919,2975,2930,0,0
miss,99480,2,6498133,6499499,163,6498175,16,0,1065101558,1194083328,2,4,10,10,27508,3687,2257,84,275,16018
miss,99552,0,6502431,6503884,272,6502399,16,0,1065101558,1194083328,2,4,10,10,217525,17391,35653,8236,3041,20646
miss,99552,1,6502668,6504059,237,6502783,16,0,1065101558,1194083328,2,4,10,10,28736,3834,2348,104,269,15832
miss,99552,2,6502668,6504234,237,6502783,16,0,1065101558,1194083328,2,1,0,0,21249,4318,2313,2921,0,0
miss,100099,0,6537404,6538815,202,6538111,16,0,1065101558,1194083328,2,4,10,10,241969,16544,37480,9345,3005,23168
miss,100099,1,6537595,6538950,200,6538111,16,0,1065101558,1194083328,2,1,0,0,34545,8673,1320,5604,0,0
miss,100099,2,6537595,6539085,200,6538111,16,0,1065101558,1194083328,2,1,0,0,8767,3286,1277,216,0,0
miss,100385,0,6555833,6557181,189,6556543,16,0,1065101558,1194083328,2,4,10,10,252563,20100,39848,10902,3044,20650
miss,100385,1,6555833,6557307,189,6556543,16,0,1065101558,1194083328,2,1,0,0,32023,3691,1532,5632,0,0
miss,100385,2,6556021,6557433,188,6556543,16,0,1065101558,1194083328,2,1,0,0,8819,3681,1466,211,0,0
miss,100902,0,6588796,6590290,263,6589183,16,0,1065101558,1194083328,2,4,10,10,255147,19520,39965,12428,3020,23158
miss,100902,1,6589049,6590468,253,6589183,16,0,1065101558,1194083328,2,1,0,0,23637,3245,2018,2926,0,0
miss,100902,2,6589049,6590645,253,6589183,16,0,1065101558,1194083328,2,1,0,0,8612,3047,1959,202,0,0
miss,101327,0,6616094,6617451,210,6616063,16,0,1065101558,1194083328,2,4,10,10,247921,16278,40680,6647,3034,23518
miss,101327,1,6616094,6617590,210,6616063,16,0,1065101558,1194083328,2,1,0,0,24189,2737,2726,2940,0,0
miss,101327,2,6616304,6617730,210,6616447,16,0,1065101558,1194083328,2,4,10,10,26362,2531,2002,68,276,16132
miss,102023,0,6660716,6662055,188,6661375,16,0,1065101558,1194083328,2,4,10,10,259509,21954,37033,12085,2998,20486
miss,102023,1,6660716,6662176,188,6661375,16,0,1065101558,1194083328,2,1,0,0,22549,3054,1306,2939,0,0
miss,102023,2,6660900,6662296,184,6661375,16,0,1065101558,1194083328,2,1,0,0,7613,2788,1244,206,0,0
miss,103200,0,6735868,6737351,224,6736255,16,0,1065101558,1194083328,2,4,10,10,275619,21111,42375,12455,3050,25856
miss,103200,1,6735868,6737499,224,6736255,16,0,1065101558,1194083328,2,1,0,0,25410,2200,2042,2920,0,0
miss,103200,2,6735868,6737647,224,6736255,16,0,1065101558,1194083328,2,1,0,0,7406,1931,1947,186,0,0
miss,104634,0,6827587,6829100,269,6828031,16,0,1065101558,1194083328,2,4,10,10,274889,18463,40157,10856,8391,24608
miss,104634,1,6827861,6829282,274,6828031,16,0,1065101558,1194083328,2,1,0,0,28544,2250,2026,5610,0,0
miss,104634,2,6827861,6829465,274,6828031,16,0,1065101558,1194083328,2,1,0,0,10204,1980,1958,201,0,0
miss,105257,0,6867585,6869020,176,6867967,16,0,1065101558,1194083328,2,4,10,10,187865,14788,21860,10918,3022,20942
miss,105257,1,6867756,6869132,171,6867967,16,0,1065101558,1194083328,2,1,0,0,21719,3893,2344,5610,0,0
miss,105257,2,6867756,6869243,171,6867967,16,0,1065101558,1194083328,2,1,0,0,9448,3620,2242,203,0,0
miss,105395,0,6876497,6877840,382,6876415,16,0,1065101558,1194083328,2,4,10,10,244393,14404,40612,10910,3040,23440
miss,105395,1,6876497,6878129,382,6876415,16,0,1065101558,1194083328,2,1,0,0,22096,3557,2667,2928,0,0
miss,105420,0,6878078,6879355,334,6877951,16,0,1065101558,1194083328,2,4,10,10,187167,8977,41345,90,3025,23352
miss,105420,1,6878078,6879575,334,6877951,16,0,1065101558,1194083328,2,1,0,0,15010,3463,2783,2945,0,0
miss,105420,2,6878391,6879795,313,6878335,16,0,1065101558,1194083328,2,4,10,10,27163,3171,2078,66,296,16380
miss,105474,0,6881499,6882852,177,6882175,16,0,1065101558,1194083328,2,4,10,10,230111,13945,31273,8202,3043,23242
miss,105474,1,6881499,6882970,177,6882175,16,0,1065101558,1194083328,2,1,0,0,17851,3006,1530,5612,0,0
miss,105474,2,6881677,6883087,178,6882175,16,0,1065101558,1194083328,2,1,0,0,8189,2857,1457,201,0,0
miss,105739,0,6898364,6899771,625,6898303,16,0,1065101558,1194083328,2,4,10,10,166051,4211,21940,5482,3018,20799
miss,105739,1,6898595,6899916,232,6898687,16,0,1065101558,1194083328,2,4,10,10,29878,3948,2339,104,269,16004
miss,105739,2,6898595,6900061,232,6898687,16,0,1065101558,1194083328,2,1,0,0,29503,3874,2319,5614,0,0
miss,106302,0,6934579,6935916,215,6935167,16,0,1065101558,1194083328,2,4,10,10,251533,16397,40006,9748,3024,23172
miss,106302,1,6934579,6936058,215,6935167,16,0,1065101558,1194083328,2,1,0,0,27583,2750,1306,5620,0,0
miss,106302,2,6934579,6936199,215,6935167,16,0,1065101558,1194083328,2,1,0,0,7328,2469,1240,209,0,0
miss,106823,0,6967945,6969269,211,6968575,16,0,1065101558,1194083328,2,4,10,10,254009,19547,34199,9744,2999,20772
miss,106823,1,6967945,6969402,211,6968575,16,0,1065101558,1194083328,2,1,0,0,25520,3301,1304,5602,0,0
miss,106823,2,6968145,6969536,200,6968575,16,0,1065101558,1194083328,2,1,0,0,7920,3053,1267,190,0,0
miss,106989,0,6978455,6979829,187,6978943,16,0,1065101558,1194083328,2,4,10,10,237245,17018,40919,12036,3046,23162
miss,106989,1,6978455,6979963,187,6978943,16,0,1065101558,1194083328,2,1,0,0,20604,3311,1565,240,0,0
miss,106989,2,6978657,6980097,202,6978943,16,0,1065101558,1194083328,2,1,0,0,8155,3041,1483,200,0,0
miss,107408,0,7005169,7006652,240,7005823,16,0,1065101558,1194083328,2,4,10,10,250789,20177,39786,10892,3025,23280
miss,107408,1,7005404,7006810,235,7005823,16,0,1065101558,1194083328,2,1,0,0,26771,3993,1471,5614,0,0
miss,107408,2,7005638,7006968,234,7005823,16,0,1065101558,1194083328,2,1,0,0,8691,3693,1394,209,0,0
miss,109590,0,7144844,7146258,571,7144831,16,0,1065101558,1194083328,2,4,10,10,280139,21167,37998,13628,4149,25926
miss,109590,1,7145025,7146378,181,7145215,16,0,1065101558,1194083328,2,4,10,10,27995,2428,2115,104,292,16192
miss,109590,2,7145025,7146499,181,7145215,16,0,1065101558,1194083328,2,1,0,0,24635,2210,2061,2930,0,0
miss,112718,0,7344931,7346489,407,7345279,16,0,1065101558,1194083328,2,4,10,10,291095,21230,37242,12089,3049,36126
miss,112718,1,7344931,7346766,407,7345279,16,0,1065101558,1194083328,2,1,0,0,33101,2172,3826,2946,0,0
miss,113069,0,7367501,7368974,179,7367935,16,0,1065101558,1194083328,2,4,10,10,259549,21609,39925,8210,3017,25826
miss,113069,1,7367681,7369094,180,7367935,16,0,1065101558,1194083328,2,1,0,0,25797,2737,2084,5644,0,0
miss,113069,2,7367681,7369214,180,7367935,16,0,1065101558,1194083328,2,1,0,0,8101,2477,1957,196,0,0
miss,114126,0,7435188,7436659,185,7435903,16,0,1065101558,1194083328,2,4,10,10,259317,21631,39040,12025,4152,23226
miss,114126,1,7435373,7436781,185,7435903,16,0,1065101558,1194083328,2,1,0,0,24760,2749,1324,2924,0,0
miss,114126,2,7435373,7436902,185,7435903,16,0,1065101558,1194083328,2,1,0,0,7335,2473,1266,210,0,0
miss,114420,0,7453743,7455370,259,7454335,16,0,1065101558,1194083328,2,4,10,10,259043,19514,40134,6661,3048,28518
miss,114420,1,7453743,7455529,259,7454335,16,0,1065101558,1194083328,2,1,0,0,24572,3323,2004,5620,0,0
miss,115093,0,7497113,7498545,174,7497727,16,0,1065101558,1194083328,2,4,10,10,238335,20161,36964,9311,4158,26078
miss,115093,1,7497271,7498651,158,7497727,16,0,1065101558,1194083328,2,1,0,0,17978,3883,1613,5615,0,0
miss,115093,2,7497271,7498756,158,7497727,16,0,1065101558,1194083328,2,1,0,0,8752,3649,1549,190,0,0
miss,115820,0,7543649,7545006,166,7544191,16,0,1065101558,1194083328,2,4,10,10,256525,18666,40331,6621,4157,23132
miss,115820,1,7543649,7545118,166,7544191,16,0,1065101558,1194083328,2,1,0,0,24807,2231,1318,5610,0,0
miss,115820,2,7543816,7545229,167,7544191,16,0,1065101558,1194083328,2,1,0,0,7126,2072,1270,204,0,0
miss,116018,0,7556204,7557681,597,7556095,16,0,1065101558,1194083328,2,4,10,10,192249,12146,19423,9311,3025,20706
miss,116018,1,7556370,7557790,165,7556479,16,0,1065101558,1194083328,2,4,10,10,28809,3861,2342,87,266,15770
miss,116018,2,7556533,7557899,163,7556479,16,0,1065101558,1194083328,2,1,0,0,29329,3807,2328,5615,0,0
miss,116089,0,7560831,7562284,272,7560703,16,0,1065101558,1194083328,2,4,10,10,239637,12195,41410,6654,3054,23954
miss,116089,1,7561068,7562459,237,7561087,16,0,1065101558,1194083328,2,4,10,10,28950,3902,2352,93,279,16098
miss,116639,0,7595995,7597485,200,7596415,16,0,1065101558,1194083328,2,4,10,10,252171,19617,37173,16220,3397,20686
miss,116639,1,7596204,7597620,209,7596415,16,0,1065101558,1194083328,2,1,0,0,26263,3344,2054,2934,0,0
miss,116639,2,7596204,7597755,209,7596415,16,0,1065101558,1194083328,2,1,0,0,11306,3059,1962,199,0,0
miss,116923,0,7614233,7615581,189,7614847,16,0,1065101558,1194083328,2,4,10,10,239279,17361,36503,5477,3001,18084
miss,116923,1,7614233,7615707,189,7614847,16,0,1065101558,1194083328,2,1,0,0,24075,3828,1507,2912,0,0
miss,116923,2,7614421,7615833,188,7614847,16,0,1065101558,1194083328,2,1,0,0,8882,3563,1426,198,0,0
miss,117440,0,7647196,7648690,263,7647487,16,0,1065101558,1194083328,2,4,10,10,231487,14785,31725,9309,3018,20542
miss,117440,1,7647449,7648868,253,7647487,16,0,1065101558,1194083328,2,1,0,0,29263,3225,2018,5612,0,0
miss,117440,2,7647449,7649045,253,7647487,16,0,1065101558,1194083328,2,1,0,0,8546,3019,1947,203,0,0
miss,117863,0,7674284,7675711,585,7674367,16,0,1065101558,1194083328,2,4,10,10,248917,13775,38201,9337,2995,20326
miss,117863,1,7674494,7675851,210,7674367,16,0,1065101558,1194083328,2,1,0,0,29813,2715,2700,5616,0,0
miss,117863,2,7674494,7675990,210,7674367,16,0,1065101558,1194083328,2,1,0,0,12507,5647,2657,203,0,0
miss,118560,0,7718924,7720335,180,7719679,16,0,1065101558,1194083328,2,4,10,10,256309,16075,39223,9309,3418,20572
miss,118560,1,7718924,7720455,180,7719679,16,0,1065101558,1194083328,2,1,0,0,33996,8354,1326,5616,0,0
miss,118560,2,7718924,7720576,180,7719679,16,0,1065101558,1194083328,2,1,0,0,8047,2745,1233,188,0,0
miss,119735,0,7794268,7795604,223,7794943,16,0,1065101558,1194083328,2,4,10,10,256167,21229,41788,9312,2999,20518
miss,119735,1,7794268,7795753,223,7794943,16,0,1065101558,1194083328,2,1,0,0,27401,2332,1344,5626,0,0
miss,119735,2,7794490,7795902,222,7794943,16,0,1065101558,1194083328,2,1,0,0,6832,2017,1265,190,0,0
miss,121170,0,7885987,7887317,269,7886335,16,0,1065101558,1194083328,2,4,10,10,263732,21248,37615,6672,4110,25980
miss,121170,1,7885987,7887500,269,7886335,16,0,1065101558,1194083328,2,1,0,0,32183,2207,2014,5621,0,0
miss,121170,2,7886261,7887682,274,7886335,16,0,1065101558,1194083328,2,1,0,0,8581,2184,1980,214,0,0
miss,121794,0,7925985,7927420,176,7925503,16,0,1065101558,1194083328,2,4,10,10,202823,20098,22286,10892,3411,23416
miss,121794,1,7926156,7927532,171,7926655,16,0,1065101558,1194083328,2,4,10,10,27948,3951,1646,86,288,16128
miss,121794,2,7926156,7927643,171,7926655,16,0,1065101558,1194083328,2,1,0,0,14607,3825,1600,226,0,0
miss,121933,0,7934897,7936240,382,7934719,16,0,1065101558,1194083328,2,4,10,10,275141,17166,38353,9335,3047,46476
miss,121933,1,7934897,7936529,382,7934719,16,0,1065101558,1194083328,2,1,0,0,27863,3552,2664,5622,0,0
miss,121959,0,7936478,7937975,334,7936639,16,0,1065101558,1194083328,2,4,10,10,222187,17026,32784,8184,3041,20894
miss,121959,1,7936791,7938195,313,7936639,16,0,1065101558,1194083328,2,1,0,0,21033,3357,2154,5616,0,0
miss,122011,0,7939899,7941252,177,7940479,16,0,1065101558,1194083328,2,4,10,10,248465,8662,29064,12032,5716,35998
miss,122011,1,7939899,7941370,177,7940479,16,0,1065101558,1194083328,2,1,0,0,20361,3052,1615,240,0,0
miss,122011,2,7940077,7941487,178,7940479,16,0,1065101558,1194083328,2,1,0,0,7912,2859,1489,194,0,0
miss,122279,0,7956995,7958461,232,7956991,16,0,1065101558,1194083328,2,4,10,10,185499,9448,16601,8164,3393,20910
miss,122279,1,7957227,7958606,232,7957375,16,0,1065101558,1194083328,2,4,10,10,28923,3937,2346,104,268,16137
miss,122839,0,7992764,7994175,212,7993471,16,0,1065101558,1194083328,2,4,10,10,255883,13476,39897,5482,4151,23724
miss,122839,1,7992979,7994316,210,7993471,16,0,1065101558,1194083328,2,1,0,0,34015,8210,1322,5615,0,0
miss,122839,2,7992979,7994458,210,7993471,16,0,1065101558,1194083328,2,1,0,0,9758,2567,1285,201,0,0
miss,123360,0,8026124,8027535,200,8026879,16,0,1065101558,1194083328,2,4,10,10,269163,21747,39300,10864,3409,23438
miss,123360,1,8026124,8027669,200,8026879,16,0,1065101558,1194083328,2,1,0,0,34067,8722,1334,5620,0,0
miss,123360,2,8026124,8027802,200,8026879,16,0,1065101558,1194083328,2,1,0,0,8234,3037,1247,193,0,0
miss,123527,0,8036855,8038229,187,8037247,16,0,1065101558,1194083328,2,4,10,10,228913,16824,37466,10892,3011,23172
miss,123527,1,8036855,8038363,187,8037247,16,0,1065101558,1194083328,2,1,0,0,27093,3372,2245,5655,0,0
miss,123527,2,8037057,8038497,202,8037247,16,0,1065101558,1194083328,2,1,0,0,9224,3172,2142,194,0,0
miss,123947,0,8063804,8065209,235,8064127,16,0,1065101558,1194083328,2,4,10,10,253417,17412,37457,9337,3038,29215
miss,123947,1,8063804,8065367,235,8064127,16,0,1065101558,1194083328,2,1,0,0,18677,3888,2118,5612,0,0
miss,126129,0,8203425,8204778,181,8203519,16,0,1065101558,1194083328,2,4,10,10,265343,21718,39967,9303,4180,23180
miss,126129,1,8203425,8204899,181,8203519,16,0,1065101558,1194083328,2,1,0,0,28415,2344,2031,5626,0,0
miss,126129,2,8203606,8205019,181,8203519,16,0,1065101558,1194083328,2,1,0,0,7926,2096,2000,202,0,0
miss,129257,0,8403331,8404889,407,8403583,16,0,1065101558,1194083328,2,4,10,10,278693,21075,41704,12055,3038,26344
miss,129257,1,8403331,8405166,407,8403583,16,0,1065101558,1194083328,2,1,0,0,27538,2204,2675,2926,0,0
miss,129257,2,8403331,8405443,407,8403583,16,0,1065101558,1194083328,2,1,0,0,8220,1951,2584,189,0,0
miss,129605,0,8425901,8427255,179,8426623,16,0,1065101558,1194083328,2,4,10,10,255759,16233,42832,9311,3396,23372
miss,129605,1,8425901,8427374,179,8426623,16,0,1065101558,1194083328,2,1,0,0,25235,2712,1326,5635,0,0
miss,129605,2,8426081,8427494,180,8426623,16,0,1065101558,1194083328,2,1,0,0,7365,2445,1259,199,0,0
miss,130663,0,8493588,8494937,185,8494207,16,0,1065101558,1194083328,2,4,10,10,246328,21689,34182,12057,3017,20654
miss,130663,1,8493588,8495059,185,8494207,16,0,1065101558,1194083328,2,1,0,0,25418,2666,1324,2920,0,0
miss,130663,2,8493773,8495181,185,8494207,16,0,1065101558,1194083328,2,1,0,0,7736,2535,1265,186,0,0
miss,130955,0,8512143,8513612,248,8512639,16,0,1065101558,1194083328,2,4,10,10,259843,19540,43477,12045,3015,22992
miss,130955,1,8512379,8513771,236,8512639,16,0,1065101558,1194083328,2,1,0,0,24556,3412,2034,2934,0,0
miss,130955,2,8512379,8513930,236,8512639,16,0,1065101558,1194083328,2,1,0,0,8951,3101,1958,204,0,0
miss,131629,0,8555513,8556840,189,8556031,16,0,1065101558,1194083328,2,4,10,10,204103,14827,26094,5486,3037,24908
miss,131629,1,8555513,8556945,189,8556031,16,0,1065101558,1194083328,2,1,0,0,23759,3876,1625,5610,0,0
miss,131629,2,8555513,8557051,189,8556031,16,0,1065101558,1194083328,2,1,0,0,8752,3665,1534,200,0,0
miss,132887,0,8635754,8637259,272,8636287,16,0,1065101558,1194083328,2,4,10,10,266011,21156,40052,9337,3015,23306
miss,132887,1,8636027,8637442,273,8636287,16,0,1065101558,1194083328,2,1,0,0,23476,2249,2046,2938,0,0
miss,132887,2,8636027,8637624,273,8636287,16,0,1065101558,1194083328,2,1,0,0,7837,1980,1966,205,0,0
miss,133163,0,8653484,8654945,650,8653567,16,0,1065101558,1194083328,2,4,10,10,168577,12155,6243,2783,336,20798
miss,133163,1,8653688,8655088,204,8653567,16,0,1065101558,1194083328,2,1,0,0,25511,3899,2967,5619,0,0
miss,133163,2,8653688,8655231,204,8653567,16,0,1065101558,1194083328,2,1,0,0,10237,3621,2907,207,0,0
miss,133505,0,8675493,8676823,169,8675071,16,0,1065101558,1194083328,2,4,10,10,150289,14799,13647,2793,3051,16754
miss,133505,1,8675493,8676939,169,8675071,16,0,1065101558,1194083328,2,1,0,0,22074,3753,2305,5618,0,0
miss,133505,2,8675493,8677054,169,8675071,16,0,1065101558,1194083328,2,1,0,0,9771,3607,2236,196,0,0
miss,133650,0,8684653,8686058,379,8684671,16,0,1065101558,1194083328,2,4,10,10,254221,19853,35291,9745,3430,23262
miss,133650,1,8684653,8686366,379,8684671,16,0,1065101558,1194083328,2,1,0,0,25537,3518,2746,2926,0,0
miss,133650,2,8684653,8686673,379,8684671,16,0,1065101558,1194083328,2,1,0,0,9577,3369,2649,198,0,0
miss,133722,0,8689423,8690772,177,8690047,16,0,1065101558,1194083328,2,4,10,10,216131,13960,36800,5473,3033,20858
miss,133722,1,8689423,8690889,177,8690047,16,0,1065101558,1194083328,2,1,0,0,28541,2987,4095,5614,0,0
miss,133722,2,8689598,8691006,175,8690047,16,0,1065101558,1194083328,2,1,0,0,8167,3049,1502,204,0,0
miss,133992,0,8706755,8708080,233,8706943,16,0,1065101558,1194083328,2,4,10,10,193721,9400,23883,3953,2995,23144
miss,133992,1,8706755,8708226,233,8706943,16,0,1065101558,1194083328,2,1,0,0,21670,3819,2350,2915,0,0
miss,133992,2,8706989,8708371,234,8706943,16,0,1065101558,1194083328,2,1,0,0,9472,3683,2272,190,0,0
miss,134555,0,8742711,8744076,196,8743423,16,0,1065101558,1194083328,2,4,10,10,253073,19057,41786,3953,4091,25844
miss,134555,1,8742711,8744218,196,8743423,16,0,1065101558,1194083328,2,1,0,0,16979,2776,1330,2930,0,0
miss,134555,2,8742915,8744359,204,8743423,16,0,1065101558,1194083328,2,1,0,0,7361,2526,1261,197,0,0
miss,135090,0,8777045,8778366,201,8777215,16,0,1065101558,1194083328,2,4,10,10,256929,19422,37294,14533,3369,25926
miss,135090,1,8777045,8778500,201,8777215,16,0,1065101558,1194083328,2,1,0,0,28747,3178,2044,5816,0,0
miss,135241,0,8786655,8787989,197,8787199,16,0,1065101558,1194083328,2,4,10,10,235333,16671,31398,8192,6126,27950
miss,135241,1,8786655,8788124,197,8787199,16,0,1065101558,1194083328,2,1,0,0,28526,3317,1564,5614,0,0
miss,135241,2,8786837,8788258,182,8787199,16,0,1065101558,1194083328,2,1,0,0,8068,3027,1493,196,0,0
miss,135659,0,8813306,8814653,222,8813695,16,0,1065101558,1194083328,2,4,10,10,234219,17439,37976,6645,3027,20628
miss,135659,1,8813306,8814812,222,8813695,16,0,1065101558,1194083328,2,1,0,0,19792,3942,2138,2930,0,0
miss,135659,2,8813306,8814970,222,8813695,16,0,1065101558,1194083328,2,1,0,0,9607,3665,2046,201,0,0
miss,137844,0,8953185,8954538,181,8953087,16,0,1065101558,1194083328,2,4,10,10,279551,21243,40939,12045,3031,23104
miss,137844,1,8953185,8954658,181,8953087,16,0,1065101558,1194083328,2,1,0,0,26409,2298,2746,2934,0,0
miss,137844,2,8953366,8954779,181,8953471,16,0,1065101558,1194083328,2,4,10,10,26023,2039,1996,66,272,16206
miss,140971,0,9153090,9154647,413,9153535,16,0,1065101558,1194083328,2,4,10,10,289147,21297,39970,12045,3032,27688
miss,140971,1,9153509,9154923,419,9153535,16,0,1065101558,1194083328,2,1,0,0,26588,2247,2018,2915,0,0
miss,140971,2,9153509,9155199,419,9153535,16,0,1065101558,1194083328,2,1,0,0,20538,14991,1950,194,0,0
miss,141319,0,9175661,9177015,178,9176191,16,0,1065101558,1194083328,2,4,10,10,276725,21582,39157,9317,3023,38976
miss,141319,1,9175661,9177134,178,9176191,16,0,1065101558,1194083328,2,1,0,0,35175,2684,4042,5618,0,0
miss,141319,2,9175840,9177254,179,9176191,16,0,1065101558,1194083328,2,1,0,0,7259,2457,1246,211,0,0
miss,142380,0,9243349,9244819,185,9243775,16,0,1065101558,1194083328,2,4,10,10,247053,18955,42898,9319,3040,20506
miss,142380,1,9243349,9244940,185,9243775,16,0,1065101558,1194083328,2,1,0,0,29343,2656,2016,8233,0,0
miss,142380,2,9243349,9245062,185,9243775,16,0,1065101558,1194083328,2,1,0,0,8769,2699,1978,205,0,0
miss,142667,0,9261881,9263213,237,9262207,16,0,1065101558,1194083328,2,4,10,10,252507,24469,34461,13618,4489,20872
miss,142667,1,9261881,9263372,237,9262207,16,0,1065101558,1194083328,2,1,0,0,18825,3402,2053,234,0,0
miss,142667,2,9262117,9263530,236,9262207,16,0,1065101558,1194083328,2,1,0,0,8719,3140,1966,198,0,0
miss,143359,0,9306203,9307547,159,9306367,16,0,1065101558,1194083328,2,4,10,10,247645,15259,45544,6611,3041,25746
miss,143359,1,9306203,9307652,159,9306367,16,0,1065101558,1194083328,2,1,0,0,29543,3767,2284,5621,0,0
miss,143359,2,9306203,9307757,159,9306367,16,0,1065101558,1194083328,2,1,0,0,9326,3594,2197,193,0,0
miss,144073,0,9351813,9353278,177,9352447,16,0,1065101558,1194083328,2,4,10,10,266766,21187,36651,9326,4106,23584
miss,144073,1,9351998,9353389,185,9352447,16,0,1065101558,1194083328,2,1,0,0,29933,2199,1354,5627,0,0
miss,144073,2,9351998,9353501,185,9352447,16,0,1065101558,1194083328,2,1,0,0,15334,2203,1340,220,0,0
miss,144353,0,9369645,9371148,237,9369727,16,0,1065101558,1194083328,2,4,10,10,231057,17387,44014,6621,4169,23612
miss,144353,1,9369877,9371314,232,9369727,16,0,1065101558,1194083328,2,1,0,0,27969,3891,3011,5612,0,0
miss,144353,2,9369877,9371481,232,9369727,16,0,1065101558,1194083328,2,1,0,0,12872,3670,2947,203,0,0
miss,144887,0,9403911,9405269,188,9404287,16,0,1065101558,1194083328,2,4,10,10,263587,22132,40244,12030,4124,26200
miss,144887,1,9403911,9405404,188,9404287,16,0,1065101558,1194083328,2,1,0,0,21429,3347,2056,2939,0,0
miss,144887,2,9404100,9405538,189,9404287,16,0,1065101558,1194083328,2,1,0,0,8873,3119,1943,198,0,0
miss,145175,0,9422385,9423741,180,9423103,16,0,1065101558,1194083328,2,4,10,10,239813,17233,41965,9312,3007,20420
miss,145175,1,9422385,9423867,180,9423103,16,0,1065101558,1194083328,2,1,0,0,29010,3731,1504,5610,0,0
miss,145175,2,9422564,9423994,179,9423103,16,0,1065101558,1194083328,2,1,0,0,8442,3505,1408,196,0,0
miss,145693,0,9455341,9456850,252,9455743,16,0,1065101558,1194083328,2,4,10,10,242689,14265,40001,9311,4117,23312
miss,145693,1,9455588,9457028,247,9455743,16,0,1065101558,1194083328,2,1,0,0,21655,3314,2059,5627,0,0
miss,145693,2,9455588,9457205,247,9455743,16,0,1065101558,1194083328,2,1,0,0,8546,3015,1941,207,0,0
miss,146100,0,9481484,9482895,208,9482239,16,0,1065101558,1194083328,2,4,10,10,246223,13377,39081,6649,3004,23586
miss,146100,1,9481671,9483034,198,9482239,16,0,1065101558,1194083328,2,1,0,0,39191,8186,1315,8284,0,0
miss,146100,2,9481671,9483173,198,9482239,16,0,1065101558,1194083328,2,1,0,0,7615,2487,1256,209,0,0
miss,146814,0,9527253,9528615,175,9527935,16,0,1065101558,1194083328,2,4,10,10,241285,16650,34596,12045,3024,26000
miss,146814,1,9527253,9528736,175,9527935,16,0,1065101558,1194083328,2,1,0,0,25654,2995,1307,2938,0,0
miss,146814,2,9527434,9528856,181,9527935,16,0,1065101558,1194083328,2,1,0,0,7939,2749,1262,223,0,0
miss,147989,0,9602431,9603764,227,9602815,16,0,1065101558,1194083328,2,4,10,10,260477,21105,39902,9337,5731,20460
miss,147989,1,9602431,9603913,227,9602815,16,0,1065101558,1194083328,2,1,0,0,28865,2192,2020,5604,0,0
miss,147989,2,9602431,9604062,227,9602815,16,0,1065101558,1194083328,2,1,0,0,8081,1967,1948,196,0,0
miss,149423,0,9694154,9695659,272,9694591,16,0,1065101558,1194083328,2,4,10,10,261897,15823,39896,12027,4163,25852
miss,149423,1,9694427,9695842,273,9694591,16,0,1065101558,1194083328,2,1,0,0,25337,2297,2029,2936,0,0
miss,149701,0,9712088,9713437,205,9712255,16,0,1065101558,1194083328,2,4,10,10,166889,7040,18796,2808,5629,27204
miss,149701,1,9712088,9713579,205,9712255,16,0,1065101558,1194083328,2,1,0,0,19159,3918,2371,2914,0,0
miss,149701,2,9712293,9713721,205,9712255,16,0,1065101558,1194083328,2,1,0,0,9444,3629,2301,188,0,0
miss,150043,0,9733893,9735279,176,9733759,16,0,1065101558,1194083328,2,4,10,10,162769,12120,11043,13602,334,20610
miss,150043,1,9733893,9735394,176,9733759,16,0,1065101558,1194083328,2,1,0,0,16734,3883,2341,249,0,0
miss,150043,2,9734075,9735508,182,9733759,16,0,1065101558,1194083328,2,1,0,0,9827,3663,2267,194,0,0
miss,150186,0,9743053,9744398,379,9742975,16,0,1065101558,1194083328,2,4,10,10,279357,22434,42917,12055,3031,31554
miss,150186,1,9743053,9744686,379,9742975,16,0,1065101558,1194083328,2,1,0,0,28041,3483,2697,2928,0,0
miss,150186,2,9743053,9744974,379,9742975,16,0,1065101558,1194083328,2,1,0,0,9327,3241,2608,192,0,0
miss,150260,0,9747823,9749172,177,9748351,16,0,1065101558,1194083328,2,4,10,10,245655,22137,36856,9337,4129,23060
miss,150260,1,9747823,9749289,177,9748351,16,0,1065101558,1194083328,2,1,0,0,20505,3088,1543,5629,0,0
miss,150260,2,9747998,9749406,175,9748351,16,0,1065101558,1194083328,2,1,0,0,8169,2939,1502,205,0,0
miss,150529,0,9764924,9766335,655,9764863,16,0,1065101558,1194083328,2,4,10,10,234385,11708,35593,3925,3041,25891
miss,150529,1,9765155,9766480,233,9765247,16,0,1065101558,1194083328,2,4,10,10,46642,20471,2369,86,264,16172
miss,150529,2,9765155,9766626,233,9765247,16,0,1065101558,1194083328,2,1,0,0,21545,3921,2346,5646,0,0
miss,151093,0,9801111,9802476,196,9801727,16,0,1065101558,1194083328,2,4,10,10,272935,29908,39070,9337,4187,22970
miss,151093,1,9801111,9802618,196,9801727,16,0,1065101558,1194083328,2,1,0,0,25371,2790,1318,5632,0,0
miss,151093,2,9801315,9802759,204,9801727,16,0,1065101558,1194083328,2,1,0,0,7397,2539,1256,204,0,0
miss,151628,0,9835445,9836766,201,9835519,16,0,1065101558,1194083328,2,4,10,10,258689,19450,39944,9320,3030,20602
miss,151628,1,9835445,9836900,201,9835519,16,0,1065101558,1194083328,2,1,0,0,28809,3165,2038,5624,0,0
miss,151628,2,9835646,9837034,201,9835519,16,0,1065101558,1194083328,2,1,0,0,8508,2938,1993,201,0,0
miss,151778,0,9845055,9846389,211,9845503,16,0,1065101558,1194083328,2,4,10,10,253339,19697,28766,3925,3035,34382
miss,151778,1,9845055,9846523,211,9845503,16,0,1065101558,1194083328,2,1,0,0,27719,5294,1572,5618,0,0
miss,151778,2,9845055,9846657,211,9845503,16,0,1065101558,1194083328,2,1,0,0,8013,2964,1520,204,0,0
miss,152195,0,9871706,9873053,222,9872383,16,0,1065101558,1194083328,2,4,10,10,242355,22763,37323,6655,3029,20714
miss,152195,1,9871706,9873212,222,9872383,16,0,1065101558,1194083328,2,1,0,0,23449,3828,1442,2930,0,0
miss,152195,2,9871706,9873370,222,9872383,16,0,1065101558,1194083328,2,1,0,0,11315,3618,1395,201,0,0
miss,154381,0,10011585,10012938,181,10011775,16,0,1065101558,1194083328,2,4,10,10,272585,21245,41255,12061,3391,26745
miss,154381,1,10011585,10013058,181,10011775,16,0,1065101558,1194083328,2,1,0,0,33513,5020,2204,2934,0,0
miss,154381,2,10011766,10013179,181,10011775,16,0,1065101558,1194083328,2,1,0,0,7626,2077,1992,205,0,0
miss,157509,0,10211490,10213047,413,10211839,16,0,1065101558,1194083328,2,4,10,10,270168,21256,37880,12045,3019,28420
miss,157509,1,10211909,10213323,419,10211839,16,0,1065101558,1194083328,2,1,0,0,26840,2259,2034,2919,0,0
miss,157509,2,10211909,10213599,419,10211839,16,0,1065101558,1194083328,2,1,0,0,10433,2001,1966,200,0,0
miss,157859,0,10234061,10235534,177,10234495,16,0,1065101558,1194083328,2,4,10,10,244098,18820,35021,9309,3058,19801
miss,157859,1,10234061,10235654,177,10234495,16,0,1065101558,1194083328,2,1,0,0,28267,2601,2012,5612,0,0
miss,157859,2,10234061,10235774,177,10234495,16,0,1065101558,1194083328,2,1,0,0,7918,2402,1941,189,0,0
miss,158915,0,10301749,10303097,185,10302463,16,0,1065101558,1194083328,2,4,10,10,265115,21695,39491,9339,5874,25780
miss,158915,1,10301749,10303219,185,10302463,16,0,1065101558,1194083328,2,1,0,0,28071,2896,1314,5634,0,0
miss,158915,2,10301934,10303341,185,10302463,16,0,1065101558,1194083328,2,1,0,0,7488,2564,1258,205,0,0
miss,159204,0,10320281,10321613,237,10320895,16,0,1065101558,1194083328,2,4,10,10,242377,25399,39754,9303,3014,23146
miss,159204,1,10320281,10321772,237,10320895,16,0,1065101558,1194083328,2,1,0,0,28557,3385,1331,5603,0,0
miss,159204,2,10320517,10321930,236,10320895,16,0,1065101558,1194083328,2,1,0,0,8111,3241,1256,221,0,0
miss,159899,0,10364603,10366053,158,10364671,16,0,1065101558,1194083328,2,4,10,10,230863,17501,38883,9337,3366,20630
miss,159899,1,10364760,10366158,158,10364671,16,0,1065101558,1194083328,2,1,0,0,30836,3949,2916,5631,0,0
miss,159899,2,10364919,10366263,159,10365055,16,0,1065101558,1194083328,2,4,10,10,30771,3751,2188,72,280,16032
miss,160609,0,10410213,10411566,177,10410751,16,0,1065101558,1194083328,2,4,10,10,262570,21576,45169,9337,3014,23972
miss,160609,1,10410213,10411678,177,10410751,16,0,1065101558,1194083328,2,1,0,0,27104,2276,1322,5627,0,0
miss,160609,2,10410398,10411789,185,10410751,16,0,1065101558,1194083328,2,1,0,0,9583,2043,1249,202,0,0
miss,160890,0,10428045,10429548,237,10428031,16,0,1065101558,1194083328,2,4,10,10,251951,17490,46517,9311,3017,23326
miss,160890,1,10428277,10429714,232,10428415,16,0,1065101558,1194083328,2,4,10,10,30919,5940,2380,89,299,16158
miss,160890,2,10428277,10429881,232,10428415,16,0,1065101558,1194083328,2,1,0,0,20608,3767,2315,2908,0,0
miss,161423,0,10462311,10463669,188,10462975,16,0,1065101558,1194083328,2,4,10,10,243383,16900,36710,9337,3011,23186
miss,161423,1,10462311,10463804,188,10462975,16,0,1065101558,1194083328,2,1,0,0,27900,3321,1308,5608,0,0
miss,161423,2,10462500,10463938,189,10462975,16,0,1065101558,1194083328,2,1,0,0,7917,3102,1251,207,0,0
miss,161713,0,10480785,10482141,180,10481407,16,0,1065101558,1194083328,2,4,10,10,223691,17358,31171,9337,3012,20946
miss,161713,1,10480785,10482267,180,10481407,16,0,1065101558,1194083328,2,1,0,0,29351,3702,1531,5622,0,0
miss,161713,2,10480964,10482394,179,10481407,16,0,1065101558,1194083328,2,1,0,0,11583,3565,1466,207,0,0
miss,162230,0,10513741,10515250,252,10514047,16,0,1065101558,1194083328,2,4,10,10,236719,14290,34420,9311,3017,23414
miss,162230,1,10513988,10515428,247,10514047,16,0,1065101558,1194083328,2,1,0,0,29321,3335,2009,5612,0,0
miss,162230,2,10513988,10515605,247,10514047,16,0,1065101558,1194083328,2,1,0,0,8535,3031,1940,203,0,0
miss,162639,0,10540071,10541434,198,10540543,16,0,1065101558,1194083328,2,4,10,10,248885,16418,36552,9303,3001,26346
miss,162639,1,10540071,10541573,198,10540543,16,0,1065101558,1194083328,2,1,0,0,27909,2750,1334,5610,0,0
miss,162639,2,10540280,10541712,209,10540543,16,0,1065101558,1194083328,2,1,0,0,10139,2560,1258,196,0,0
miss,163350,0,10585484,10586895,180,10586239,16,0,1065101558,1194083328,2,4,10,10,246041,13521,36407,6657,4134,25926
miss,163350,1,10585653,10587015,175,10586239,16,0,1065101558,1194083328,2,1,0,0,28657,8419,1332,5624,0,0
miss,163350,2,10585653,10587136,175,10586239,16,0,1065101558,1194083328,2,1,0,0,8050,2733,1246,203,0,0
miss,164526,0,10660831,10662165,229,10661503,16,0,1065101558,1194083328,2,4,10,10,262055,18295,36442,12019,3008,26050
miss,164526,1,10660831,10662315,229,10661503,16,0,1065101558,1194083328,2,1,0,0,22711,2270,1312,2932,0,0
miss,164526,2,10661061,10662465,230,10661503,16,0,1065101558,1194083328,2,1,0,0,7200,2057,1257,195,0,0
miss,165961,0,10752554,10754059,272,10752895,16,0,1065101558,1194083328,2,4,10,10,283651,24126,45279,9301,3018,25786
miss,165961,1,10752827,10754242,273,10752895,16,0,1065101558,1194083328,2,1,0,0,28293,2274,2014,5616,0,0
miss,165961,2,10752827,10754424,273,10752895,16,0,1065101558,1194083328,2,1,0,0,7533,1983,1946,194,0,0
miss,166238,0,10770488,10771837,205,10770559,16,0,1065101558,1194083328,2,4,10,10,166191,6857,19100,3946,10962,20844
miss,166238,1,10770488,10771979,205,10770559,16,0,1065101558,1194083328,2,1,0,0,24102,3864,2322,5618,0,0
miss,166580,0,10792293,10793679,176,10792063,16,0,1065101558,1194083328,2,4,10,10,150959,6809,8015,97,3034,18032
miss,166580,1,10792293,10793794,176,10792063,16,0,1065101558,1194083328,2,1,0,0,16368,3826,2357,2923,0,0
miss,166580,2,10792475,10793908,182,10792831,16,0,1065101558,1194083328,2,4,10,10,26762,3641,1611,71,276,16050
miss,166723,0,10801453,10802798,379,10801279,16,0,1065101558,1194083328,2,4,10,10,285935,14536,57863,9312,3044,38456
miss,166723,1,10801453,10803086,379,10801279,16,0,1065101558,1194083328,2,1,0,0,27770,3509,2708,2914,0,0
miss,166723,2,10801453,10803374,379,10801279,16,0,1065101558,1194083328,2,1,0,0,9496,3243,2655,209,0,0
miss,166799,0,10806223,10807688,179,10806655,16,0,1065101558,1194083328,2,4,10,10,207563,16721,37558,9343,3044,17898
miss,166799,1,10806223,10807805,179,10806655,16,0,1065101558,1194083328,2,1,0,0,31379,2998,2249,5612,0,0
miss,166799,2,10806223,10807921,179,10806655,16,0,1065101558,1194083328,2,1,0,0,8890,2988,2182,206,0,0
miss,167069,0,10823555,10824935,231,10823551,16,0,1065101558,1194083328,2,4,10,10,199865,9431,27947,9332,3047,19552
miss,167069,1,10823555,10825079,231,10823551,16,0,1065101558,1194083328,2,1,0,0,28403,3795,3039,5614,0,0
miss,167069,2,10823555,10825222,231,10823551,16,0,1065101558,1194083328,2,1,0,0,10395,3617,2913,202,0,0
miss,167630,0,10859511,10860876,196,10860031,16,0,1065101558,1194083328,2,4,10,10,251772,19086,37300,6625,5723,26184
miss,167630,1,10859511,10861018,196,10860031,16,0,1065101558,1194083328,2,1,0,0,27895,2724,1345,5647,0,0
miss,167630,2,10859715,10861159,204,10860031,16,0,1065101558,1194083328,2,1,0,0,7625,2693,1304,204,0,0
miss,168167,0,10893845,10895166,201,10893823,16,0,1065101558,1194083328,2,4,10,10,248945,19483,35735,11839,3402,20666
miss,168167,1,10893845,10895300,201,10893823,16,0,1065101558,1194083328,2,1,0,0,30309,3150,2754,5606,0,0
miss,168167,2,10894046,10895434,201,10894207,16,0,1065101558,1194083328,2,4,10,10,29948,2931,2020,68,283,16276
miss,168317,0,10903455,10904789,211,10903807,16,0,1065101558,1194083328,2,4,10,10,228459,14173,32241,9303,4130,20426
miss,168317,1,10903455,10904923,211,10903807,16,0,1065101558,1194083328,2,1,0,0,24789,3149,2260,8163,0,0
miss,168317,2,10903455,10905057,211,10903807,16,0,1065101558,1194083328,2,1,0,0,9467,3171,2214,215,0,0
miss,168733,0,10930106,10931454,229,10930687,16,0,1065101558,1194083328,2,4,10,10,236879,22860,31173,9337,3018,23490
miss,168733,1,10930106,10931612,229,10930687,16,0,1065101558,1194083328,2,1,0,0,24136,3970,1454,2920,0,0
miss,168733,2,10930342,10931771,236,10930687,16,0,1065101558,1194083328,2,1,0,0,8681,3693,1410,213,0,0
miss,170918,0,11069985,11071339,181,11070079,16,0,1065101558,1194083328,2,4,10,10,273405,21188,37888,9369,4198,29502
miss,170918,1,11069985,11071459,181,11070079,16,0,1065101558,1194083328,2,1,0,0,37825,2305,2086,5610,0,0
miss,170918,2,11069985,11071579,181,11070079,16,0,1065101558,1194083328,2,1,0,0,7525,1999,1962,194,0,0
miss,174047,0,11269890,11271447,413,11270143,16,0,1065101558,1194083328,2,4,10,10,273853,21215,43076,13574,3022,23212
miss,174047,1,11270309,11271723,419,11270143,16,0,1065101558,1194083328,2,1,0,0,27989,2349,2698,2942,0,0
miss,174047,2,11270309,11271999,419,11270143,16,0,1065101558,1194083328,2,1,0,0,8533,1999,2617,201,0,0
miss,174396,0,11292461,11293934,178,11293183,16,0,1065101558,1194083328,2,4,10,10,244873,21566,39188,8175,3037,23496
miss,174396,1,11292640,11294054,179,11293183,16,0,1065101558,1194083328,2,1,0,0,27427,2697,1333,5614,0,0
miss,174396,2,11292640,11294174,179,11293183,16,0,1065101558,1194083328,2,1,0,0,9998,2445,1254,190,0,0
miss,175453,0,11360149,11361497,185,11360767,16,0,1065101558,1194083328,2,4,10,10,268467,21699,36686,9337,2997,28251
miss,175453,1,11360149,11361619,185,11360767,16,0,1065101558,1194083328,2,1,0,0,36128,5402,1309,5626,0,0
miss,175453,2,11360334,11361741,185,11360767,16,0,1065101558,1194083328,2,1,0,0,7749,2525,1267,198,0,0
miss,175740,0,11378444,11379855,237,11379199,16,0,1065101558,1194083328,2,4,10,10,249585,16643,39040,9332,4143,23202
miss,175740,1,11378681,11380013,237,11379199,16,0,1065101558,1194083328,2,1,0,0,29288,8821,1338,5620,0,0
miss,175740,2,11378681,11380172,237,11379199,16,0,1065101558,1194083328,2,1,0,0,8313,3194,1253,209,0,0
miss,176435,0,11423003,11424347,158,11422975,16,0,1065101558,1194083328,2,4,10,10,221871,17499,32881,9332,4159,23322
miss,176435,1,11423003,11424453,158,11422975,16,0,1065101558,1194083328,2,1,0,0,25627,3947,2939,5621,0,0
miss,176435,2,11423160,11424558,158,11422975,16,0,1065101558,1194083328,2,1,0,0,13219,3660,2834,202,0,0
miss,176435,3,11423319,11424663,159,11423359,16,0,1065101558,1194083328,2,4,10,10,27606,3651,2193,66,294,16226
miss,177677,0,11502307,11503819,268,11502847,16,0,1065101558,1194083328,2,4,10,10,268999,18451,40416,12078,3017,23344
miss,177677,1,11502580,11504002,273,11502847,16,0,1065101558,1194083328,2,1,0,0,26180,2269,2061,2932,0,0
miss,177677,2,11502580,11504184,273,11502847,16,0,1065101558,1194083328,2,1,0,0,7818,2009,1968,198,0,0
miss,178295,0,11542058,11543398,174,11541631,16,0,1065101558,1194083328,2,4,10,10,190059,14593,24100,9326,3023,20476
miss,178295,1,11542058,11543512,174,11541631,16,0,1065101558,1194083328,2,1,0,0,19418,3851,2319,2914,0,0
miss,178295,2,11542232,11543626,174,11542783,16,0,1065101558,1194083328,2,4,10,10,27261,3677,1567,70,272,16158
miss,178439,0,11550833,11552618,549,11550847,16,0,1065101558,1194083328,2,4,10,10,262615,16991,38555,9311,3400,26204
miss,178439,1,11550833,11552925,549,11550847,16,0,1065101558,1194083328,2,1,0,0,32457,3521,3300,5624,0,0
miss,178513,0,11555980,11557332,177,11556607,16,0,1065101558,1194083328,2,4,10,10,231047,19370,31310,9301,3002,20868
miss,178513,1,11555980,11557449,177,11556607,16,0,1065101558,1194083328,2,1,0,0,26666,3213,1558,5620,0,0
miss,178513,2,11556157,11557567,177,11556607,16,0,1065101558,1194083328,2,1,0,0,13516,7967,1519,199,0,0
miss,179340,0,11608844,11610255,212,11609599,16,0,1065101558,1194083328,2,4,10,10,249038,13403,37027,12081,3007,23276
miss,179340,1,11609062,11610396,214,11609599,16,0,1065101558,1194083328,2,1,0,0,31180,8186,1368,2926,0,0
miss,179340,2,11609062,11610537,214,11609599,16,0,1065101558,1194083328,2,1,0,0,8261,2861,1299,225,0,0
miss,179863,0,11642379,11643749,186,11643007,16,0,1065101558,1194083328,2,4,10,10,230375,14177,39273,8166,2995,23136
miss,179863,1,11642379,11643882,186,11643007,16,0,1065101558,1194083328,2,1,0,0,31551,3234,1327,5644,0,0
miss,179863,2,11642576,11644016,197,11643007,16,0,1065101558,1194083328,2,1,0,0,8446,3163,1300,222,0,0
miss,180030,0,11653004,11654415,201,11653759,16,0,1065101558,1194083328,2,4,10,10,210305,16217,34175,9303,3021,21064
miss,180030,1,11653004,11654549,201,11653759,16,0,1065101558,1194083328,2,1,0,0,23773,3311,1548,5605,0,0
miss,180030,2,11653004,11654683,201,11653759,16,0,1065101558,1194083328,2,1,0,0,8519,3059,1477,194,0,0
miss,180444,0,11679644,11680971,231,11680255,16,0,1065101558,1194083328,2,4,10,10,244709,20216,37728,9337,3031,20574
miss,180444,1,11679644,11681128,231,11680255,16,0,1065101558,1194083328,2,1,0,0,23796,3898,1480,5616,0,0
miss,180444,2,11679865,11681284,221,11680255,16,0,1065101558,1194083328,2,1,0,0,8645,3698,1414,191,0,0
miss,182633,0,11819745,11821098,181,11819647,16,0,1065101558,1194083328,2,4,10,10,270029,21176,37906,9353,3028,25726
miss,182633,1,11819745,11821218,181,11819647,16,0,1065101558,1194083328,2,1,0,0,28480,2290,2752,5612,0,0
miss,182633,2,11819926,11821339,181,11820031,16,0,1065101558,1194083328,2,4,10,10,25571,2060,2017,68,285,16006
miss,185761,0,12019651,12021207,412,12020095,16,0,1065101558,1194083328,2,4,10,10,296565,18531,40025,15005,3439,29670
miss,185761,1,12020067,12021483,416,12020095,16,0,1065101558,1194083328,2,1,0,0,26577,2312,2036,2929,0,0
miss,185761,2,12020067,12021759,416,12020095,16,0,1065101558,1194083328,2,1,0,0,7493,2000,1958,193,0,0
miss,186107,0,12041981,12043454,177,12042367,16,0,1065101558,1194083328,2,4,10,10,258999,18898,40069,6632,4154,25880
miss,186107,1,12042158,12043574,177,12042367,16,0,1065101558,1194083328,2,1,0,0,28090,2728,2004,5625,0,0
miss,186107,2,12042158,12043693,177,12042367,16,0,1065101558,1194083328,2,1,0,0,7949,2418,1950,198,0,0
miss,187169,0,12109909,12111379,185,12110335,16,0,1065101558,1194083328,2,4,10,10,243615,18992,40223,9348,3037,20636
miss,187169,1,12109909,12111501,185,12110335,16,0,1065101558,1194083328,2,1,0,0,31193,2724,2022,5610,0,0
miss,187169,2,12109909,12111623,185,12110335,16,0,1065101558,1194083328,2,1,0,0,8334,2722,1957,212,0,0
miss,187458,0,12128440,12129773,236,12128767,16,0,1065101558,1194083328,2,4,10,10,262921,22250,39985,12030,3009,26199
miss,187458,1,12128440,12129932,236,12128767,16,0,1065101558,1194083328,2,1,0,0,24613,3278,2004,2938,0,0
miss,187458,2,12128676,12130090,236,12128767,16,0,1065101558,1194083328,2,1,0,0,11873,3079,1960,202,0,0
miss,188149,0,12172762,12174122,159,12172927,16,0,1065101558,1194083328,2,4,10,10,215317,20266,32139,6611,3051,20486
miss,188149,1,12172762,12174228,159,12172927,16,0,1065101558,1194083328,2,1,0,0,24338,3872,2285,5642,0,0
miss,188149,2,12172921,12174333,158,12172927,16,0,1065101558,1194083328,2,1,0,0,12342,3809,2202,203,0,0
miss,188858,0,12218136,12219486,170,12218623,16,0,1065101558,1194083328,2,4,10,10,246831,18471,39215,9348,4087,23074
miss,188858,1,12218136,12219596,170,12218623,16,0,1065101558,1194083328,2,1,0,0,27149,2296,1322,5613,0,0
miss,188858,2,12218304,12219707,168,12218623,16,0,1065101558,1194083328,2,1,0,0,6920,2040,1271,211,0,0
miss,189133,0,12235574,12236988,293,12235519,16,0,1065101558,1194083328,2,4,10,10,219127,17541,37711,9364,3057,20768
miss,189133,1,12235863,12237164,289,12235519,16,0,1065101558,1194083328,2,1,0,0,34308,9619,2333,5618,0,0
miss,189133,2,12235863,12237339,289,12235519,16,0,1065101558,1194083328,2,1,0,0,12873,3719,2276,195,0,0
miss,189677,0,12270475,12271830,201,12270847,16,0,1065101558,1194083328,2,4,10,10,247633,16806,42922,9309,3010,23208
miss,189677,1,12270475,12271964,201,12270847,16,0,1065101558,1194083328,2,1,0,0,29637,3350,2014,5605,0,0
miss,189677,2,12270685,12272099,210,12270847,16,0,1065101558,1194083328,2,1,0,0,8912,3013,1941,202,0,0
miss,189965,0,12288943,12290301,179,12289663,16,0,1065101558,1194083328,2,4,10,10,251705,19916,39295,9301,2999,25552
miss,189965,1,12288943,12290428,179,12289663,16,0,1065101558,1194083328,2,1,0,0,29021,3741,1482,5622,0,0
miss,189965,2,12289122,12290554,179,12289663,16,0,1065101558,1194083328,2,1,0,0,11137,3460,1409,194,0,0
miss,190483,0,12321931,12323411,275,12322303,16,0,1065101558,1194083328,2,4,10,10,255681,22182,37651,9307,3047,25024
miss,190483,1,12322194,12323589,263,12322303,16,0,1065101558,1194083328,2,1,0,0,33583,3245,2025,5614,0,0
miss,190483,2,12322194,12323767,263,12322303,16,0,1065101558,1194083328,2,1,0,0,11455,2991,1962,204,0,0
miss,190902,0,12348973,12350330,210,12348799,16,0,1065101558,1194083328,2,4,10,10,241785,13594,40707,12078,3028,23660
miss,190902,1,12348973,12350469,210,12348799,16,0,1065101558,1194083328,2,1,0,0,26212,2782,2705,2932,0,0
miss,190902,2,12349183,12350608,210,12349183,16,0,1065101558,1194083328,2,4,10,10,26066,2500,2009,70,282,16062
miss,191604,0,12393855,12395175,191,12394495,16,0,1065101558,1194083328,2,4,10,10,243441,16495,36534,6611,2997,23236
miss,191604,1,12393855,12395296,191,12394495,16,0,1065101558,1194083328,2,1,0,0,28479,3021,1316,5604,0,0
miss,191604,2,12394026,12395416,171,12394495,16,0,1065101558,1194083328,2,1,0,0,7755,2723,1260,202,0,0
miss,192779,0,12468993,12470325,231,12469375,16,0,1065101558,1194083328,2,4,10,10,260289,18450,37499,9342,3379,23235
miss,192779,1,12468993,12470475,231,12469375,16,0,1065101558,1194083328,2,1,0,0,26322,2302,2036,2936,0,0
miss,192779,2,12469225,12470625,232,12469375,16,0,1065101558,1194083328,2,1,0,0,8214,2052,1957,199,0,0
miss,194214,0,12560707,12562219,268,12561151,16,0,1065101558,1194083328,2,4,10,10,266431,24201,37770,9337,3012,25818
miss,194214,1,12560980,12562402,273,12561151,16,0,1065101558,1194083328,2,1,0,0,33952,2251,7266,5621,0,0
miss,194214,2,12560980,12562584,273,12561151,16,0,1065101558,1194083328,2,1,0,0,10268,1984,1952,206,0,0
miss,194833,0,12600458,12601912,174,12600319,16,0,1065101558,1194083328,2,4,10,10,164969,12041,16347,9309,3029,19622
miss,194833,1,12600632,12602026,174,12600319,16,0,1065101558,1194083328,2,1,0,0,18894,3875,2346,2928,0,0
miss,194833,2,12600632,12602139,174,12600319,16,0,1065101558,1194083328,2,1,0,0,11939,6052,2264,199,0,0
miss,194976,0,12609784,12611047,551,12609919,16,0,1065101558,1194083328,2,4,10,10,253085,17039,42571,3930,4130,23484
miss,194976,1,12609784,12611364,551,12609919,16,0,1065101558,1194083328,2,1,0,0,30701,3562,2089,5612,0,0
miss,195050,0,12614380,12615732,177,12614911,16,0,1065101558,1194083328,2,4,10,10,227793,13952,37451,9301,3044,17914
miss,195050,1,12614380,12615849,177,12614911,16,0,1065101558,1194083328,2,1,0,0,28477,3009,1556,5638,0,0
miss,195050,2,12614557,12615967,177,12614911,16,0,1065101558,1194083328,2,1,0,0,8126,2900,1485,199,0,0
miss,195879,0,12667462,12668796,214,12667903,16,0,1065101558,1194083328,2,4,10,10,256547,21817,39144,6619,3052,25928
miss,195879,1,12667462,12668937,214,12667903,16,0,1065101558,1194083328,2,1,0,0,28209,2900,1310,5632,0,0
miss,195879,2,12667672,12669079,210,12667903,16,0,1065101558,1194083328,2,1,0,0,7483,2665,1262,210,0,0
miss,196399,0,12700604,12702015,200,12701311,16,0,1065101558,1194083328,2,4,10,10,240739,16631,39083,9320,3001,20478
miss,196399,1,12700779,12702149,186,12701311,16,0,1065101558,1194083328,2,1,0,0,34295,8638,1338,5620,0,0
miss,196399,2,12700779,12702282,186,12701311,16,0,1065101558,1194083328,2,1,0,0,8386,3083,1265,201,0,0
miss,196568,0,12711618,12712950,207,12712063,16,0,1065101558,1194083328,2,4,10,10,219007,11669,39487,6658,3026,20448
miss,196568,1,12711618,12713084,207,12712063,16,0,1065101558,1194083328,2,1,0,0,25724,3333,1561,5617,0,0
miss,196568,2,12711817,12713219,199,12712063,16,0,1065101558,1194083328,2,1,0,0,8457,3266,1502,216,0,0
miss,196980,0,12737804,12739215,234,12738559,16,0,1065101558,1194083328,2,4,10,10,239259,9064,39550,9343,3029,23288
miss,196980,1,12738044,12739371,231,12738559,16,0,1065101558,1194083328,2,1,0,0,38128,9209,1472,8159,0,0
miss,196980,2,12738044,12739528,231,12738559,16,0,1065101558,1194083328,2,1,0,0,9356,3878,1474,220,0,0
miss,199170,0,12877964,12879378,571,12877951,16,0,1065101558,1194083328,2,4,10,10,261435,21290,38375,9342,3020,25956
miss,199170,1,12878145,12879498,181,12878335,16,0,1065101558,1194083328,2,4,10,10,27915,2310,2054,90,278,16292
miss,199170,2,12878145,12879618,181,12878335,16,0,1065101558,1194083328,2,1,0,0,27447,2309,2066,5625,0,0
miss,202299,0,13078051,13079607,412,13078399,16,0,1065101558,1194083328,2,4,10,10,278367,21190,39883,12096,3036,26280
miss,202299,1,13078467,13079883,416,13078399,16,0,1065101558,1194083328,2,1,0,0,26841,2264,2043,2936,0,0
miss,202299,2,13078467,13080159,416,13078399,16,0,1065101558,1194083328,2,1,0,0,7577,1972,1981,201,0,0
miss,202644,0,13100381,13101735,177,13101055,16,0,1065101558,1194083328,2,4,10,10,245399,16393,36366,9309,2993,23282
miss,202644,1,13100381,13101854,177,13101055,16,0,1065101558,1194083328,2,1,0,0,28025,2705,1324,5612,0,0
miss,202644,2,13100558,13101974,177,13101055,16,0,1065101558,1194083328,2,1,0,0,7535,2494,1251,199,0,0
miss,203706,0,13168309,13169779,185,13169023,16,0,1065101558,1194083328,2,4,10,10,265109,21691,39081,9332,3022,25908
miss,203706,1,13168494,13169901,185,13169023,16,0,1065101558,1194083328,2,1,0,0,27745,2956,1314,5618,0,0
miss,203706,2,13168494,13170024,185,13169023,16,0,1065101558,1194083328,2,1,0,0,10163,2564,1269,195,0,0
miss,203994,0,13186840,13188173,236,13187455,16,0,1065101558,1194083328,2,4,10,10,255047,22210,36680,10902,3017,23374
miss,203994,1,13186840,13188332,236,13187455,16,0,1065101558,1194083328,2,1,0,0,28429,3282,1336,5613,0,0
miss,203994,2,13187076,13188490,236,13187455,16,0,1065101558,1194083328,2,1,0,0,10565,3039,1256,201,0,0
miss,204689,0,13231162,13232628,159,13231231,16,0,1065101558,1194083328,2,4,10,10,235181,17518,30197,8210,3015,18060
miss,204689,1,13231321,13232733,158,13231231,16,0,1065101558,1194083328,2,1,0,0,25424,3980,2945,5633,0,0
miss,204689,2,13231478,13232838,157,13231615,16,0,1065101558,1194083328,2,4,10,10,27773,3688,2216,66,295,16186
miss,205397,0,13276536,13277996,170,13276927,16,0,1065101558,1194083328,2,4,10,10,263953,15761,42593,8210,3025,25812
miss,205397,1,13276704,13278107,168,13276927,16,0,1065101558,1194083328,2,1,0,0,27687,2280,2036,5627,0,0
miss,205397,2,13276704,13278217,168,13276927,16,0,1065101558,1194083328,2,1,0,0,7574,2049,1958,204,0,0
miss,205669,0,13293678,13295420,308,13293823,16,0,1065101558,1194083328,2,4,10,10,244813,20140,35545,9748,3062,26222
miss,205669,1,13293678,13295601,308,13293823,16,0,1065101558,1194083328,2,1,0,0,30084,3828,2346,5620,0,0
miss,206214,0,13328875,13330230,201,13329535,16,0,1065101558,1194083328,2,4,10,10,244219,19686,34476,9342,2990,22310
miss,206214,1,13328875,13330364,201,13329535,16,0,1065101558,1194083328,2,1,0,0,25949,3275,1344,2934,0,0
miss,206214,2,13329085,13330499,210,13329535,16,0,1065101558,1194083328,2,1,0,0,8010,3029,1259,191,0,0
miss,206503,0,13347343,13348701,179,13347967,16,0,1065101558,1194083328,2,4,10,10,255885,14646,39773,8210,4507,31312
miss,206503,1,13347343,13348828,179,13347967,16,0,1065101558,1194083328,2,1,0,0,26596,3723,1532,5612,0,0
miss,206503,2,13347522,13348954,179,13347967,16,0,1065101558,1194083328,2,1,0,0,11335,3436,1434,190,0,0
